project_id,state,district,project_type,land_area_hectares,affected_families,days_since_notification,compensation_disbursed_pct,legal_disputes_count,legal_dispute_stage,rr_progress_pct,approvals_pending,dept_response_days_avg,possession_status,documentation_completeness_pct,historical_delay_rate_region,delayed
1a73ee96,West Bengal,Siliguri,Urban Development,20.98,27,907,39.8,0,None,33.6,0,25.4,Not Started,77.9,28.6,1
2be7b467,Odisha,Rourkela,Railway,10.97,28,173,86.5,0,None,30.4,2,8.0,Full,81.8,46.1,1
d645d2cc,Gujarat,Ahmedabad,Industrial Corridor,2.69,120,465,45.6,0,None,50.8,4,65.6,Partial,57.4,18.1,1
a7bae5d7,Odisha,Rourkela,Railway,13.29,39,492,69.5,1,Filed,38.1,4,62.1,Partial,62.4,37.6,1
db83d371,Bihar,Gaya,Industrial Corridor,17.21,26,351,60.9,0,None,57.8,3,34.9,Partial,52.0,40.1,1
4de4dc78,Uttar Pradesh,Agra,Industrial Corridor,11.64,69,1230,40.2,1,Filed,51.3,5,29.2,Not Started,42.4,13.3,1
b1a9e33a,Bihar,Bhagalpur,Irrigation,9.16,176,1335,47.2,2,Filed,29.7,3,18.3,Partial,70.0,15.2,1
f55a07c5,Madhya Pradesh,Indore,Highway,9.35,1088,317,21.8,0,None,30.7,5,17.3,Partial,54.3,47.8,0
b2be0827,Uttar Pradesh,Lucknow,Highway,3.88,19,461,70.5,0,None,41.2,4,54.1,Not Started,26.5,69.7,0
3f4e9a9e,Tamil Nadu,Madurai,Industrial Corridor,32.02,31,429,45.2,0,None,24.7,1,7.3,Partial,88.8,5.1,0
49021990,Odisha,Bhubaneswar,Urban Development,8.64,73,995,93.9,0,None,55.3,1,15.0,Full,19.6,27.8,1
f40eaaba,Uttar Pradesh,Agra,Urban Development,9.95,58,891,45.5,0,None,56.8,2,30.8,Partial,32.3,25.7,0
3df0b1f6,Madhya Pradesh,Bhopal,Highway,16.57,4,865,84.2,1,Under Hearing,35.3,3,45.6,Not Started,76.3,28.8,1
1f78f86c,Madhya Pradesh,Gwalior,Industrial Corridor,40.65,14,1135,54.7,0,None,63.5,1,61.6,Full,41.9,27.9,1
04d3bd95,Rajasthan,Kota,Power Transmission,10.34,422,585,22.5,0,None,93.1,4,11.9,Partial,12.9,34.3,1
b43c33c7,Odisha,Cuttack,Highway,16.2,25,1493,17.3,1,Under Hearing,50.9,2,16.6,Partial,29.5,27.6,1
06036562,Bihar,Patna,Power Transmission,3.25,409,1401,60.6,0,None,69.4,1,57.4,Full,72.9,57.7,0
36e5d6aa,Bihar,Patna,Urban Development,17.0,41,1142,64.9,0,None,11.4,7,30.2,Partial,43.6,28.2,0
977f44b8,Uttar Pradesh,Meerut,Industrial Corridor,50.38,83,754,82.5,0,None,77.3,3,35.7,Not Started,78.8,27.0,0
61daf545,Odisha,Cuttack,Highway,86.86,43,782,72.8,0,None,48.6,3,33.6,Full,78.7,23.2,1
c3b0abe8,Tamil Nadu,Coimbatore,Power Transmission,3.35,349,1190,68.2,1,Filed,14.4,3,7.2,Not Started,69.1,25.2,1
451585c4,Bihar,Muzaffarpur,Urban Development,18.0,49,1302,31.4,2,Filed,24.8,2,5.6,Not Started,97.7,47.0,1
1494541e,Uttar Pradesh,Lucknow,Irrigation,26.06,756,1197,35.7,2,Under Hearing,47.7,3,35.9,Full,8.1,47.3,1
47c3ca9a,Uttar Pradesh,Lucknow,Highway,3.63,9,811,3.9,1,Resolved,72.2,3,40.0,Full,79.7,21.4,0
07325c37,Rajasthan,Kota,Urban Development,149.26,142,1050,86.0,2,Under Hearing,17.9,1,8.9,Full,82.1,61.7,1
294538a4,Tamil Nadu,Madurai,Urban Development,6.51,31,303,30.5,1,Stay Order,68.2,4,28.3,Full,91.7,46.6,1
5923aece,Gujarat,Rajkot,Railway,6.06,17,1442,79.3,0,None,42.4,2,24.5,Partial,36.3,24.3,0
32e25b34,Tamil Nadu,Madurai,Industrial Corridor,16.28,41,1420,42.6,0,None,68.9,1,27.0,Partial,57.6,33.0,1
bc9ab510,Madhya Pradesh,Indore,Urban Development,15.69,8,157,26.4,2,Resolved,38.5,0,16.4,Partial,81.2,25.6,0
390d0aa9,West Bengal,Siliguri,Highway,118.92,2,1120,18.1,1,Resolved,46.5,2,23.7,Not Started,65.8,5.0,1
a87b3013,Gujarat,Ahmedabad,Highway,3.21,7,792,21.7,1,Under Hearing,16.5,5,11.5,Partial,91.8,26.4,1
74ecbaad,Odisha,Bhubaneswar,Highway,87.8,51,669,77.3,0,None,6.2,2,28.6,Full,48.3,15.0,0
210bf0f1,Gujarat,Ahmedabad,Urban Development,2.31,38,894,83.1,0,None,82.0,2,22.1,Partial,88.2,55.2,1
980c7030,Gujarat,Vadodara,Industrial Corridor,46.24,77,821,60.0,1,Under Hearing,61.5,0,24.5,Partial,47.6,26.7,0
4e4c93f5,Maharashtra,Thane,Highway,9.03,90,96,72.4,1,Under Hearing,36.5,2,47.6,Full,52.3,44.3,0
0887724b,Karnataka,Mysuru,Urban Development,50.43,29,1053,69.2,1,Under Hearing,40.3,4,4.1,Full,42.6,16.1,1
13bb7e18,Gujarat,Vadodara,Railway,5.1,183,1108,66.1,0,None,50.3,4,14.7,Not Started,52.2,58.5,0
68342564,Karnataka,Bengaluru,Irrigation,8.24,26,57,77.0,2,Stay Order,43.5,0,15.3,Partial,50.6,63.7,1
6b6c21b3,Maharashtra,Nagpur,Urban Development,25.31,60,1244,65.3,0,None,49.0,4,30.0,Full,79.6,40.3,1
e84f1caa,Odisha,Bhubaneswar,Urban Development,24.72,120,1271,43.6,2,Under Hearing,14.1,0,5.1,Partial,54.5,43.5,1
edddfdca,Odisha,Bhubaneswar,Industrial Corridor,7.42,18,385,55.2,1,Filed,37.0,0,25.7,Partial,50.6,37.9,1
f79dbdcd,Bihar,Muzaffarpur,Power Transmission,66.8,249,931,65.6,2,Stay Order,60.5,0,20.9,Partial,21.4,16.8,1
ef44a2a6,Madhya Pradesh,Gwalior,Irrigation,9.93,12,827,76.1,0,None,36.1,5,32.4,Partial,34.2,28.9,0
f66fe0b4,Bihar,Muzaffarpur,Railway,53.33,249,1107,75.9,0,None,28.4,3,18.6,Partial,16.8,18.2,1
b966b38e,Bihar,Gaya,Power Transmission,19.63,28,1014,39.6,0,None,90.1,5,19.3,Partial,59.4,28.2,0
22ebcb61,Maharashtra,Nashik,Irrigation,26.36,58,403,54.7,0,None,7.3,2,27.4,Full,36.1,47.1,1
d851cf62,Karnataka,Bengaluru,Industrial Corridor,14.85,41,1380,63.4,1,Filed,8.5,1,15.0,Full,42.3,30.1,1
2989a2c8,Tamil Nadu,Madurai,Highway,8.24,184,926,15.1,1,Filed,5.2,6,9.7,Partial,9.5,32.8,1
e826b59a,Madhya Pradesh,Gwalior,Irrigation,9.46,84,1392,46.8,0,None,72.7,3,22.5,Not Started,78.1,32.6,0
dc7271bd,Karnataka,Bengaluru,Railway,11.3,71,902,93.0,2,Filed,43.2,3,34.9,Not Started,82.7,33.8,1
fd122744,Gujarat,Ahmedabad,Power Transmission,7.05,65,238,91.4,0,None,72.0,4,4.5,Partial,79.0,16.2,0
1ddee257,Bihar,Gaya,Industrial Corridor,27.77,15,1014,36.0,0,None,54.6,2,69.9,Partial,47.4,30.4,1
1469babe,Tamil Nadu,Coimbatore,Railway,18.64,78,924,29.8,0,None,53.4,5,32.8,Partial,8.4,56.0,0
4826d897,Bihar,Bhagalpur,Industrial Corridor,90.19,29,63,58.6,1,Under Hearing,43.2,1,22.8,Partial,52.9,33.4,0
6cc422a5,Tamil Nadu,Salem,Urban Development,12.79,42,566,96.8,0,None,36.6,1,13.6,Partial,57.8,47.8,1
198d0ede,Tamil Nadu,Madurai,Railway,7.34,12,570,41.5,0,None,66.0,2,24.7,Not Started,36.8,20.1,1
74d75486,Rajasthan,Jodhpur,Industrial Corridor,25.34,13,1221,65.7,0,None,65.1,0,31.8,Full,35.4,32.5,0
ccc711e3,Bihar,Patna,Industrial Corridor,9.42,500,91,65.9,0,None,64.8,3,59.5,Not Started,58.9,52.8,1
a1fec9a1,Uttar Pradesh,Meerut,Power Transmission,9.86,47,1440,71.5,0,None,65.3,2,29.7,Partial,7.3,21.4,0
836e1ef0,Uttar Pradesh,Agra,Irrigation,20.34,14,1322,39.9,2,Filed,40.5,2,12.5,Not Started,84.5,34.8,0
40c5a75f,Bihar,Muzaffarpur,Power Transmission,74.54,108,1313,63.5,0,None,76.2,2,73.3,Not Started,84.4,40.9,1
cb9fb910,Odisha,Rourkela,Irrigation,23.3,48,768,48.8,0,None,26.1,4,17.8,Full,53.0,34.7,1
3b132ab1,Bihar,Gaya,Urban Development,21.18,31,794,43.9,0,None,45.2,2,45.3,Not Started,63.8,48.1,1
5cc06bbc,Bihar,Patna,Irrigation,64.97,32,1312,16.3,1,Filed,37.9,2,43.0,Not Started,61.6,53.4,1
b9b3eab5,Tamil Nadu,Madurai,Railway,17.59,32,259,65.0,0,None,39.0,2,27.2,Partial,60.0,42.3,1
882c1c58,Madhya Pradesh,Jabalpur,Highway,19.42,52,924,46.4,0,None,32.3,2,33.1,Partial,34.1,62.2,1
fd7c7a6a,West Bengal,Howrah,Industrial Corridor,90.92,55,1215,56.0,0,None,60.0,4,26.9,Not Started,48.6,34.1,1
44833126,Odisha,Rourkela,Railway,10.73,20,317,84.6,1,Resolved,87.6,2,59.5,Partial,83.0,46.7,0
89094788,Madhya Pradesh,Bhopal,Power Transmission,4.21,87,1326,36.2,1,Resolved,56.1,4,21.9,Partial,31.8,54.6,0
bab1dadc,Maharashtra,Nagpur,Irrigation,8.08,208,547,70.5,0,None,28.2,2,9.0,Partial,88.3,55.6,0
101d4cfb,Rajasthan,Jodhpur,Industrial Corridor,17.3,93,1189,19.3,1,Under Hearing,66.3,2,20.9,Partial,56.0,41.3,1
6fa43aea,Rajasthan,Jodhpur,Power Transmission,7.19,8,1242,51.1,0,None,33.7,4,43.8,Partial,88.2,40.3,1
191c7f92,Odisha,Bhubaneswar,Highway,32.3,94,1322,27.4,0,None,34.5,4,10.6,Partial,63.0,35.5,1
21a5c6a0,Odisha,Cuttack,Highway,13.56,61,1363,96.7,1,Under Hearing,9.1,0,104.4,Full,29.9,30.4,1
127906ab,Karnataka,Bengaluru,Highway,5.02,73,537,71.6,1,Filed,56.6,6,16.8,Not Started,65.8,37.2,1
3af8e9b8,Karnataka,Belagavi,Highway,5.93,95,1012,32.6,2,Resolved,12.0,0,13.2,Partial,46.6,75.2,0
f4b39366,Odisha,Cuttack,Industrial Corridor,34.74,37,623,74.1,0,None,76.3,2,20.1,Partial,32.1,33.9,0
b7c93b85,Bihar,Muzaffarpur,Irrigation,1.47,8,1025,53.0,1,Under Hearing,55.0,0,23.3,Not Started,27.8,29.4,1
16a04154,Odisha,Bhubaneswar,Urban Development,8.72,10,530,22.1,2,Filed,45.3,3,11.7,Partial,47.8,5.0,1
00a9effd,Madhya Pradesh,Gwalior,Urban Development,13.26,49,1075,54.8,0,None,28.8,1,11.2,Partial,93.6,35.4,0
b7fe9df2,Bihar,Gaya,Highway,3.83,203,1153,29.9,0,None,32.6,1,53.7,Not Started,74.6,49.2,1
2524c0ad,West Bengal,Durgapur,Highway,20.35,206,131,23.1,0,None,67.3,0,49.0,Partial,76.1,51.5,0
6c88e2d2,Tamil Nadu,Salem,Railway,10.37,25,464,62.6,0,None,30.8,5,25.2,Partial,42.7,50.1,0
512925aa,Tamil Nadu,Coimbatore,Industrial Corridor,21.32,84,428,61.8,0,None,49.6,1,25.3,Not Started,47.9,47.4,0
480f1ab8,Rajasthan,Kota,Railway,10.39,154,1367,64.6,0,None,88.0,2,26.8,Not Started,47.2,38.0,0
d3451405,Maharashtra,Nashik,Industrial Corridor,22.22,69,641,16.6,2,Filed,37.1,1,19.0,Partial,62.5,42.7,0
7928a79a,Maharashtra,Pune,Industrial Corridor,5.16,203,1361,85.2,0,None,20.9,2,21.5,Not Started,32.6,24.6,1
f6aa036d,Madhya Pradesh,Jabalpur,Urban Development,3.57,114,703,74.0,0,None,45.5,6,73.0,Not Started,45.3,29.4,1
6833769c,Karnataka,Belagavi,Industrial Corridor,37.44,96,1422,86.9,3,Filed,54.3,6,21.8,Full,73.4,15.3,1
fb698103,Tamil Nadu,Chennai,Industrial Corridor,14.66,9,672,60.1,0,None,32.2,2,37.8,Not Started,51.1,55.9,1
78c87e20,Gujarat,Rajkot,Urban Development,29.8,5,1212,83.8,0,None,64.8,3,87.2,Not Started,25.5,33.7,0
d7d46ac8,Uttar Pradesh,Kanpur,Railway,2.65,56,87,35.6,0,None,22.7,6,6.1,Not Started,78.9,34.8,0
78bac927,Karnataka,Hubballi,Urban Development,14.86,146,548,99.6,0,None,51.5,1,2.0,Full,30.2,26.3,0
de87079e,Tamil Nadu,Madurai,Industrial Corridor,23.72,90,651,63.2,0,None,63.9,4,78.7,Full,65.8,40.7,1
6f5e6352,Madhya Pradesh,Bhopal,Power Transmission,26.92,119,282,88.9,0,None,50.1,0,48.0,Not Started,52.5,20.9,0
1616b6ca,Uttar Pradesh,Varanasi,Railway,19.19,30,1109,51.9,2,Filed,51.8,0,79.4,Not Started,38.5,35.6,0
10cc2a21,Bihar,Patna,Urban Development,4.43,43,1404,46.3,0,None,48.8,5,20.6,Not Started,46.5,53.6,0
7adbbb9d,West Bengal,Durgapur,Power Transmission,23.84,113,913,61.1,2,Filed,15.4,4,12.3,Not Started,88.2,41.5,1
94141161,Tamil Nadu,Madurai,Irrigation,26.34,202,926,60.0,1,Filed,11.4,4,32.2,Partial,66.1,43.6,0
059c7836,Uttar Pradesh,Kanpur,Railway,5.29,198,1338,54.7,1,Under Hearing,49.9,1,10.5,Partial,10.5,6.8,1
81f378f2,Karnataka,Mysuru,Irrigation,1.1,259,1114,70.3,1,Filed,29.0,2,41.7,Partial,55.0,64.9,1
26dad823,West Bengal,Kolkata,Irrigation,26.93,53,184,24.1,0,None,74.6,1,10.1,Partial,10.0,18.2,1
aef6ab9b,Madhya Pradesh,Jabalpur,Power Transmission,33.3,60,1413,70.5,0,None,39.9,3,10.3,Not Started,31.7,43.0,0
87550825,Bihar,Bhagalpur,Railway,18.63,787,390,87.8,2,Under Hearing,14.9,2,33.3,Partial,67.4,19.8,1
89b6cea4,West Bengal,Kolkata,Urban Development,25.77,184,1166,65.9,1,Stay Order,42.8,3,30.5,Full,98.0,7.9,1
153e0e91,Tamil Nadu,Salem,Highway,6.21,113,832,49.4,0,None,55.5,3,22.6,Partial,58.2,29.1,1
c450a7e9,Gujarat,Ahmedabad,Urban Development,6.83,237,1144,22.6,1,Under Hearing,19.8,5,6.0,Partial,47.3,16.2,1
0f9e5412,Maharashtra,Aurangabad,Irrigation,20.3,169,1200,87.4,1,Filed,73.7,5,30.4,Partial,91.5,26.9,0
be732915,Karnataka,Hubballi,Urban Development,9.01,439,168,31.1,4,Filed,88.9,4,39.5,Partial,65.9,38.6,0
2ab256f3,Madhya Pradesh,Bhopal,Urban Development,62.42,376,1486,24.9,0,None,55.6,4,39.2,Not Started,87.8,48.3,1
4433ef0e,Odisha,Cuttack,Railway,12.23,320,1221,86.4,0,None,95.8,7,2.6,Not Started,67.3,59.4,0
09b4f00d,West Bengal,Siliguri,Urban Development,40.97,31,1330,58.0,1,Resolved,31.9,3,64.3,Not Started,46.7,38.9,0
a7622c8b,Odisha,Rourkela,Irrigation,0.96,14,371,51.9,0,None,24.9,2,32.0,Partial,60.0,55.3,1
2799ccae,West Bengal,Kolkata,Highway,1.85,35,1238,67.5,1,Stay Order,26.3,3,74.6,Partial,32.5,33.9,1
062e4fb4,Karnataka,Bengaluru,Urban Development,1.71,443,749,73.3,1,Under Hearing,28.4,5,13.6,Full,46.7,24.2,1
dc16e257,Odisha,Rourkela,Power Transmission,145.39,661,895,43.5,1,Filed,15.9,6,42.3,Full,79.8,50.0,0
aa160325,Madhya Pradesh,Jabalpur,Highway,77.68,773,1368,72.9,1,Resolved,46.7,0,17.7,Not Started,49.0,12.2,1
1fd02a8c,Uttar Pradesh,Lucknow,Railway,24.18,417,1395,46.8,1,Filed,43.2,4,32.0,Partial,55.5,43.0,1
ef7117fa,Uttar Pradesh,Kanpur,Railway,3.39,55,1477,86.4,0,None,59.0,2,7.7,Full,82.2,15.3,0
bfa5e58e,Bihar,Bhagalpur,Highway,4.72,373,621,39.7,0,None,56.5,2,23.8,Partial,39.1,7.2,0
4f0c443f,Rajasthan,Udaipur,Railway,24.91,439,633,44.8,0,None,28.9,5,12.1,Full,58.4,40.9,1
cf440358,Karnataka,Hubballi,Railway,8.06,435,362,17.8,2,Under Hearing,73.3,1,57.3,Partial,57.9,34.0,1
9aa245f0,Tamil Nadu,Coimbatore,Highway,10.11,411,1407,16.5,0,None,27.0,2,37.2,Partial,39.3,46.1,0
a5912036,Maharashtra,Pune,Irrigation,4.18,7,1023,41.1,0,None,25.7,3,32.5,Full,54.6,31.2,1
b57e6ab2,Maharashtra,Nashik,Power Transmission,17.3,70,824,76.1,1,Under Hearing,87.5,1,67.0,Partial,83.7,24.6,0
fd61009b,Uttar Pradesh,Kanpur,Highway,8.7,18,126,45.8,1,Under Hearing,1.5,2,45.8,Partial,60.4,34.4,1
41664eab,Maharashtra,Aurangabad,Highway,6.73,48,87,7.1,0,None,20.0,3,10.0,Partial,45.5,49.0,1
10df60b2,Madhya Pradesh,Jabalpur,Urban Development,23.45,63,452,26.6,2,Stay Order,30.3,4,14.6,Not Started,84.7,39.7,1
82c35ee9,Rajasthan,Kota,Industrial Corridor,28.86,79,1192,81.2,1,Filed,53.6,1,25.9,Full,27.4,59.1,0
bad9008b,West Bengal,Kolkata,Irrigation,99.86,26,176,85.6,1,Stay Order,41.2,0,59.9,Not Started,39.5,19.9,1
4ba388cb,Tamil Nadu,Coimbatore,Urban Development,3.8,106,209,36.5,1,Filed,53.0,5,17.7,Partial,97.3,53.9,1
93374d01,Tamil Nadu,Salem,Urban Development,16.63,70,1055,11.3,1,Filed,53.2,1,8.8,Partial,90.3,45.0,1
99d5539b,Uttar Pradesh,Agra,Irrigation,3.33,23,48,70.8,0,None,64.1,2,14.7,Full,57.5,30.7,0
2722f385,Uttar Pradesh,Kanpur,Urban Development,15.98,174,1051,85.9,1,Resolved,51.2,3,30.8,Partial,61.2,12.5,0
6619cba1,Gujarat,Vadodara,Irrigation,11.65,54,1043,29.0,1,Stay Order,21.4,4,94.7,Not Started,87.8,46.5,1
833247bd,Tamil Nadu,Chennai,Urban Development,15.15,18,1454,47.8,0,None,12.8,4,16.1,Full,62.9,37.7,1
4b3882e7,Rajasthan,Jaipur,Highway,74.23,92,85,60.5,0,None,63.9,3,16.3,Full,52.2,50.9,0
de2f8af2,Odisha,Cuttack,Power Transmission,34.05,26,1376,49.4,0,None,90.5,2,36.7,Full,10.5,54.2,1
afc0f217,Gujarat,Ahmedabad,Industrial Corridor,3.14,78,549,52.9,1,Under Hearing,21.4,2,46.5,Partial,86.8,37.1,1
2a4fa824,Bihar,Gaya,Industrial Corridor,21.22,11,596,38.6,0,None,54.9,1,38.7,Partial,27.0,42.9,0
80ba2a8b,Gujarat,Surat,Power Transmission,11.26,24,1484,16.8,0,None,16.8,1,77.3,Not Started,91.1,58.0,1
60405c7f,Maharashtra,Nagpur,Railway,2.99,1001,1385,60.2,1,Resolved,27.4,3,15.7,Full,59.0,59.0,0
21986612,West Bengal,Siliguri,Power Transmission,4.18,65,1160,85.2,0,None,58.4,3,11.1,Not Started,57.5,19.1,0
5b68cf66,Tamil Nadu,Madurai,Highway,7.06,291,317,32.6,1,Stay Order,54.0,1,14.0,Partial,20.7,30.3,1
9895de51,Maharashtra,Pune,Railway,28.52,199,929,79.4,0,None,42.2,1,2.7,Not Started,74.7,48.7,1
c2fae809,Rajasthan,Udaipur,Highway,4.0,17,421,95.1,3,Stay Order,43.6,0,18.1,Full,71.4,14.6,1
2a6e016e,Gujarat,Vadodara,Urban Development,19.7,125,1449,65.2,1,Under Hearing,11.9,2,10.8,Full,92.7,31.5,1
b6faa36e,Karnataka,Hubballi,Railway,32.79,28,1316,75.9,0,None,49.5,3,49.5,Not Started,49.8,25.8,1
a1526275,Uttar Pradesh,Agra,Power Transmission,7.95,100,278,53.3,0,None,70.2,5,57.2,Not Started,57.5,42.1,1
941d5caf,Maharashtra,Nagpur,Power Transmission,30.25,36,372,46.7,4,Filed,81.8,1,21.0,Partial,50.2,20.2,1
184af141,Gujarat,Vadodara,Railway,29.32,68,1127,73.7,0,None,40.3,2,23.7,Full,50.6,43.9,0
53bdfdee,Uttar Pradesh,Meerut,Railway,10.95,33,1209,88.4,2,Stay Order,51.4,5,10.5,Partial,78.9,54.6,1
9fe804a2,Bihar,Gaya,Highway,5.7,26,583,21.3,0,None,64.1,1,19.2,Not Started,60.7,21.6,0
becc00ec,Madhya Pradesh,Bhopal,Industrial Corridor,5.51,2,342,49.5,1,Resolved,90.2,4,20.6,Not Started,65.5,20.8,1
6dcf7683,Madhya Pradesh,Bhopal,Railway,19.12,35,1472,74.0,0,None,60.7,0,45.7,Partial,56.9,14.0,0
b1ed0be1,Gujarat,Vadodara,Railway,25.07,61,892,75.1,0,None,7.8,2,53.3,Partial,25.6,38.6,1
0a62beb9,Karnataka,Bengaluru,Industrial Corridor,35.95,77,1330,93.7,1,Under Hearing,42.4,2,22.5,Partial,64.1,46.2,0
ebb5b34e,Uttar Pradesh,Meerut,Highway,10.36,7,1095,34.5,1,Stay Order,47.0,3,3.8,Partial,57.2,28.0,1
98a0ec5c,Uttar Pradesh,Meerut,Railway,77.91,69,400,37.5,0,None,54.6,6,15.5,Not Started,82.0,37.9,1
9a47097d,Madhya Pradesh,Gwalior,Urban Development,11.16,98,297,53.5,1,Filed,21.2,6,3.4,Full,17.5,29.5,1
9d8db29f,Tamil Nadu,Chennai,Industrial Corridor,4.49,69,208,29.1,0,None,66.5,4,55.0,Full,38.3,35.3,1
4c0ae8dc,Gujarat,Vadodara,Power Transmission,14.05,56,1118,18.5,0,None,61.9,2,39.4,Not Started,59.9,33.8,0
49f292ad,Maharashtra,Thane,Power Transmission,3.38,232,937,42.5,1,Under Hearing,83.9,1,13.1,Partial,30.5,27.0,1
a7334f60,Maharashtra,Nashik,Industrial Corridor,2.66,48,916,53.9,0,None,59.0,3,64.1,Not Started,81.4,37.8,1
07d27ca6,Gujarat,Ahmedabad,Urban Development,12.03,62,401,76.1,0,None,21.5,1,27.8,Not Started,75.6,25.6,0
9a662d19,Odisha,Rourkela,Power Transmission,14.9,21,386,23.9,0,None,25.0,3,33.4,Not Started,57.0,22.9,0
f3da9e4a,Uttar Pradesh,Varanasi,Irrigation,15.23,174,1020,60.9,1,Under Hearing,84.8,4,16.3,Partial,43.6,20.7,1
d8f5837d,Rajasthan,Udaipur,Industrial Corridor,5.18,8,769,45.6,0,None,55.0,2,4.9,Full,36.2,30.0,0
0481f17f,Gujarat,Ahmedabad,Power Transmission,13.09,723,659,34.4,1,Under Hearing,56.4,4,42.1,Not Started,66.2,10.3,1
62c8b6ee,Tamil Nadu,Chennai,Industrial Corridor,6.82,41,475,94.9,2,Filed,37.7,4,86.7,Not Started,85.9,69.2,0
55d49612,Maharashtra,Pune,Power Transmission,84.09,27,595,39.9,2,Resolved,38.6,0,5.4,Partial,38.5,42.4,1
05f9b513,West Bengal,Siliguri,Railway,8.23,27,884,36.1,0,None,52.9,1,15.4,Not Started,49.0,29.7,1
34b4599c,West Bengal,Howrah,Railway,14.4,545,1475,12.2,0,None,60.0,2,14.3,Partial,31.5,28.4,1
b849bb67,West Bengal,Siliguri,Highway,30.24,22,1091,61.1,1,Under Hearing,79.8,1,9.2,Partial,59.2,42.5,1
ee20f39e,Odisha,Cuttack,Urban Development,148.25,391,286,67.8,1,Resolved,78.4,2,28.1,Partial,87.2,12.6,0
5d31003b,Uttar Pradesh,Meerut,Highway,67.93,3,80,38.3,1,Stay Order,29.4,3,46.5,Partial,65.5,40.4,1
e264073b,Bihar,Patna,Urban Development,17.63,42,672,51.2,1,Filed,62.8,2,14.9,Full,63.0,14.5,0
61f054be,Maharashtra,Aurangabad,Power Transmission,14.89,106,488,40.2,0,None,83.7,2,19.3,Full,38.7,36.6,0
ba834ff2,Tamil Nadu,Coimbatore,Highway,20.68,37,839,54.0,1,Filed,54.5,1,19.3,Not Started,62.0,52.2,1
5f60db54,Odisha,Bhubaneswar,Irrigation,25.71,254,883,49.2,0,None,68.0,2,31.8,Full,62.3,54.3,0
3061af4a,Uttar Pradesh,Varanasi,Highway,25.96,109,1168,54.5,0,None,37.7,4,12.9,Full,44.0,10.0,0
fbcb69e3,Madhya Pradesh,Jabalpur,Industrial Corridor,0.84,396,134,28.5,1,Under Hearing,76.4,1,7.6,Not Started,81.4,25.5,1
7d5e59cb,Uttar Pradesh,Varanasi,Railway,5.06,16,1203,66.1,1,Under Hearing,41.3,0,38.1,Full,46.8,55.9,0
184e9ba4,Bihar,Muzaffarpur,Railway,4.97,69,54,43.0,0,None,81.3,2,16.4,Partial,30.3,22.3,0
da058d0a,West Bengal,Siliguri,Irrigation,13.52,29,133,65.2,0,None,10.9,1,17.1,Not Started,78.4,43.2,1
0910d86f,Maharashtra,Nashik,Railway,15.31,16,167,58.6,1,Under Hearing,59.6,1,50.9,Partial,1.5,52.2,1
5fa2f38f,West Bengal,Durgapur,Railway,7.46,16,677,73.0,0,None,31.8,4,41.3,Not Started,68.8,29.0,0
3c534836,Tamil Nadu,Coimbatore,Railway,5.49,624,828,79.7,1,Filed,30.2,2,22.1,Partial,55.6,44.8,0
9dde68ea,Maharashtra,Aurangabad,Urban Development,7.78,55,628,87.8,2,Filed,31.9,1,31.1,Full,66.0,34.2,1
0b75941d,Uttar Pradesh,Varanasi,Railway,3.9,27,1213,64.1,0,None,21.4,1,49.1,Not Started,95.4,45.8,1
71728761,Maharashtra,Pune,Railway,5.91,113,505,35.9,1,Under Hearing,32.8,1,39.2,Partial,33.6,41.0,1
75783efb,Karnataka,Mysuru,Railway,13.2,10,1189,91.3,1,Resolved,61.3,2,9.9,Full,56.1,35.3,0
82f4b12b,West Bengal,Siliguri,Railway,0.51,115,1097,54.4,2,Filed,63.3,3,7.7,Partial,85.3,16.9,1
a31f9e21,Madhya Pradesh,Bhopal,Power Transmission,50.77,34,527,22.5,1,Resolved,80.4,1,11.9,Full,53.0,34.8,0
0d2d775f,Karnataka,Belagavi,Power Transmission,4.26,36,197,57.5,0,None,49.4,0,14.4,Not Started,59.8,45.3,0
87646bb9,Madhya Pradesh,Indore,Power Transmission,0.88,901,948,46.3,0,None,45.8,1,13.9,Partial,62.9,14.7,0
facbc1c8,Maharashtra,Nashik,Industrial Corridor,7.23,33,498,53.2,0,None,54.3,2,48.8,Full,74.5,22.2,1
113fc893,West Bengal,Kolkata,Railway,2.19,64,1157,40.8,2,Filed,82.5,4,26.0,Not Started,80.3,5.0,0
aea3e603,West Bengal,Howrah,Railway,64.31,76,1142,26.5,0,None,21.8,4,18.5,Not Started,65.2,30.9,0
add65990,Maharashtra,Thane,Highway,43.96,103,921,52.5,0,None,71.2,1,21.8,Full,35.9,50.2,0
cdfcdb9e,Bihar,Patna,Power Transmission,4.44,5,582,96.9,0,None,13.6,3,28.9,Partial,45.8,70.9,1
c151f06e,West Bengal,Siliguri,Highway,273.94,45,450,12.9,1,Filed,43.4,1,42.1,Full,63.8,35.6,1
2bbbfcda,Uttar Pradesh,Kanpur,Urban Development,3.12,121,1207,81.9,1,Stay Order,37.9,4,61.8,Partial,47.1,47.2,1
afe54f6c,Gujarat,Ahmedabad,Highway,49.86,70,887,51.9,0,None,77.2,1,41.1,Full,31.2,29.9,0
b8de5ce6,Madhya Pradesh,Indore,Highway,2.09,106,1090,22.7,1,Filed,89.5,1,29.5,Partial,63.5,34.7,1
c129b873,Odisha,Bhubaneswar,Irrigation,9.23,122,1473,12.7,0,None,48.4,5,5.9,Partial,65.3,17.6,1
bb757d55,West Bengal,Howrah,Highway,5.63,16,1340,12.1,2,Filed,17.3,2,4.2,Not Started,41.4,55.2,1
356e5ed0,West Bengal,Kolkata,Urban Development,7.97,174,1267,67.7,0,None,79.9,4,11.7,Partial,80.2,34.8,1
ede3e7b8,Uttar Pradesh,Agra,Industrial Corridor,12.38,18,878,24.0,0,None,27.5,1,25.3,Full,37.5,23.2,1
b31d5c4c,Uttar Pradesh,Agra,Railway,5.82,13,290,44.8,1,Stay Order,30.0,2,42.6,Full,44.7,26.4,1
3ec2dd75,Karnataka,Hubballi,Power Transmission,69.36,34,825,72.5,1,Filed,24.3,2,69.8,Partial,43.4,30.4,0
12ce5f11,West Bengal,Durgapur,Railway,23.6,5,660,54.9,1,Under Hearing,28.9,0,16.8,Partial,67.3,24.9,1
f0ec21e3,Tamil Nadu,Coimbatore,Railway,100.93,82,372,34.1,1,Under Hearing,77.0,4,69.5,Partial,79.1,41.9,1
07e446ed,Odisha,Cuttack,Railway,16.1,74,640,88.3,1,Resolved,54.7,2,28.8,Not Started,55.3,32.1,0
254ad6b7,Maharashtra,Pune,Railway,14.51,18,1296,59.6,1,Filed,8.1,4,12.8,Partial,38.0,27.5,1
0a0cc6c4,Karnataka,Mysuru,Railway,18.69,17,656,88.9,3,Under Hearing,77.4,2,45.8,Partial,68.0,13.3,0
f0006032,Maharashtra,Thane,Power Transmission,10.9,266,222,49.6,2,Resolved,45.5,2,18.0,Not Started,81.6,19.5,0
1d81d80a,Karnataka,Hubballi,Railway,2.78,89,1227,37.7,0,None,35.9,2,5.0,Not Started,35.7,63.3,0
c949ec59,Uttar Pradesh,Varanasi,Railway,14.05,569,731,52.2,0,None,28.3,5,16.6,Not Started,14.7,53.2,0
661232ff,Madhya Pradesh,Jabalpur,Industrial Corridor,13.1,63,994,54.9,1,Filed,36.6,3,23.6,Not Started,42.6,32.1,1
04adb679,Uttar Pradesh,Varanasi,Industrial Corridor,22.64,5,1025,56.7,2,Filed,24.0,2,56.4,Full,55.5,5.0,0
fd99a180,Maharashtra,Pune,Urban Development,12.96,17,261,7.9,1,Resolved,51.0,4,27.2,Not Started,64.3,25.0,0
ffc0289c,Odisha,Bhubaneswar,Industrial Corridor,25.8,21,485,49.1,1,Filed,82.1,4,28.3,Full,73.1,74.1,0
85ee54a7,Odisha,Rourkela,Irrigation,4.08,7,206,67.6,0,None,53.0,0,8.1,Partial,93.3,34.9,0
c3373204,Uttar Pradesh,Kanpur,Highway,3.41,18,467,5.9,0,None,72.5,3,22.3,Partial,58.4,5.4,1
7e9dc8db,West Bengal,Howrah,Urban Development,33.84,140,210,63.3,0,None,55.9,2,22.1,Full,66.6,39.9,1
ff61b4e8,Bihar,Muzaffarpur,Power Transmission,5.37,55,480,20.5,1,Filed,16.4,4,33.0,Full,30.6,26.9,1
e19a3406,Uttar Pradesh,Meerut,Industrial Corridor,95.44,35,743,71.7,0,None,38.6,3,17.3,Partial,78.1,46.8,1
5e858f47,Rajasthan,Jodhpur,Railway,7.13,23,778,81.7,3,Filed,62.7,2,24.5,Partial,70.2,31.7,0
02a70d03,West Bengal,Siliguri,Railway,29.96,98,112,97.0,0,None,28.6,3,52.4,Partial,74.2,49.1,0
66a579f9,Uttar Pradesh,Lucknow,Railway,44.85,61,1289,63.5,2,Resolved,64.9,1,46.8,Full,25.1,5.0,0
1320c0ea,Karnataka,Bengaluru,Power Transmission,4.78,72,501,39.6,0,None,44.0,1,7.0,Not Started,75.7,38.4,0
755cfa3e,Madhya Pradesh,Indore,Highway,34.53,18,1083,79.0,0,None,40.1,1,35.4,Partial,37.5,25.2,0
5da548bb,West Bengal,Kolkata,Irrigation,3.49,40,1481,71.0,1,Under Hearing,43.2,1,9.1,Partial,7.7,47.3,1
4b947e72,West Bengal,Kolkata,Industrial Corridor,3.68,6,1041,77.6,1,Filed,30.9,1,8.7,Full,41.2,26.0,0
7ee20772,Odisha,Bhubaneswar,Industrial Corridor,17.03,20,140,79.6,1,Stay Order,67.6,5,22.3,Full,68.1,9.7,1
f8aa8912,Madhya Pradesh,Indore,Highway,58.68,352,1285,71.2,0,None,42.4,7,17.6,Not Started,86.6,36.3,0
1f109427,Odisha,Bhubaneswar,Power Transmission,23.2,59,640,93.4,1,Filed,58.9,1,27.0,Full,94.9,5.0,0
29d54fbf,Bihar,Patna,Power Transmission,26.35,213,1060,79.0,0,None,11.7,0,25.5,Partial,42.9,43.0,1
860054e9,Odisha,Bhubaneswar,Irrigation,311.11,146,1221,48.4,3,Resolved,50.8,1,31.1,Full,53.0,17.0,0
aef28926,Karnataka,Belagavi,Railway,4.32,83,683,80.4,1,Filed,56.3,6,20.4,Partial,40.9,36.7,0
dddea13b,Uttar Pradesh,Lucknow,Power Transmission,26.86,76,677,52.6,0,None,49.1,0,3.0,Partial,82.9,26.2,0
9501c40f,Madhya Pradesh,Gwalior,Power Transmission,2.24,229,1217,54.7,3,Filed,39.5,1,55.4,Full,80.4,46.2,0
c25c2157,Rajasthan,Udaipur,Irrigation,14.59,40,1128,58.7,1,Under Hearing,41.8,3,7.0,Not Started,73.9,55.0,1
cc53bbb5,Tamil Nadu,Coimbatore,Urban Development,8.73,88,238,42.4,0,None,15.7,3,14.6,Full,95.7,45.6,1
e4b8e530,Karnataka,Hubballi,Railway,3.77,80,1120,90.1,0,None,20.8,4,67.9,Partial,79.0,23.3,1
bb671906,Madhya Pradesh,Indore,Irrigation,12.61,56,791,59.4,1,Filed,85.0,2,13.5,Full,38.4,29.8,0
e1c960d5,Maharashtra,Pune,Urban Development,8.37,67,1431,35.1,1,Under Hearing,85.2,0,20.5,Partial,63.0,33.4,1
38cf17ca,Bihar,Gaya,Railway,35.98,16,1191,91.8,0,None,46.5,0,50.5,Partial,58.7,69.4,0
8f09f2e9,Gujarat,Ahmedabad,Industrial Corridor,9.4,1256,1105,67.9,1,Filed,73.5,4,4.0,Partial,44.3,43.7,0
7fcf552b,Gujarat,Vadodara,Urban Development,9.81,19,982,29.1,0,None,26.7,2,25.5,Partial,17.7,19.2,1
8b488585,Gujarat,Vadodara,Irrigation,4.07,64,113,16.8,0,None,59.1,2,42.3,Not Started,78.3,48.7,1
46157dbd,Uttar Pradesh,Lucknow,Highway,27.4,147,1072,58.1,0,None,46.8,3,13.5,Not Started,73.5,29.8,0
a0a8bb91,Odisha,Rourkela,Industrial Corridor,16.21,22,1049,72.5,0,None,68.2,5,68.5,Partial,78.2,27.2,1
d48c5f71,Odisha,Rourkela,Urban Development,9.21,31,1287,59.4,0,None,16.9,0,22.3,Partial,29.1,32.5,1
48ce84ad,Rajasthan,Kota,Power Transmission,4.31,109,255,40.6,0,None,40.9,3,28.5,Full,50.0,53.5,0
6f5d683b,Tamil Nadu,Coimbatore,Industrial Corridor,6.36,12,368,30.5,0,None,31.3,6,65.9,Full,66.8,50.2,1
20d4ddc6,Maharashtra,Thane,Urban Development,7.18,78,446,47.4,2,Stay Order,47.6,1,23.1,Partial,46.8,42.4,1
e870a31e,Bihar,Gaya,Urban Development,13.29,50,185,26.6,1,Under Hearing,73.7,0,22.7,Partial,26.6,36.4,1
f9a1372a,West Bengal,Siliguri,Highway,9.1,11,522,72.6,0,None,28.3,1,42.6,Not Started,50.9,56.1,0
68f213ab,West Bengal,Siliguri,Urban Development,16.25,94,569,74.5,2,Filed,33.1,2,30.8,Not Started,32.3,5.7,1
ce5c2cc4,Tamil Nadu,Madurai,Urban Development,3.42,253,89,22.7,0,None,60.3,2,21.4,Not Started,10.7,48.4,0
5e3db5ef,West Bengal,Kolkata,Railway,16.68,133,270,25.1,2,Filed,40.3,2,58.0,Full,28.0,36.2,1
c4e961cb,Uttar Pradesh,Meerut,Power Transmission,13.27,30,645,79.5,1,Filed,32.8,2,34.2,Not Started,63.3,32.9,1
3b5d3665,Madhya Pradesh,Bhopal,Railway,10.04,275,1413,65.4,3,Under Hearing,47.2,2,54.7,Not Started,43.8,30.7,1
4113609a,Uttar Pradesh,Varanasi,Highway,85.44,41,923,4.1,1,Filed,88.4,3,38.4,Full,34.6,34.4,0
44f1837e,Madhya Pradesh,Bhopal,Power Transmission,5.2,63,821,66.1,0,None,78.3,3,5.3,Not Started,69.1,41.9,0
0287b8f4,Madhya Pradesh,Jabalpur,Highway,8.22,38,62,61.6,1,Filed,20.4,2,29.1,Partial,75.1,16.0,1
dd6dc070,West Bengal,Howrah,Irrigation,30.24,9,1447,51.3,1,Under Hearing,26.1,0,33.2,Full,38.1,27.0,1
7abc2d5a,Gujarat,Surat,Urban Development,35.55,166,201,69.1,0,None,71.2,1,0.9,Full,58.4,23.7,0
cafc2b64,Odisha,Rourkela,Urban Development,2.88,8,878,57.3,1,Resolved,7.3,4,25.4,Partial,89.7,37.4,1
c7c52b24,Madhya Pradesh,Indore,Industrial Corridor,23.31,47,433,92.2,1,Stay Order,38.4,3,21.7,Full,66.8,36.2,1
4fa8987b,Madhya Pradesh,Bhopal,Highway,3.52,8,31,78.1,0,None,29.1,2,46.3,Full,32.7,37.4,1
13c88ea6,Maharashtra,Aurangabad,Industrial Corridor,38.17,10,1297,48.0,0,None,51.7,4,15.0,Partial,76.0,5.0,1
f199d697,Bihar,Gaya,Industrial Corridor,4.45,54,677,71.3,0,None,73.6,2,116.0,Partial,90.3,34.9,1
9c974fd0,Gujarat,Rajkot,Highway,2.48,800,1445,81.8,0,None,46.2,1,45.3,Partial,75.6,44.3,0
3e5f10f0,Uttar Pradesh,Agra,Railway,17.31,30,1302,61.4,0,None,53.7,3,45.2,Partial,80.4,12.9,0
26838ed3,Bihar,Patna,Irrigation,14.58,82,1129,77.7,0,None,78.8,2,36.9,Not Started,92.5,12.6,0
55a09abe,Tamil Nadu,Chennai,Railway,12.04,38,1164,57.4,0,None,64.0,4,23.7,Partial,95.8,16.6,0
cbdd70e6,Karnataka,Belagavi,Industrial Corridor,51.76,32,89,58.1,0,None,52.1,2,50.1,Partial,73.7,15.0,1
f4c9dc86,West Bengal,Kolkata,Urban Development,12.4,106,547,69.9,0,None,42.1,0,25.1,Partial,76.8,36.8,1
992cd528,Gujarat,Rajkot,Power Transmission,5.94,357,861,13.7,1,Resolved,52.8,1,49.7,Full,20.6,26.3,0
7543f172,Odisha,Cuttack,Highway,12.14,119,1177,26.2,1,Resolved,60.7,1,31.8,Full,23.3,65.7,0
f2182723,Uttar Pradesh,Kanpur,Power Transmission,11.52,72,364,82.2,0,None,28.5,4,35.0,Full,61.1,12.2,0
2bbf61e2,West Bengal,Howrah,Industrial Corridor,18.16,96,992,22.4,0,None,29.7,2,36.8,Partial,66.1,20.0,1
e0b3447a,Bihar,Bhagalpur,Railway,0.61,148,974,35.7,2,Under Hearing,78.8,2,31.6,Partial,64.2,28.1,1
94528e91,Gujarat,Vadodara,Irrigation,64.29,52,479,53.9,2,Stay Order,9.6,2,57.8,Not Started,10.9,30.5,1
d94a2e6a,Gujarat,Rajkot,Irrigation,11.31,44,876,57.5,2,Under Hearing,16.0,3,31.3,Full,96.8,21.8,1
66400393,Madhya Pradesh,Bhopal,Urban Development,17.23,85,90,50.8,1,Under Hearing,68.3,1,37.9,Partial,23.3,32.0,1
fe03fb38,Karnataka,Hubballi,Industrial Corridor,91.98,28,659,17.5,1,Under Hearing,86.1,5,44.5,Not Started,54.4,41.6,1
e67a9aa0,Gujarat,Rajkot,Railway,12.04,15,278,61.6,1,Under Hearing,36.3,2,21.5,Not Started,39.4,29.7,1
7b0253c3,Maharashtra,Pune,Power Transmission,9.75,48,845,93.0,1,Under Hearing,43.4,3,52.0,Partial,96.1,53.8,1
c37449f0,Gujarat,Vadodara,Industrial Corridor,2.19,70,1352,39.8,1,Filed,32.4,0,24.8,Partial,56.3,20.8,1
9e85d61a,Madhya Pradesh,Indore,Highway,28.87,37,1083,62.6,0,None,51.6,2,11.8,Full,47.2,43.3,0
bfd84541,Madhya Pradesh,Jabalpur,Highway,12.64,62,438,73.7,2,Under Hearing,57.6,4,11.7,Full,73.5,36.3,0
68e59e8d,West Bengal,Durgapur,Industrial Corridor,59.73,22,1071,49.5,0,None,65.3,2,40.6,Full,20.9,25.7,1
9bfd9adc,Odisha,Bhubaneswar,Urban Development,5.45,99,897,17.4,0,None,26.9,2,5.8,Partial,30.2,40.0,1
aa184b26,Odisha,Cuttack,Urban Development,22.2,27,772,28.5,1,Filed,58.5,3,21.6,Partial,46.8,44.5,1
00f8e97e,Odisha,Cuttack,Irrigation,4.9,16,803,50.7,0,None,44.0,1,15.5,Not Started,30.8,32.7,0
d86f8bb6,West Bengal,Kolkata,Railway,2.05,285,1425,26.1,2,Stay Order,44.6,1,12.2,Not Started,72.7,43.1,1
e090fbb0,Karnataka,Mysuru,Power Transmission,1.69,21,136,61.8,0,None,13.5,3,16.6,Not Started,70.8,48.7,1
8e2076f5,Gujarat,Vadodara,Irrigation,10.19,135,1212,23.9,0,None,8.1,3,92.8,Partial,65.1,32.2,1
4db9c56c,Maharashtra,Pune,Highway,6.03,23,974,53.8,2,Under Hearing,53.8,3,71.9,Not Started,83.6,50.0,1
c3d4f5f3,Karnataka,Hubballi,Highway,2.02,251,1245,45.0,1,Stay Order,77.2,4,8.6,Not Started,53.0,12.0,1
211e06d2,Madhya Pradesh,Bhopal,Railway,5.98,47,780,80.6,0,None,45.8,0,25.9,Not Started,69.7,48.4,0
fcb10075,Madhya Pradesh,Jabalpur,Irrigation,4.31,168,272,39.1,1,Under Hearing,62.5,5,50.9,Partial,22.4,35.3,1
649a7522,Madhya Pradesh,Gwalior,Highway,7.43,26,360,50.2,0,None,43.1,3,10.5,Partial,56.1,5.0,1
82f56355,Bihar,Patna,Railway,6.98,38,999,83.7,0,None,59.6,7,18.5,Partial,82.3,27.9,1
a3a8d193,Gujarat,Surat,Urban Development,6.36,24,525,70.3,0,None,35.9,4,16.7,Partial,36.5,54.1,0
6bbc5915,Madhya Pradesh,Indore,Industrial Corridor,38.73,26,875,61.6,2,Resolved,78.4,2,4.5,Partial,69.2,36.5,0
1db4cd02,Uttar Pradesh,Lucknow,Highway,46.64,62,51,15.0,0,None,44.1,5,16.0,Full,43.5,45.6,0
0377f48c,Tamil Nadu,Salem,Irrigation,3.0,6,565,62.1,1,Filed,41.5,6,19.4,Not Started,96.2,60.7,1
29d0b89e,Odisha,Bhubaneswar,Highway,28.12,235,522,30.8,0,None,80.1,5,11.7,Not Started,24.4,56.3,0
3a90ddce,Gujarat,Ahmedabad,Highway,26.23,91,1121,65.6,3,Under Hearing,21.6,4,25.4,Not Started,67.0,28.9,0
0ecc2459,Maharashtra,Aurangabad,Railway,2.01,494,1315,72.6,0,None,21.3,2,0.5,Full,50.5,46.5,0
f4aff7fe,Tamil Nadu,Salem,Industrial Corridor,22.88,284,291,65.3,3,Under Hearing,89.4,4,88.3,Not Started,66.1,31.4,1
f1ffcf32,Odisha,Bhubaneswar,Urban Development,15.32,29,519,40.2,0,None,68.5,4,43.4,Not Started,44.3,30.9,1
3f7ea604,Uttar Pradesh,Varanasi,Railway,16.43,123,536,38.7,1,Filed,64.6,0,21.8,Partial,3.1,55.4,1
c7ff8d30,West Bengal,Kolkata,Railway,16.25,29,991,47.4,2,Filed,39.8,5,66.9,Full,61.6,46.7,1
7412be48,Gujarat,Vadodara,Highway,16.65,16,812,96.0,0,None,17.2,2,35.2,Partial,19.3,47.1,0
4ccdff6f,Karnataka,Mysuru,Power Transmission,3.1,39,188,38.1,2,Filed,58.8,0,27.8,Not Started,60.6,37.2,1
c2fa6c56,Bihar,Bhagalpur,Urban Development,7.26,716,605,35.4,1,Under Hearing,41.9,4,5.4,Partial,59.3,13.9,1
675f38af,Bihar,Gaya,Irrigation,26.82,12,1281,40.7,1,Stay Order,60.0,2,83.4,Full,55.3,40.0,1
0eb1a397,Madhya Pradesh,Bhopal,Irrigation,6.22,523,1453,65.8,0,None,82.1,1,18.0,Full,71.2,38.8,1
0d906b1a,West Bengal,Durgapur,Highway,25.29,194,1013,98.6,0,None,27.1,5,24.0,Partial,54.6,21.7,0
34e3764b,Tamil Nadu,Coimbatore,Urban Development,7.97,47,1273,84.9,1,Resolved,51.7,2,32.3,Not Started,14.8,27.6,0
77dfed5d,Karnataka,Mysuru,Railway,5.95,153,621,76.7,0,None,50.4,3,67.1,Not Started,42.8,53.2,1
dd38ecff,Rajasthan,Jodhpur,Industrial Corridor,4.18,12,222,70.1,1,Resolved,85.6,2,12.2,Not Started,79.6,55.8,0
d4a346c2,Karnataka,Bengaluru,Power Transmission,5.68,31,317,91.2,2,Filed,32.0,2,52.9,Partial,49.3,24.9,1
b45b6bf6,Karnataka,Hubballi,Railway,11.45,5,1049,29.1,1,Resolved,60.6,0,20.1,Partial,68.0,41.8,0
1e04f37b,West Bengal,Durgapur,Railway,90.88,17,1265,24.5,0,None,56.5,2,11.8,Full,33.8,38.5,0
39c1cbf9,Gujarat,Rajkot,Railway,25.75,8,81,49.7,0,None,53.0,2,48.1,Partial,79.7,47.1,0
2dbe4b2b,Madhya Pradesh,Jabalpur,Power Transmission,19.27,274,134,55.0,1,Filed,65.0,7,20.9,Partial,70.8,17.2,0
c675aa6f,Rajasthan,Kota,Irrigation,27.32,63,801,87.6,0,None,37.5,3,14.4,Partial,93.4,31.1,0
91fcdac5,Rajasthan,Udaipur,Urban Development,2.7,29,1293,33.6,0,None,45.5,2,33.0,Partial,39.6,43.4,0
cf8faefa,Maharashtra,Pune,Irrigation,12.44,12,933,35.2,1,Under Hearing,67.3,5,41.6,Full,49.5,45.1,0
e95845a3,West Bengal,Siliguri,Urban Development,3.63,82,825,85.2,1,Stay Order,85.4,2,19.2,Full,87.1,37.6,1
4a84aeca,Karnataka,Mysuru,Highway,12.68,7,700,59.9,0,None,55.2,4,21.8,Not Started,87.1,61.5,1
74eae2f2,Tamil Nadu,Coimbatore,Railway,9.47,83,549,46.6,0,None,66.2,3,9.6,Full,79.6,39.6,0
bd4319cf,Karnataka,Belagavi,Urban Development,2.72,35,787,80.3,0,None,75.0,4,25.0,Not Started,43.2,35.0,1
f125cca0,Gujarat,Surat,Railway,28.56,54,1068,43.1,1,Stay Order,71.9,2,19.2,Full,77.7,38.2,1
a3ad2f3f,Tamil Nadu,Chennai,Power Transmission,24.78,64,259,47.5,0,None,57.7,1,51.7,Full,65.9,35.9,1
01b68df2,Karnataka,Mysuru,Highway,13.57,261,838,53.7,1,Filed,15.7,3,32.2,Full,61.7,23.7,0
55b731c2,West Bengal,Siliguri,Railway,9.82,40,691,78.0,1,Stay Order,29.3,1,15.5,Partial,72.5,19.0,1
0f33c40f,Odisha,Cuttack,Industrial Corridor,37.44,321,635,36.4,0,None,15.7,3,22.9,Not Started,91.7,30.7,1
f0538904,West Bengal,Howrah,Urban Development,35.32,73,736,58.8,1,Resolved,83.0,3,35.6,Full,45.2,49.9,0
8711e533,Bihar,Patna,Industrial Corridor,18.75,36,1408,44.5,2,Filed,14.5,4,43.9,Partial,21.5,41.4,1
d1394a3d,Gujarat,Vadodara,Irrigation,10.0,38,1319,93.9,0,None,31.7,2,23.2,Not Started,46.7,63.1,1
faf93fd2,Tamil Nadu,Madurai,Railway,114.2,91,1077,86.6,0,None,6.9,3,37.7,Full,11.5,36.8,0
1bdedf97,Rajasthan,Jodhpur,Industrial Corridor,63.02,77,348,35.4,3,Under Hearing,33.4,0,25.9,Full,28.6,38.7,0
db6c348a,Gujarat,Ahmedabad,Industrial Corridor,11.06,102,283,28.4,0,None,36.4,5,33.5,Full,91.5,44.0,1
bcaf8938,Uttar Pradesh,Agra,Highway,6.83,5,1297,46.6,0,None,34.8,3,22.2,Full,17.8,41.0,1
c3812b00,Karnataka,Hubballi,Industrial Corridor,17.46,64,845,60.1,3,Stay Order,12.8,1,10.8,Full,94.8,39.6,1
9cb06521,Madhya Pradesh,Gwalior,Power Transmission,2.55,25,66,59.6,0,None,38.1,2,5.3,Full,65.5,32.5,0
9bd9bcfe,Gujarat,Vadodara,Highway,32.89,91,850,65.6,1,Under Hearing,6.8,3,33.3,Partial,9.5,36.2,1
701dbf41,Rajasthan,Udaipur,Industrial Corridor,21.52,17,1401,83.3,0,None,31.0,1,33.5,Not Started,78.0,31.7,1
52a00633,Madhya Pradesh,Indore,Urban Development,11.9,40,223,23.1,1,Filed,67.8,6,35.4,Partial,49.4,32.7,1
6cffa37b,Uttar Pradesh,Lucknow,Industrial Corridor,14.66,7,292,92.2,0,None,11.7,1,22.4,Partial,55.6,54.4,1
6b2294a7,Tamil Nadu,Madurai,Irrigation,6.94,318,1472,70.2,1,Resolved,75.7,2,70.6,Partial,56.6,48.4,1
b48c9ecb,Rajasthan,Udaipur,Railway,59.65,16,831,56.5,2,Under Hearing,62.2,0,20.4,Partial,51.3,42.0,1
a3856191,Rajasthan,Jodhpur,Railway,14.43,23,896,16.3,1,Resolved,55.5,2,45.1,Partial,25.0,66.0,1
d0469113,Rajasthan,Kota,Industrial Corridor,2.04,45,854,73.0,0,None,76.8,3,46.0,Partial,40.2,28.0,0
2469a357,Rajasthan,Udaipur,Railway,10.62,16,1148,22.7,1,Under Hearing,64.2,6,7.7,Partial,34.1,16.6,1
7960833b,Uttar Pradesh,Kanpur,Industrial Corridor,8.64,58,1211,94.7,2,Filed,31.8,4,55.5,Not Started,54.6,34.0,0
9b521ecb,West Bengal,Siliguri,Highway,21.55,163,922,68.9,1,Filed,27.1,0,10.8,Partial,44.8,34.8,0
35ab376e,Rajasthan,Jodhpur,Power Transmission,4.6,276,64,29.6,1,Under Hearing,41.3,2,9.7,Not Started,55.5,48.0,1
07147899,Madhya Pradesh,Gwalior,Power Transmission,14.51,70,1204,77.1,0,None,6.7,2,83.3,Partial,70.5,41.6,0
8162f003,Gujarat,Vadodara,Railway,9.67,51,1227,95.5,3,Under Hearing,28.2,3,39.9,Not Started,71.0,39.3,1
71588b8f,Odisha,Bhubaneswar,Railway,10.29,69,1130,79.3,0,None,76.7,2,109.9,Partial,28.5,18.7,0
65632b7f,Maharashtra,Nashik,Highway,28.36,13,227,75.5,1,Filed,31.5,5,23.6,Partial,52.9,46.5,0
a7374cd7,Maharashtra,Nagpur,Highway,54.75,22,1230,72.8,3,Stay Order,35.4,2,16.1,Full,24.0,39.1,1
f7d98590,Uttar Pradesh,Meerut,Irrigation,29.25,16,610,48.0,0,None,42.2,2,17.9,Partial,57.8,38.4,1
7df0f2fb,West Bengal,Howrah,Power Transmission,11.5,29,1207,56.2,1,Filed,58.0,0,38.8,Full,35.5,30.0,1
da8e598c,Odisha,Cuttack,Power Transmission,25.73,922,1483,31.4,1,Under Hearing,72.7,1,17.7,Not Started,93.7,33.9,1
0b0a2cca,Odisha,Bhubaneswar,Urban Development,8.35,44,1346,34.8,1,Stay Order,47.9,0,28.4,Full,77.3,45.5,1
7ad3e29e,Karnataka,Hubballi,Railway,8.22,108,143,92.7,0,None,55.0,4,24.3,Partial,61.6,48.2,1
cf2ec9e3,Madhya Pradesh,Bhopal,Irrigation,4.58,27,835,73.6,1,Filed,88.8,3,10.5,Partial,56.1,36.2,1
32f52ca6,Odisha,Cuttack,Industrial Corridor,25.54,47,1167,54.7,0,None,60.6,3,30.4,Not Started,61.7,32.6,1
e96b8b30,Tamil Nadu,Madurai,Railway,1.45,56,1142,69.5,1,Filed,8.1,1,29.3,Not Started,70.8,34.3,0
489388c2,Uttar Pradesh,Meerut,Railway,64.4,57,342,54.8,1,Under Hearing,72.3,5,16.7,Partial,85.1,18.1,1
ca9d7170,Bihar,Patna,Railway,17.3,173,304,62.1,0,None,20.9,2,31.9,Full,79.2,26.4,0
b249cfb5,Bihar,Muzaffarpur,Railway,1.56,44,1483,27.2,0,None,36.3,1,12.4,Partial,28.9,36.4,1
8321fb25,Uttar Pradesh,Lucknow,Power Transmission,7.47,2,232,42.9,0,None,29.0,2,50.0,Partial,67.0,39.8,0
0367b23e,West Bengal,Kolkata,Industrial Corridor,12.98,58,917,55.6,1,Filed,41.5,2,24.3,Full,50.4,38.4,0
408ab569,Gujarat,Ahmedabad,Power Transmission,90.42,49,179,50.0,2,Filed,63.8,2,36.0,Full,63.3,34.6,0
bc598e4a,Rajasthan,Udaipur,Industrial Corridor,44.92,35,1118,16.4,0,None,58.0,3,55.4,Not Started,50.5,55.5,1
a3b090a9,Gujarat,Surat,Irrigation,0.73,45,1432,66.9,0,None,69.2,5,11.2,Full,62.3,5.0,0
b3bba046,Maharashtra,Aurangabad,Highway,14.04,23,306,60.4,0,None,60.7,2,90.0,Partial,91.6,28.5,0
f90c2c98,Odisha,Cuttack,Power Transmission,2.53,33,509,73.3,0,None,18.9,3,18.6,Partial,53.7,38.3,1
67dd471e,Uttar Pradesh,Lucknow,Railway,84.57,63,559,56.1,2,Filed,34.9,1,64.1,Full,40.1,40.6,1
8ea2ef12,Gujarat,Surat,Irrigation,42.82,16,122,89.6,0,None,68.2,2,23.2,Full,95.2,27.0,0
0de43b6a,Bihar,Patna,Irrigation,9.62,24,389,68.1,1,Filed,43.7,2,60.8,Full,58.6,22.6,1
9392fc05,Tamil Nadu,Salem,Industrial Corridor,57.75,71,1264,84.0,2,Resolved,71.4,4,34.3,Not Started,55.1,49.9,1
9d83f426,Gujarat,Vadodara,Power Transmission,7.26,72,1002,40.1,0,None,55.3,5,12.2,Partial,73.6,44.5,1
2020322f,West Bengal,Kolkata,Highway,9.67,133,1175,50.6,2,Filed,7.0,1,40.8,Partial,81.6,43.2,1
8851b645,Gujarat,Surat,Railway,28.74,7,726,44.6,1,Filed,52.9,1,30.7,Full,75.0,28.1,0
65019a63,Karnataka,Hubballi,Industrial Corridor,46.78,16,557,18.5,0,None,29.8,4,31.4,Full,42.9,17.4,1
8abc7b15,Karnataka,Bengaluru,Highway,2.34,56,619,59.5,1,Resolved,69.7,5,17.4,Full,78.6,30.1,0
129c6b56,Tamil Nadu,Salem,Railway,24.26,243,1091,52.3,0,None,28.3,2,12.3,Partial,38.4,21.1,1
e5b5695c,Bihar,Patna,Highway,5.22,57,1260,25.9,0,None,29.0,2,26.4,Partial,69.5,35.4,1
036f686b,West Bengal,Howrah,Industrial Corridor,216.51,39,231,51.4,2,Filed,62.3,4,80.8,Full,98.6,17.4,0
4d8eb649,West Bengal,Durgapur,Urban Development,11.61,43,1046,19.0,1,Under Hearing,18.5,2,10.3,Full,85.2,5.0,1
16e4fb23,West Bengal,Durgapur,Industrial Corridor,10.19,62,1443,78.4,0,None,63.4,1,20.1,Partial,75.1,44.4,0
788f0a8e,Odisha,Rourkela,Irrigation,2.15,35,1416,22.3,0,None,33.5,2,25.5,Partial,26.9,43.6,0
6896f9de,Uttar Pradesh,Lucknow,Railway,31.97,56,843,89.7,1,Stay Order,64.4,2,19.8,Partial,66.3,33.3,1
6cfa0ddf,Madhya Pradesh,Bhopal,Power Transmission,16.0,169,874,54.0,2,Resolved,4.1,3,22.9,Partial,80.0,45.1,0
671828fa,Tamil Nadu,Salem,Irrigation,46.16,27,809,41.9,0,None,48.6,2,46.4,Partial,46.2,19.7,1
f3f334c4,Madhya Pradesh,Jabalpur,Urban Development,8.0,10,1103,19.5,1,Resolved,37.1,2,40.8,Not Started,51.6,31.1,1
a232b018,Rajasthan,Kota,Urban Development,10.42,1043,935,54.3,4,Filed,64.0,3,23.3,Full,84.5,40.8,0
b17a9138,West Bengal,Kolkata,Railway,10.25,8,470,51.2,1,Under Hearing,53.0,3,10.9,Partial,51.2,41.4,1
551f130e,Tamil Nadu,Salem,Railway,6.48,20,1461,20.5,2,Resolved,59.7,5,26.2,Full,83.9,38.0,0
4b06a309,Bihar,Patna,Urban Development,10.43,34,708,65.7,1,Under Hearing,46.8,3,37.7,Partial,37.7,35.8,1
e0c09be9,Gujarat,Rajkot,Power Transmission,21.34,163,549,76.8,0,None,27.0,4,12.3,Partial,20.1,33.1,1
a81496fa,Uttar Pradesh,Agra,Urban Development,5.48,145,115,27.3,2,Under Hearing,49.9,4,26.2,Partial,79.2,36.9,1
da9cc9a3,Uttar Pradesh,Lucknow,Industrial Corridor,5.63,228,885,63.9,1,Stay Order,63.1,2,9.7,Full,93.4,46.8,1
e3e8bd0f,Odisha,Rourkela,Railway,35.75,458,429,35.3,0,None,80.3,1,9.7,Partial,57.3,50.7,0
648cfb70,Rajasthan,Udaipur,Power Transmission,10.2,67,510,84.1,1,Under Hearing,44.5,4,10.4,Not Started,52.9,23.4,1
f9376624,Karnataka,Mysuru,Power Transmission,9.39,39,415,66.1,0,None,26.5,1,31.8,Partial,66.0,48.5,0
666761d0,Tamil Nadu,Madurai,Irrigation,4.37,14,1442,66.9,0,None,49.9,2,52.8,Partial,27.0,17.4,1
6f102d5e,Rajasthan,Jaipur,Highway,19.08,16,1192,69.7,1,Resolved,7.7,4,77.6,Full,77.8,32.4,0
a84952b3,Rajasthan,Kota,Railway,4.0,87,123,48.1,0,None,6.4,4,58.6,Not Started,44.8,15.1,1
00d405e8,Maharashtra,Thane,Railway,7.64,201,415,39.2,1,Stay Order,45.7,4,9.6,Full,27.2,43.3,1
1b3ecbee,Rajasthan,Jaipur,Irrigation,5.04,195,540,82.2,1,Resolved,41.5,3,29.7,Not Started,59.5,50.8,0
e75d5bae,West Bengal,Kolkata,Industrial Corridor,6.19,112,168,73.7,0,None,37.6,5,30.1,Partial,89.7,33.1,0
c13f1b36,Odisha,Rourkela,Industrial Corridor,10.3,34,1486,38.9,0,None,26.0,0,29.5,Full,39.7,43.7,1
652b2e77,Madhya Pradesh,Jabalpur,Industrial Corridor,16.38,39,786,38.6,0,None,15.7,2,5.6,Partial,52.5,57.4,1
6e8be14f,Maharashtra,Aurangabad,Railway,11.35,70,625,74.6,0,None,34.8,3,12.3,Partial,46.1,18.8,1
cca3f400,West Bengal,Siliguri,Power Transmission,36.25,28,1342,58.9,1,Resolved,18.2,4,10.6,Full,96.8,39.6,0
ada6185e,Odisha,Bhubaneswar,Industrial Corridor,3.4,33,133,27.7,0,None,28.0,2,20.3,Partial,76.2,27.5,0
0343b16d,West Bengal,Howrah,Urban Development,41.38,14,1298,10.1,0,None,77.4,3,42.1,Full,64.4,34.9,0
0d9b0ef2,Gujarat,Ahmedabad,Urban Development,11.11,25,1422,54.6,0,None,24.6,4,46.3,Partial,80.2,24.4,1
4c992b91,Bihar,Gaya,Highway,5.21,33,1433,75.2,0,None,28.7,0,12.3,Full,61.3,57.9,0
7d1f98b6,Bihar,Muzaffarpur,Power Transmission,6.41,18,357,34.1,0,None,22.1,6,39.7,Partial,81.4,30.0,0
19cc347f,Bihar,Gaya,Irrigation,16.96,14,403,88.9,0,None,90.9,0,24.3,Not Started,94.4,27.1,0
5bc3eb57,Bihar,Muzaffarpur,Highway,9.4,40,1099,67.7,1,Filed,21.7,4,110.8,Not Started,16.0,45.7,1
a753ff88,Gujarat,Vadodara,Power Transmission,4.21,41,775,61.6,0,None,18.7,2,6.5,Not Started,78.9,23.1,0
3dbe5221,Bihar,Bhagalpur,Railway,0.8,101,234,49.0,3,Filed,72.7,1,17.7,Full,90.9,8.7,1
c0cd7590,Odisha,Cuttack,Urban Development,7.64,24,167,59.6,0,None,50.5,2,13.1,Not Started,92.7,46.4,0
c6f6efc8,Rajasthan,Jodhpur,Highway,3.87,332,924,70.5,1,Stay Order,34.3,1,21.3,Not Started,71.6,34.1,1
db8f8f89,Tamil Nadu,Madurai,Urban Development,18.68,83,1251,40.8,0,None,26.5,1,19.0,Partial,44.1,54.1,1
62799d0a,Gujarat,Surat,Urban Development,1.44,9,841,54.3,0,None,51.8,2,25.9,Partial,66.1,29.6,0
180c28b7,Maharashtra,Nashik,Highway,1.67,9,805,43.8,1,Filed,77.9,3,89.3,Partial,25.8,6.6,0
1148f140,Odisha,Cuttack,Power Transmission,36.66,33,259,86.9,1,Filed,3.5,0,22.1,Not Started,77.3,36.3,1
dfc57a72,Tamil Nadu,Chennai,Power Transmission,2.66,6,716,19.2,1,Filed,26.8,3,33.9,Partial,79.3,19.8,1
fda8b592,Rajasthan,Kota,Urban Development,16.49,36,759,44.9,0,None,44.8,0,43.0,Not Started,92.1,46.4,0
4661c8f0,Rajasthan,Jaipur,Irrigation,12.04,16,707,40.9,0,None,14.2,3,14.7,Not Started,34.7,12.1,1
fdf0ac41,Uttar Pradesh,Varanasi,Power Transmission,37.65,1081,791,71.9,4,Under Hearing,31.5,2,27.6,Full,62.8,54.5,1
03b4f16b,Odisha,Rourkela,Irrigation,71.43,78,361,68.3,0,None,76.2,4,70.8,Partial,78.5,42.1,1
bdd634a9,Maharashtra,Nagpur,Urban Development,2.65,87,153,12.3,0,None,54.1,4,13.4,Full,91.1,35.8,0
645a0d9b,Maharashtra,Thane,Industrial Corridor,9.02,33,480,47.8,0,None,34.7,1,20.5,Partial,79.7,18.1,0
d1bebe82,Madhya Pradesh,Gwalior,Railway,5.12,97,1418,72.9,0,None,24.0,1,17.7,Partial,51.8,43.1,1
34b39a52,Odisha,Bhubaneswar,Power Transmission,2.93,18,42,71.6,0,None,41.8,4,17.2,Partial,47.2,46.0,0
92c8d13a,Bihar,Gaya,Industrial Corridor,11.78,12,527,21.4,0,None,17.9,4,25.2,Not Started,40.0,17.5,0
0031a51f,Karnataka,Mysuru,Highway,13.79,106,890,40.7,1,Filed,5.5,0,25.7,Not Started,60.0,28.2,1
6ed86281,Odisha,Bhubaneswar,Urban Development,17.45,63,968,54.4,0,None,80.7,0,18.9,Partial,42.4,40.6,0
4190d6b6,Odisha,Bhubaneswar,Urban Development,36.83,16,560,9.3,0,None,3.6,2,34.2,Partial,35.0,26.3,1
e6f07df4,Karnataka,Hubballi,Industrial Corridor,2.35,507,840,72.1,1,Filed,57.2,4,12.4,Not Started,59.1,6.4,0
29c4b4cb,Rajasthan,Jaipur,Irrigation,5.34,22,1108,54.7,3,Resolved,72.4,6,21.1,Partial,89.1,40.1,0
961fe5b7,Bihar,Bhagalpur,Urban Development,28.33,39,712,11.5,0,None,44.6,2,72.6,Partial,56.3,23.7,1
3d407209,Madhya Pradesh,Jabalpur,Highway,8.65,269,729,20.0,3,Under Hearing,82.8,4,27.5,Not Started,83.5,27.3,1
51b3bf2b,West Bengal,Durgapur,Irrigation,13.87,37,1186,77.7,0,None,39.2,3,9.7,Partial,66.0,58.8,0
40af65c7,Maharashtra,Thane,Urban Development,15.68,40,399,36.6,3,Filed,70.4,6,25.6,Partial,19.0,67.7,1
b8d7547a,Tamil Nadu,Salem,Power Transmission,20.62,112,761,88.3,0,None,39.0,2,22.7,Full,48.4,44.2,0
14446837,Maharashtra,Pune,Industrial Corridor,56.17,73,158,98.0,1,Resolved,38.3,4,7.8,Partial,74.5,42.6,0
612afa4e,Karnataka,Bengaluru,Industrial Corridor,1.55,22,54,10.9,0,None,30.2,5,15.5,Full,73.2,61.4,0
9343287a,Tamil Nadu,Chennai,Urban Development,2.84,17,902,26.3,1,Under Hearing,47.0,2,20.6,Not Started,92.2,37.4,1
d8d977bc,Karnataka,Hubballi,Urban Development,7.39,98,881,31.0,0,None,77.8,1,27.7,Not Started,33.2,44.9,1
46059ca4,Rajasthan,Jodhpur,Railway,2.53,293,203,24.8,3,Under Hearing,51.0,1,133.4,Not Started,32.5,36.8,1
629deb8d,Tamil Nadu,Salem,Highway,9.47,50,694,70.7,0,None,40.4,4,32.0,Partial,94.9,29.6,0
95e78f3e,Maharashtra,Nagpur,Urban Development,7.82,35,244,42.4,1,Filed,4.2,2,48.8,Full,82.4,26.5,1
29e2ea98,Rajasthan,Kota,Power Transmission,7.02,27,409,20.3,0,None,39.7,2,9.0,Not Started,49.5,48.9,1
5eb49b5b,Odisha,Bhubaneswar,Urban Development,105.42,197,1033,73.2,2,Stay Order,34.2,4,10.6,Not Started,47.8,24.1,1
64fa811f,Tamil Nadu,Madurai,Urban Development,8.48,42,1047,64.3,1,Under Hearing,33.4,3,19.2,Full,83.1,27.7,1
440d10be,Karnataka,Hubballi,Irrigation,101.58,99,1014,29.5,3,Under Hearing,37.9,1,15.6,Full,39.5,45.7,1
924a5a05,Uttar Pradesh,Meerut,Railway,33.1,142,762,91.8,0,None,16.8,1,74.8,Full,7.6,51.8,1
70d2dfb8,Maharashtra,Nashik,Urban Development,4.99,26,1307,53.2,1,Filed,21.2,2,83.6,Not Started,90.2,41.8,1
5f8f588b,Bihar,Gaya,Urban Development,14.93,11,966,2.7,0,None,45.5,3,75.0,Not Started,63.2,50.4,0
1b5635ed,Bihar,Muzaffarpur,Urban Development,48.65,34,1370,20.1,1,Filed,88.7,5,95.1,Full,52.2,34.8,1
31344ee4,Tamil Nadu,Madurai,Irrigation,45.94,26,744,91.8,3,Under Hearing,57.4,5,31.9,Full,33.1,43.5,1
cd6dd3ca,Odisha,Bhubaneswar,Industrial Corridor,23.89,65,1280,30.1,1,Filed,33.0,0,20.6,Partial,45.9,40.2,0
dba8f115,Bihar,Bhagalpur,Highway,81.07,6,527,36.2,0,None,43.9,2,11.9,Partial,37.4,65.5,0
cfa4ac0d,Karnataka,Bengaluru,Irrigation,54.39,170,746,64.7,1,Resolved,15.1,3,3.2,Partial,48.4,19.6,0
bf023d40,Tamil Nadu,Madurai,Power Transmission,4.96,81,1327,61.2,0,None,83.1,3,9.0,Not Started,68.5,28.8,0
91dec062,Uttar Pradesh,Varanasi,Industrial Corridor,81.69,39,883,60.5,2,Filed,42.0,2,25.0,Full,74.3,35.0,0
cd6fe363,West Bengal,Kolkata,Industrial Corridor,16.11,23,989,55.3,0,None,61.1,1,24.5,Not Started,76.0,41.8,1
79a54947,Madhya Pradesh,Bhopal,Highway,112.27,153,566,53.4,1,Under Hearing,51.6,4,30.0,Full,67.9,26.9,1
f6eb1f27,Madhya Pradesh,Jabalpur,Power Transmission,27.12,326,748,14.7,1,Filed,76.3,3,15.3,Partial,35.0,43.8,1
38b12d39,Karnataka,Bengaluru,Irrigation,30.11,32,876,29.0,1,Filed,62.6,1,14.9,Partial,76.9,58.0,0
7e8c6892,Maharashtra,Nagpur,Power Transmission,10.04,64,154,69.3,1,Resolved,61.2,3,33.2,Partial,57.0,33.7,0
cc51dbfa,Rajasthan,Jaipur,Power Transmission,8.45,50,861,25.8,0,None,46.8,0,42.7,Full,81.6,24.1,0
594a4bae,Karnataka,Belagavi,Railway,4.86,173,790,68.2,0,None,71.9,3,93.6,Not Started,27.6,17.7,1
1b17dcb9,Karnataka,Hubballi,Power Transmission,20.86,19,809,61.4,1,Under Hearing,38.3,2,27.1,Not Started,24.7,27.0,1
813153a7,Karnataka,Belagavi,Railway,6.35,31,593,15.9,2,Filed,59.7,2,55.4,Not Started,18.7,62.3,1
1bf07ae6,Gujarat,Rajkot,Highway,19.41,15,935,18.0,0,None,53.6,2,14.7,Partial,72.8,13.4,1
8858a3d5,Odisha,Bhubaneswar,Irrigation,49.85,157,1053,39.6,0,None,58.4,5,4.3,Partial,26.3,26.7,0
e5ab44dd,Tamil Nadu,Chennai,Industrial Corridor,4.85,174,694,66.7,0,None,56.1,0,70.3,Not Started,37.1,44.6,1
b81f70f4,Madhya Pradesh,Bhopal,Urban Development,16.18,54,154,82.2,0,None,79.0,4,8.5,Not Started,75.6,5.2,0
9878a3bc,Uttar Pradesh,Agra,Urban Development,12.19,29,1286,15.2,1,Filed,35.1,1,14.4,Full,51.4,23.6,0
b1874b23,Uttar Pradesh,Agra,Urban Development,2.48,25,838,21.9,0,None,28.6,3,2.9,Not Started,58.6,28.6,1
0b3052d6,Madhya Pradesh,Jabalpur,Highway,1.13,41,1086,42.3,0,None,32.4,6,29.5,Partial,50.6,60.0,1
919478d7,Bihar,Bhagalpur,Highway,21.34,70,345,66.3,1,Under Hearing,28.3,0,16.5,Not Started,8.2,56.3,1
640e3263,Madhya Pradesh,Jabalpur,Power Transmission,34.42,43,1161,42.3,1,Stay Order,15.6,3,52.9,Full,48.0,27.8,1
2764f1d0,Bihar,Bhagalpur,Irrigation,13.51,69,1326,15.6,1,Filed,72.3,6,17.4,Partial,26.6,23.4,1
1d384db7,Uttar Pradesh,Agra,Urban Development,8.75,5,1204,37.0,3,Filed,66.3,4,22.7,Full,86.7,48.0,0
c005118b,Gujarat,Vadodara,Power Transmission,9.85,62,1450,48.1,0,None,49.5,1,66.0,Full,65.4,16.1,0
bc7113f3,Tamil Nadu,Coimbatore,Urban Development,2.91,608,858,61.8,0,None,69.0,3,28.7,Partial,52.2,44.3,1
8b94fe1b,Tamil Nadu,Salem,Highway,25.11,84,417,13.9,0,None,25.3,4,30.4,Partial,56.1,45.8,0
1711bae0,Odisha,Rourkela,Power Transmission,11.22,123,1109,83.9,1,Under Hearing,48.9,1,16.9,Full,26.9,60.6,1
2bbfc506,Tamil Nadu,Coimbatore,Highway,26.43,46,1121,42.2,2,Stay Order,29.8,2,36.3,Full,74.5,24.0,1
28d3b547,West Bengal,Durgapur,Power Transmission,3.16,300,529,45.6,0,None,87.9,1,26.8,Partial,40.2,32.1,1
5ccae6ac,Tamil Nadu,Salem,Railway,22.08,5,593,54.2,0,None,52.4,1,25.4,Not Started,11.2,43.7,1
d4a565af,Maharashtra,Thane,Highway,7.92,40,293,87.5,0,None,17.4,1,29.7,Partial,60.2,40.7,0
66e85024,Tamil Nadu,Chennai,Power Transmission,8.84,14,739,64.2,1,Under Hearing,65.3,3,60.1,Partial,67.5,49.4,1
74bd4410,Uttar Pradesh,Meerut,Railway,3.72,203,627,61.7,1,Stay Order,77.0,3,9.8,Partial,18.2,28.1,1
3eb205b9,Gujarat,Ahmedabad,Railway,3.23,136,211,72.6,0,None,26.1,1,14.8,Full,69.2,42.5,0
3ec4a6ad,Rajasthan,Jodhpur,Railway,5.15,74,780,64.9,0,None,36.3,4,18.8,Partial,41.8,8.9,1
0d3db180,Tamil Nadu,Madurai,Power Transmission,14.8,82,193,75.2,1,Under Hearing,27.2,2,76.0,Partial,68.3,20.4,1
dfe965e2,Gujarat,Ahmedabad,Urban Development,59.13,73,197,10.0,0,None,50.4,2,22.4,Not Started,71.6,39.9,1
689ca82c,Madhya Pradesh,Bhopal,Highway,2.13,66,1248,35.3,2,Resolved,72.2,2,17.1,Partial,60.3,13.2,0
3ae4d943,Bihar,Gaya,Railway,4.96,17,506,43.5,0,None,22.8,3,15.0,Partial,25.4,31.8,1
50e69c25,Madhya Pradesh,Indore,Railway,47.33,352,1295,55.9,2,Under Hearing,18.7,1,39.1,Full,79.1,42.4,1
2b42e670,Maharashtra,Pune,Industrial Corridor,8.6,13,938,80.9,1,Resolved,54.4,3,10.0,Not Started,42.1,44.8,1
22cbd3ff,Rajasthan,Kota,Highway,2.82,59,924,19.7,0,None,49.9,3,45.2,Not Started,65.6,42.0,1
c90a6d73,Odisha,Bhubaneswar,Industrial Corridor,10.9,124,1292,27.9,1,Stay Order,41.8,2,34.6,Partial,50.2,53.3,1
6e94a0ed,Karnataka,Belagavi,Power Transmission,375.74,6,1138,28.2,1,Stay Order,55.9,2,23.3,Partial,63.6,18.0,1
0884e798,Karnataka,Mysuru,Railway,4.91,34,240,40.9,3,Resolved,36.8,3,16.9,Full,88.6,32.3,0
ebf54140,Gujarat,Rajkot,Industrial Corridor,12.45,40,1351,70.0,0,None,36.3,1,11.7,Not Started,53.1,27.1,1
491c1271,Uttar Pradesh,Lucknow,Railway,30.73,44,203,18.5,2,Resolved,71.8,0,35.4,Partial,77.1,10.4,0
ddae306b,Maharashtra,Nagpur,Railway,18.87,51,1200,87.8,1,Under Hearing,72.8,2,9.3,Full,59.8,28.1,0
00cbf6cc,West Bengal,Kolkata,Irrigation,20.32,167,269,53.8,0,None,44.1,1,5.0,Full,78.8,30.6,0
5e1ec007,Odisha,Bhubaneswar,Urban Development,11.13,217,1320,93.2,0,None,49.5,2,12.1,Full,31.9,43.6,0
0085c7b8,Odisha,Bhubaneswar,Power Transmission,16.16,24,1192,65.5,0,None,42.0,0,113.6,Partial,95.5,12.4,1
db96d6f7,Uttar Pradesh,Meerut,Industrial Corridor,8.93,75,1236,85.0,1,Under Hearing,46.9,3,13.3,Not Started,62.3,54.1,1
59e84214,Uttar Pradesh,Kanpur,Irrigation,16.3,971,799,83.0,2,Filed,26.6,1,42.5,Not Started,87.7,34.2,1
74ad505f,Tamil Nadu,Salem,Urban Development,45.49,125,934,45.1,0,None,54.8,2,45.1,Full,75.2,38.0,0
1775d0b9,Maharashtra,Aurangabad,Highway,26.04,18,934,43.9,1,Under Hearing,43.6,0,16.8,Full,76.2,42.0,0
6efc01bd,Madhya Pradesh,Jabalpur,Power Transmission,3.06,108,1482,46.1,1,Resolved,54.3,2,25.4,Full,68.3,17.3,0
1d53b536,Gujarat,Ahmedabad,Industrial Corridor,29.77,17,283,40.9,0,None,64.5,4,4.8,Partial,81.9,32.2,0
37c56750,Uttar Pradesh,Varanasi,Industrial Corridor,3.79,46,625,77.0,1,Under Hearing,33.4,4,13.7,Partial,12.6,38.1,0
df05f105,Bihar,Gaya,Power Transmission,25.36,62,163,52.9,2,Under Hearing,89.9,2,32.8,Full,61.0,13.0,0
88e0d2d3,Maharashtra,Pune,Industrial Corridor,107.7,53,995,44.4,1,Under Hearing,33.8,1,17.9,Partial,90.9,58.7,1
e425465f,Gujarat,Surat,Railway,12.15,11,850,60.0,0,None,61.5,4,42.8,Partial,40.9,57.7,1
12618044,Madhya Pradesh,Gwalior,Railway,49.87,55,838,81.1,1,Resolved,44.4,4,30.3,Partial,66.4,29.7,1
120b178b,Tamil Nadu,Coimbatore,Urban Development,6.71,6,235,68.3,0,None,44.3,1,57.2,Partial,65.9,36.9,1
52120e58,Uttar Pradesh,Varanasi,Industrial Corridor,21.37,83,1321,25.7,1,Resolved,50.0,3,23.6,Partial,63.7,20.1,0
5b90238a,Rajasthan,Jodhpur,Railway,24.54,20,771,78.9,1,Resolved,37.2,6,14.9,Full,69.2,27.6,0
783854a2,Odisha,Rourkela,Irrigation,114.55,49,1475,66.0,1,Filed,70.5,5,47.7,Full,37.0,31.8,1
473857d5,Uttar Pradesh,Kanpur,Railway,59.48,156,773,28.7,1,Under Hearing,51.0,4,18.3,Full,82.1,41.2,0
e5117d7e,Tamil Nadu,Madurai,Urban Development,1.3,745,133,77.8,1,Under Hearing,15.6,4,58.6,Not Started,87.6,43.8,1
a82d246f,Gujarat,Surat,Railway,13.87,41,766,45.2,0,None,31.5,2,34.6,Not Started,26.9,27.0,1
f41f22bd,Odisha,Bhubaneswar,Industrial Corridor,12.25,420,571,78.6,1,Filed,56.6,2,41.8,Full,47.8,28.0,1
505a668a,Maharashtra,Nashik,Industrial Corridor,8.57,87,875,62.3,0,None,78.4,2,16.4,Full,68.1,33.3,0
b5eff085,Gujarat,Ahmedabad,Highway,6.74,27,868,73.2,0,None,38.6,3,49.3,Full,51.5,20.3,0
9c8af163,Uttar Pradesh,Agra,Industrial Corridor,3.57,58,615,43.8,1,Filed,26.4,3,32.0,Not Started,96.4,28.8,1
046cb5fa,Uttar Pradesh,Varanasi,Railway,8.68,562,666,91.6,0,None,22.3,0,34.8,Partial,29.8,30.2,0
206f137b,Uttar Pradesh,Varanasi,Highway,50.17,11,46,53.2,2,Resolved,41.6,3,3.8,Partial,72.0,48.6,0
135b5fe3,West Bengal,Howrah,Urban Development,6.69,35,891,42.0,1,Under Hearing,28.7,6,29.9,Partial,33.1,51.2,1
b170f83d,Uttar Pradesh,Lucknow,Irrigation,6.76,31,556,20.8,0,None,21.0,3,23.5,Partial,19.5,38.5,1
6f0b834b,Karnataka,Mysuru,Power Transmission,118.83,23,835,84.7,1,Filed,87.0,5,33.2,Partial,17.3,9.9,0
e46965d9,Tamil Nadu,Salem,Industrial Corridor,6.04,182,158,17.6,2,Under Hearing,35.5,1,9.8,Full,48.6,10.2,1
f8203b06,Rajasthan,Kota,Irrigation,4.07,86,417,46.1,0,None,24.5,0,54.8,Partial,67.6,46.5,1
5aff3a92,Rajasthan,Udaipur,Irrigation,5.49,8,873,30.6,0,None,65.8,1,24.5,Partial,58.7,32.1,1
a6c4aa8f,Madhya Pradesh,Jabalpur,Highway,14.63,41,1205,22.1,1,Under Hearing,22.2,6,18.1,Partial,74.1,62.1,1
0a059403,Karnataka,Mysuru,Irrigation,5.5,114,1317,69.8,0,None,78.4,6,9.7,Full,85.3,47.7,0
27095067,Madhya Pradesh,Indore,Railway,13.81,145,233,54.4,0,None,57.5,1,48.2,Full,55.5,23.5,1
fe412698,Rajasthan,Udaipur,Power Transmission,17.25,44,1420,11.7,1,Under Hearing,30.7,7,9.4,Not Started,33.8,17.9,1
3a6a7667,West Bengal,Howrah,Highway,1.59,21,98,63.9,2,Resolved,32.5,3,62.7,Partial,13.0,5.8,0
6c27ccbc,Karnataka,Mysuru,Power Transmission,9.24,25,198,33.9,1,Filed,51.5,2,14.2,Full,65.2,60.7,0
6d8b6c3e,Rajasthan,Kota,Highway,17.58,42,584,48.6,0,None,50.4,3,19.0,Not Started,17.5,41.5,1
f177104c,Rajasthan,Kota,Industrial Corridor,94.15,30,551,73.4,1,Under Hearing,54.1,0,11.0,Partial,73.4,28.9,1
d21cc5fd,Tamil Nadu,Salem,Power Transmission,8.34,43,51,82.1,3,Filed,32.1,4,23.7,Full,61.7,37.4,0
9ef00ee8,Karnataka,Belagavi,Railway,15.59,25,258,92.6,1,Filed,62.0,0,2.3,Full,46.4,22.7,0
705871fc,Bihar,Muzaffarpur,Power Transmission,46.0,40,815,26.1,1,Filed,58.4,3,63.0,Not Started,46.9,44.6,1
079f3ff1,Bihar,Patna,Power Transmission,1.68,14,1441,30.5,1,Resolved,25.0,3,30.4,Not Started,32.3,40.6,1
bf0e2e8b,Odisha,Bhubaneswar,Urban Development,45.97,45,520,39.7,1,Resolved,36.4,0,48.5,Full,74.5,5.0,1
ead952c1,Maharashtra,Pune,Urban Development,80.18,80,152,88.8,1,Filed,32.6,1,30.7,Full,83.0,51.0,0
c300c8aa,Gujarat,Surat,Urban Development,7.06,334,353,93.6,0,None,55.1,3,45.6,Not Started,89.2,24.2,1
4f064bd7,Rajasthan,Jaipur,Power Transmission,9.55,64,1426,57.8,1,Resolved,49.8,1,73.4,Not Started,53.0,53.8,0
b350b1a5,Gujarat,Ahmedabad,Industrial Corridor,9.09,5,301,84.6,0,None,65.7,2,96.0,Partial,23.5,55.9,1
3ac21b45,Odisha,Bhubaneswar,Industrial Corridor,1.89,644,1354,87.2,0,None,51.8,2,26.7,Not Started,86.5,14.3,1
b2ca62b3,Karnataka,Belagavi,Power Transmission,12.69,109,374,73.5,1,Filed,48.7,3,11.2,Not Started,65.8,39.0,0
1d55111b,Rajasthan,Kota,Urban Development,13.47,599,250,47.3,2,Filed,44.3,4,13.1,Not Started,83.6,43.9,1
9649f01f,West Bengal,Howrah,Power Transmission,32.01,21,762,53.5,1,Filed,79.8,3,30.3,Partial,62.2,39.5,0
cd4be318,Tamil Nadu,Madurai,Power Transmission,4.48,171,839,18.3,2,Under Hearing,27.0,2,40.7,Full,42.6,44.9,1
edda0c07,Uttar Pradesh,Lucknow,Railway,22.31,49,1487,68.5,4,Stay Order,49.4,3,15.7,Partial,72.4,5.0,1
09f734d1,Tamil Nadu,Salem,Urban Development,1.58,89,1161,70.4,0,None,52.6,1,6.9,Partial,55.4,16.8,1
760577f4,Odisha,Rourkela,Power Transmission,8.08,77,1394,72.9,1,Under Hearing,54.1,2,14.3,Not Started,50.3,24.0,0
a0b8b8a3,Madhya Pradesh,Bhopal,Highway,6.83,16,1197,31.2,1,Filed,70.4,1,11.7,Not Started,64.9,36.4,0
0872c49f,Tamil Nadu,Coimbatore,Irrigation,30.7,89,1440,73.2,0,None,35.4,3,20.9,Full,52.1,47.1,1
c2f146c1,Uttar Pradesh,Agra,Power Transmission,26.82,24,127,72.1,2,Filed,42.9,1,10.5,Partial,66.6,47.8,0
bf8db45b,Uttar Pradesh,Varanasi,Power Transmission,2.17,13,1165,68.3,1,Filed,40.6,2,41.8,Partial,19.8,25.0,1
afff3320,Maharashtra,Nashik,Industrial Corridor,11.47,17,553,69.1,0,None,45.4,5,53.1,Full,46.0,27.3,1
cec09bb4,West Bengal,Howrah,Irrigation,3.4,12,1385,90.3,2,Under Hearing,61.7,2,11.9,Partial,52.7,42.4,0
a5f76fc1,West Bengal,Siliguri,Railway,34.99,37,965,80.1,0,None,4.3,5,29.3,Partial,54.6,38.6,1
525090c3,Maharashtra,Thane,Railway,10.45,104,1301,53.7,1,Filed,74.2,3,8.2,Full,62.1,37.4,1
78fe3af2,Karnataka,Mysuru,Industrial Corridor,12.25,37,788,88.5,1,Under Hearing,29.8,8,11.5,Full,71.3,49.0,1
74bec2cd,Karnataka,Mysuru,Industrial Corridor,6.08,36,203,81.5,0,None,15.5,3,25.7,Full,91.7,29.2,1
d4375cdf,Rajasthan,Jodhpur,Power Transmission,26.02,47,769,60.3,0,None,71.0,3,36.8,Full,48.5,49.5,0
2d1b65f6,Madhya Pradesh,Jabalpur,Railway,22.23,423,215,64.7,2,Filed,47.2,2,9.9,Full,63.1,37.2,1
78a712ad,Tamil Nadu,Chennai,Irrigation,15.9,84,108,4.3,5,Filed,82.4,2,31.5,Not Started,52.3,57.6,1
8ec69a2d,Karnataka,Bengaluru,Power Transmission,14.11,243,524,72.6,0,None,69.3,1,27.3,Full,35.8,42.9,0
e9c41e34,West Bengal,Howrah,Highway,23.69,63,783,43.3,0,None,23.0,1,74.3,Partial,71.0,63.2,1
05461598,Bihar,Bhagalpur,Urban Development,11.79,310,1487,89.1,0,None,5.6,4,46.4,Full,20.5,34.9,0
9c93d7a8,West Bengal,Howrah,Highway,35.22,33,1445,61.3,1,Filed,31.2,1,13.1,Partial,35.5,31.9,0
cbefd191,West Bengal,Kolkata,Power Transmission,3.76,653,877,50.8,1,Stay Order,49.5,1,56.1,Full,40.2,29.3,1
46b6e402,Maharashtra,Aurangabad,Irrigation,24.41,24,87,51.4,1,Under Hearing,20.1,6,68.8,Full,51.0,29.3,1
b4787051,West Bengal,Kolkata,Railway,3.5,121,707,29.9,1,Filed,91.3,5,28.1,Partial,65.4,34.8,1
94cb1a1f,Odisha,Cuttack,Railway,6.82,25,663,74.7,0,None,87.4,1,8.7,Partial,32.1,31.0,0
5f64fc30,Uttar Pradesh,Agra,Urban Development,4.92,13,944,47.4,1,Stay Order,67.3,1,18.9,Full,24.7,61.3,0
4f64028e,Gujarat,Rajkot,Power Transmission,4.15,65,1455,51.4,1,Resolved,53.5,4,26.9,Not Started,77.4,46.7,1
f61b8377,Bihar,Gaya,Industrial Corridor,10.8,508,30,27.2,0,None,56.4,2,33.7,Partial,30.4,59.1,1
f1164ad4,Maharashtra,Nashik,Railway,23.55,20,454,52.1,0,None,59.0,2,11.5,Partial,19.6,47.7,0
b0f0bce3,West Bengal,Durgapur,Industrial Corridor,7.54,412,1497,67.9,1,Filed,39.7,5,13.6,Full,22.8,26.2,1
5edbf7de,Odisha,Rourkela,Irrigation,1.24,12,559,66.7,1,Under Hearing,12.5,4,18.3,Partial,28.8,51.9,1
16158854,Tamil Nadu,Salem,Highway,11.59,51,1282,47.5,0,None,81.1,5,29.4,Partial,38.2,33.5,0
5bf2ba58,Maharashtra,Nashik,Power Transmission,37.41,10,1467,41.8,1,Filed,43.4,0,28.9,Partial,32.8,13.4,1
898de7fa,Odisha,Cuttack,Urban Development,99.52,26,745,32.2,0,None,47.9,3,20.1,Partial,55.5,54.3,1
d5adaf6f,Gujarat,Ahmedabad,Railway,29.24,38,1392,29.6,0,None,27.0,0,93.7,Not Started,46.8,56.6,1
2de2d783,Bihar,Patna,Irrigation,12.13,144,306,24.1,0,None,29.0,0,17.4,Not Started,90.0,26.4,1
530c1e52,Tamil Nadu,Salem,Urban Development,0.99,52,1409,62.6,1,Under Hearing,59.9,1,16.8,Full,67.0,57.0,1
c323a2a7,Bihar,Patna,Power Transmission,19.59,279,110,67.8,1,Under Hearing,63.9,1,6.0,Partial,62.4,5.0,0
b82d5a73,Bihar,Gaya,Railway,11.93,132,393,79.4,0,None,30.8,3,21.5,Full,75.5,33.5,1
fda5cf13,Bihar,Patna,Irrigation,9.67,34,165,2.5,1,Filed,31.1,3,45.1,Partial,79.7,25.8,1
4a897b34,Rajasthan,Kota,Urban Development,9.95,323,1430,65.2,1,Stay Order,77.4,5,47.9,Not Started,57.3,30.4,1
18890d0a,Odisha,Cuttack,Industrial Corridor,11.0,106,533,60.8,0,None,39.4,3,68.8,Partial,30.5,36.3,1
423db0cd,Tamil Nadu,Coimbatore,Highway,14.01,23,500,26.4,0,None,78.8,1,21.0,Not Started,65.9,39.9,1
468d8328,Uttar Pradesh,Kanpur,Highway,4.52,28,788,37.6,1,Filed,40.4,4,9.2,Partial,82.4,62.2,1
10f76bbe,Odisha,Cuttack,Power Transmission,11.88,9,1200,86.0,0,None,32.7,3,45.7,Full,74.5,33.0,1
3a621091,Odisha,Cuttack,Railway,17.28,28,1468,74.2,1,Under Hearing,28.3,5,47.2,Full,55.3,34.6,0
3e8fd679,Maharashtra,Nagpur,Railway,31.21,169,144,43.6,0,None,46.1,5,39.4,Full,63.8,52.8,1
0575e298,Tamil Nadu,Salem,Irrigation,1.3,305,640,35.4,1,Resolved,26.4,2,13.1,Full,55.4,46.7,0
bdf843be,Bihar,Muzaffarpur,Irrigation,15.51,24,1254,37.9,1,Resolved,62.4,1,52.0,Full,86.3,22.2,0
32bdbdb9,Tamil Nadu,Salem,Urban Development,10.14,114,253,82.8,0,None,23.7,1,43.9,Partial,38.8,41.7,0
04c02e34,West Bengal,Howrah,Railway,62.48,7,812,56.9,0,None,26.5,2,12.8,Full,62.7,48.2,0
26fd35a3,Karnataka,Hubballi,Highway,19.8,22,822,32.4,1,Under Hearing,78.2,1,22.3,Full,37.2,42.0,0
d9070df1,Bihar,Patna,Urban Development,12.38,4,457,43.7,1,Filed,50.9,3,56.3,Not Started,89.6,16.9,1
adc17a97,West Bengal,Durgapur,Industrial Corridor,2.59,32,1475,62.8,2,Filed,32.9,3,17.5,Partial,63.2,47.2,1
c6a3a473,Uttar Pradesh,Varanasi,Urban Development,11.65,320,615,57.3,0,None,41.6,3,69.4,Not Started,65.1,56.0,1
1a672456,Bihar,Muzaffarpur,Power Transmission,6.92,5,653,11.3,2,Resolved,87.6,3,56.3,Partial,60.8,19.3,0
f7fbc26d,Rajasthan,Udaipur,Railway,13.15,70,1023,53.2,0,None,97.4,0,35.8,Not Started,47.1,30.4,1
ca062a0f,Bihar,Muzaffarpur,Railway,9.3,26,1187,76.0,0,None,22.9,2,30.8,Full,36.4,40.6,0
9f7c4bd5,Maharashtra,Nashik,Highway,65.95,28,979,58.3,3,Under Hearing,61.0,2,40.2,Full,24.9,43.3,1
1462514a,Uttar Pradesh,Meerut,Railway,3.11,108,454,39.6,0,None,68.0,2,73.4,Full,95.7,22.0,0
1ac9fc54,Odisha,Bhubaneswar,Irrigation,14.66,16,112,30.8,0,None,4.2,2,12.5,Not Started,70.0,60.4,1
a3ab9002,West Bengal,Durgapur,Highway,20.75,54,1456,32.4,0,None,55.4,4,8.6,Full,66.2,5.0,1
70e4aa5e,Bihar,Gaya,Irrigation,32.04,18,475,41.2,0,None,15.9,5,11.4,Full,52.9,31.4,0
70117999,Tamil Nadu,Salem,Urban Development,6.13,43,619,14.5,0,None,60.6,3,58.3,Full,91.1,80.0,0
2d2a03a3,Bihar,Muzaffarpur,Highway,4.39,74,670,64.8,1,Filed,82.7,4,9.3,Partial,78.9,67.2,1
be7627f9,West Bengal,Howrah,Power Transmission,52.02,155,1320,45.6,2,Under Hearing,65.1,1,9.4,Partial,86.4,29.5,0
e817885c,Gujarat,Vadodara,Urban Development,15.57,21,199,32.0,0,None,44.7,0,40.5,Partial,43.9,52.1,1
8aa54fd8,Maharashtra,Nashik,Railway,9.62,67,757,13.6,0,None,65.6,3,19.3,Partial,78.8,27.6,0
b94da3d2,Uttar Pradesh,Varanasi,Railway,36.85,14,1147,40.4,0,None,65.4,4,27.2,Partial,39.6,5.0,1
283d3fcd,Madhya Pradesh,Indore,Industrial Corridor,6.1,80,397,30.9,1,Resolved,61.6,3,47.7,Full,59.2,31.7,1
d428fc35,Odisha,Cuttack,Power Transmission,22.77,196,667,73.9,0,None,79.4,3,13.1,Full,52.2,18.2,0
85e6cb87,Maharashtra,Pune,Power Transmission,74.99,79,262,59.1,1,Under Hearing,46.3,1,29.5,Partial,53.9,47.2,1
8023a84b,Rajasthan,Jodhpur,Highway,9.82,101,1082,86.5,1,Resolved,57.5,1,33.5,Not Started,39.2,27.1,1
1418a540,Madhya Pradesh,Gwalior,Industrial Corridor,10.48,270,1223,22.5,0,None,23.6,4,35.9,Not Started,34.3,50.5,1
56b00104,Rajasthan,Jaipur,Industrial Corridor,5.61,77,1488,86.0,1,Filed,68.9,3,18.6,Full,67.4,31.9,0
3d0d7fbd,Odisha,Bhubaneswar,Highway,24.07,48,1372,33.7,0,None,43.4,2,52.4,Full,54.1,34.5,1
c457eae3,Gujarat,Rajkot,Urban Development,102.49,8,889,83.3,0,None,50.7,0,39.8,Not Started,23.1,48.4,0
b7d6af2d,Bihar,Patna,Irrigation,3.83,239,288,87.8,1,Filed,29.8,6,46.6,Partial,64.6,61.7,1
2019836f,Maharashtra,Aurangabad,Railway,27.91,35,1170,56.0,1,Resolved,62.8,4,32.0,Full,43.5,34.4,0
bee98f0f,Maharashtra,Thane,Irrigation,4.07,42,714,38.2,1,Under Hearing,26.8,1,21.7,Partial,73.2,12.8,1
2e056a7a,Odisha,Bhubaneswar,Railway,5.06,47,1118,51.1,0,None,63.5,0,24.7,Full,61.0,5.0,0
39be812b,Bihar,Patna,Railway,15.55,127,243,31.3,1,Stay Order,35.7,1,14.0,Not Started,42.4,48.6,1
5216c233,Bihar,Patna,Urban Development,15.06,81,610,60.2,0,None,64.8,2,61.7,Full,61.5,35.2,0
0b6dbb4a,Maharashtra,Nagpur,Irrigation,14.1,153,1157,56.1,2,Stay Order,53.4,3,23.3,Not Started,82.0,16.9,1
d1bbb2bc,Rajasthan,Jodhpur,Industrial Corridor,32.6,11,1249,23.9,0,None,40.7,0,28.2,Partial,90.4,50.6,1
2cff1068,Odisha,Bhubaneswar,Irrigation,36.93,175,446,21.1,0,None,31.4,4,18.7,Not Started,39.5,20.8,1
de1c62db,Odisha,Cuttack,Industrial Corridor,15.99,61,856,65.6,2,Under Hearing,47.0,2,16.7,Not Started,45.0,29.0,1
e6f0f92f,Rajasthan,Jodhpur,Industrial Corridor,14.53,35,877,74.6,0,None,45.2,2,28.4,Partial,62.7,44.7,0
a5e6a3cb,Gujarat,Rajkot,Industrial Corridor,8.23,51,126,59.2,0,None,74.7,4,16.5,Full,53.1,39.7,1
e7bb342e,Uttar Pradesh,Kanpur,Power Transmission,8.24,1,239,24.9,0,None,30.0,3,36.5,Partial,29.3,43.7,1
e848c717,Karnataka,Belagavi,Urban Development,13.9,181,87,77.0,1,Resolved,41.7,3,18.1,Not Started,79.1,10.7,0
a771d226,Bihar,Gaya,Irrigation,3.53,40,947,25.4,0,None,50.0,3,52.0,Full,75.6,33.0,1
c5467801,Bihar,Bhagalpur,Power Transmission,30.31,85,140,67.1,0,None,58.2,3,30.1,Not Started,53.3,21.3,1
346319c4,Odisha,Bhubaneswar,Irrigation,17.65,220,654,60.8,0,None,17.3,3,9.4,Partial,22.8,29.9,1
245d03bc,Bihar,Patna,Industrial Corridor,5.86,227,840,69.8,0,None,50.3,1,58.2,Partial,23.0,37.0,0
a7558ce6,Uttar Pradesh,Lucknow,Power Transmission,16.55,31,656,81.1,0,None,79.8,0,19.9,Full,42.2,33.7,0
2ebebbab,Karnataka,Hubballi,Irrigation,0.61,34,795,10.4,0,None,75.6,0,35.8,Partial,92.3,34.6,0
9abe422c,Rajasthan,Jaipur,Industrial Corridor,1.41,237,462,67.5,1,Filed,63.4,2,9.4,Partial,32.5,64.0,0
d473c1e0,Madhya Pradesh,Bhopal,Railway,6.63,125,822,3.6,0,None,33.5,2,14.8,Not Started,43.7,5.0,0
8e5ed114,Uttar Pradesh,Lucknow,Urban Development,7.28,35,46,49.0,1,Under Hearing,55.9,2,54.7,Full,55.1,23.1,1
31bf783b,Tamil Nadu,Chennai,Urban Development,23.61,155,1193,46.9,1,Filed,65.0,2,36.3,Not Started,42.3,14.7,1
ffcc717e,Rajasthan,Jodhpur,Industrial Corridor,6.83,50,149,35.1,2,Under Hearing,14.8,1,34.0,Full,69.7,53.6,0
94ef9487,West Bengal,Durgapur,Railway,7.02,25,841,44.6,0,None,58.1,4,21.9,Full,59.4,36.7,0
ea023770,Madhya Pradesh,Gwalior,Urban Development,11.63,10,538,63.1,0,None,15.3,0,21.3,Partial,87.3,11.3,1
0880ec4b,Maharashtra,Aurangabad,Industrial Corridor,23.49,12,1216,45.3,1,Under Hearing,55.1,2,78.1,Partial,86.7,11.2,1
8acec58e,Bihar,Bhagalpur,Power Transmission,2.02,84,675,18.6,3,Under Hearing,39.3,0,59.8,Full,26.8,51.0,1
b74ecca2,Odisha,Rourkela,Power Transmission,3.37,28,1263,74.7,2,Resolved,35.1,3,65.0,Not Started,28.3,17.0,1
b37dc255,Uttar Pradesh,Agra,Urban Development,71.2,49,568,42.2,2,Under Hearing,43.8,1,27.6,Full,75.6,34.2,0
df24cb58,Uttar Pradesh,Agra,Railway,6.95,9,1320,56.7,1,Under Hearing,53.7,5,44.5,Partial,68.8,33.5,1
c29a9909,Odisha,Bhubaneswar,Industrial Corridor,10.17,7,433,41.7,0,None,35.5,3,72.4,Partial,59.5,58.2,1
8f84e58e,Madhya Pradesh,Gwalior,Urban Development,82.92,47,611,78.1,1,Under Hearing,71.9,1,39.0,Not Started,52.4,53.3,1
860fb36c,Karnataka,Hubballi,Urban Development,5.4,70,394,78.4,1,Under Hearing,33.8,2,22.0,Partial,79.7,43.7,1
6bf14b2a,Tamil Nadu,Salem,Highway,22.79,19,879,62.5,1,Resolved,23.1,0,48.7,Not Started,78.9,46.9,1
207a2c55,Odisha,Cuttack,Urban Development,15.41,65,1237,37.6,0,None,46.0,3,59.3,Full,86.4,65.5,1
09de676c,Karnataka,Mysuru,Urban Development,40.5,29,494,89.7,1,Filed,32.9,3,32.0,Full,89.8,32.1,1
ac2ca8c3,Tamil Nadu,Salem,Industrial Corridor,15.78,12,1210,33.3,0,None,65.8,2,2.8,Full,38.1,24.8,0
e0f6a507,Odisha,Rourkela,Urban Development,51.0,32,1470,34.2,1,Filed,64.8,3,16.6,Not Started,70.7,39.5,1
60c95194,West Bengal,Kolkata,Urban Development,89.67,29,1382,46.9,1,Filed,50.4,2,15.6,Partial,40.9,16.2,0
efca3702,Tamil Nadu,Madurai,Power Transmission,28.91,28,1376,40.6,2,Stay Order,61.6,3,6.3,Full,70.8,30.0,1
07396d06,Gujarat,Rajkot,Railway,19.2,118,916,35.7,0,None,44.1,4,49.1,Partial,76.1,36.1,1
4b50fe9b,Madhya Pradesh,Bhopal,Irrigation,41.7,12,856,57.7,0,None,69.5,3,55.8,Full,20.0,55.0,1
861f83e0,Rajasthan,Jodhpur,Railway,6.65,27,401,80.3,0,None,72.1,1,65.6,Partial,75.2,50.2,1
05334c70,West Bengal,Kolkata,Irrigation,7.45,34,310,77.3,0,None,50.2,7,36.3,Full,43.1,50.8,1
804d1acf,Bihar,Gaya,Urban Development,14.65,18,701,67.0,1,Filed,50.4,4,12.3,Partial,51.5,62.8,1
e3365ec0,Tamil Nadu,Salem,Power Transmission,40.22,175,840,41.5,0,None,51.0,2,13.9,Partial,51.6,29.5,1
1792e43a,Uttar Pradesh,Meerut,Irrigation,10.84,178,469,60.7,0,None,17.2,0,35.8,Full,21.1,19.2,1
da7af3cc,Gujarat,Ahmedabad,Urban Development,5.08,37,544,85.6,0,None,33.3,3,12.9,Full,58.5,34.7,1
4c0eebd1,Uttar Pradesh,Meerut,Highway,16.89,37,404,72.4,0,None,36.9,0,36.9,Partial,81.7,49.8,1
897f9845,Rajasthan,Jaipur,Power Transmission,80.06,55,867,86.8,1,Filed,87.4,3,80.5,Not Started,39.9,49.4,0
cc77c0a9,Bihar,Muzaffarpur,Industrial Corridor,6.25,82,1480,57.0,2,Filed,90.6,5,68.4,Full,84.6,20.0,1
57883e4f,Karnataka,Belagavi,Power Transmission,19.92,69,1182,21.1,1,Filed,21.0,5,49.2,Not Started,77.2,25.4,1
4cb98db8,Bihar,Gaya,Industrial Corridor,11.09,34,817,76.8,1,Filed,61.6,1,24.3,Not Started,37.4,13.2,1
f4842f69,Rajasthan,Jodhpur,Power Transmission,6.0,131,555,51.3,1,Filed,69.7,3,19.2,Partial,84.9,52.9,0
da78c347,Odisha,Cuttack,Railway,6.69,33,1308,42.5,0,None,41.7,3,27.5,Full,28.8,19.6,0
d1b5c5cb,Madhya Pradesh,Indore,Urban Development,111.43,188,633,37.1,2,Resolved,68.2,2,8.5,Partial,62.7,37.4,0
e5cb9c72,Karnataka,Belagavi,Industrial Corridor,2.89,28,362,32.5,1,Filed,63.3,3,39.6,Partial,36.4,24.6,0
ed20b772,Madhya Pradesh,Jabalpur,Industrial Corridor,21.84,27,1073,55.3,0,None,67.9,2,43.3,Not Started,62.7,30.5,1
6a47400d,Bihar,Bhagalpur,Power Transmission,9.21,29,1392,68.8,0,None,29.4,2,15.1,Not Started,85.5,40.6,0
0445c08b,Tamil Nadu,Chennai,Highway,5.0,16,572,19.4,0,None,62.9,2,58.5,Partial,12.0,34.3,1
28d60671,Gujarat,Ahmedabad,Urban Development,6.01,59,1324,79.3,1,Stay Order,78.1,5,9.1,Partial,73.7,8.3,1
c8f4e646,Maharashtra,Nashik,Irrigation,6.9,138,255,23.5,1,Filed,26.3,3,36.6,Not Started,38.8,24.5,1
68d55303,Madhya Pradesh,Jabalpur,Irrigation,3.61,22,1097,58.6,0,None,25.6,0,10.9,Not Started,83.7,10.8,1
a0cf092f,Madhya Pradesh,Jabalpur,Power Transmission,58.97,110,1192,55.6,2,Stay Order,60.2,3,47.1,Not Started,66.1,50.7,1
2ae4c7ee,Karnataka,Mysuru,Urban Development,14.52,9,535,50.0,0,None,72.6,0,14.8,Not Started,81.3,40.9,1
ce3cfc31,Bihar,Patna,Highway,9.68,391,286,23.1,3,Under Hearing,62.2,4,17.2,Not Started,39.4,18.4,1
a660ec39,Bihar,Bhagalpur,Urban Development,13.41,26,1202,79.3,0,None,50.6,1,39.8,Full,92.2,34.3,0
7adcce46,Karnataka,Mysuru,Power Transmission,9.7,12,1041,46.2,2,Under Hearing,32.8,1,12.2,Not Started,67.3,34.6,1
a9c40a70,West Bengal,Durgapur,Industrial Corridor,46.54,71,218,28.5,0,None,49.9,1,56.3,Full,97.1,20.0,0
42634a9d,Odisha,Rourkela,Irrigation,8.53,83,1276,16.1,0,None,66.0,2,56.2,Partial,70.2,29.0,0
e7722fae,Rajasthan,Jaipur,Irrigation,8.07,40,276,2.6,0,None,54.5,1,75.2,Full,91.2,44.6,0
eb900938,Bihar,Muzaffarpur,Highway,8.45,23,1062,37.8,1,Under Hearing,72.0,2,61.7,Not Started,61.4,30.6,1
a86eb6d5,Karnataka,Mysuru,Urban Development,23.95,105,396,20.0,0,None,55.6,2,64.8,Partial,66.8,30.8,0
a68bb887,West Bengal,Howrah,Urban Development,5.31,74,347,32.6,3,Filed,86.9,2,47.7,Partial,67.8,12.9,0
e4fb8ea1,Odisha,Rourkela,Urban Development,97.37,95,1364,65.8,2,Stay Order,58.4,2,14.0,Full,68.7,32.7,1
753ea653,Gujarat,Surat,Industrial Corridor,6.36,37,1373,68.6,1,Filed,47.7,3,33.2,Not Started,24.7,65.5,1
05589365,Madhya Pradesh,Jabalpur,Railway,7.27,44,772,56.5,0,None,64.6,4,59.4,Partial,25.5,56.5,1
994fb888,Bihar,Bhagalpur,Highway,11.57,96,959,29.2,1,Resolved,12.6,1,30.4,Full,79.6,34.6,0
e3e9cfd2,Bihar,Patna,Highway,3.26,28,1194,35.8,2,Under Hearing,24.0,3,24.3,Full,46.6,18.1,1
9bd1929b,Rajasthan,Kota,Industrial Corridor,18.97,57,1051,77.5,0,None,26.3,4,19.8,Partial,79.9,13.1,1
a947bd1a,Bihar,Muzaffarpur,Urban Development,8.77,122,862,45.4,1,Under Hearing,45.8,4,10.1,Not Started,47.9,24.1,1
455d8cfc,Madhya Pradesh,Bhopal,Power Transmission,31.05,50,118,69.2,1,Resolved,40.6,2,9.7,Partial,15.8,68.1,0
e1898aa0,Odisha,Bhubaneswar,Irrigation,30.34,116,1108,34.0,0,None,56.6,3,53.8,Full,76.2,5.0,0
2a7a1a42,Odisha,Rourkela,Irrigation,22.81,23,129,80.8,0,None,67.0,1,113.8,Partial,85.8,38.5,1
dd25b862,Odisha,Rourkela,Irrigation,22.72,22,316,54.8,0,None,45.0,0,5.6,Full,29.4,42.0,1
2a49b1fe,Karnataka,Belagavi,Industrial Corridor,6.56,40,1095,55.9,1,Stay Order,33.1,3,43.9,Partial,19.4,27.6,1
ff0e8c91,Bihar,Patna,Industrial Corridor,10.28,35,230,44.0,2,Filed,40.8,3,46.6,Partial,61.8,31.4,1
9122ef15,West Bengal,Howrah,Railway,7.4,114,632,11.1,0,None,16.6,5,30.6,Partial,72.1,42.9,1
6c65f0eb,Tamil Nadu,Madurai,Highway,9.56,227,788,77.4,3,Under Hearing,32.4,1,24.3,Partial,67.3,30.9,1
c59f279c,Madhya Pradesh,Gwalior,Highway,38.14,6,370,39.2,2,Under Hearing,81.3,1,20.8,Full,66.6,25.9,1
c55c6456,Maharashtra,Thane,Power Transmission,29.11,3,1432,58.0,0,None,63.4,0,24.5,Partial,8.3,24.5,0
73e5493c,Tamil Nadu,Chennai,Irrigation,21.45,25,256,71.4,0,None,35.2,1,58.0,Partial,70.4,35.1,1
5cac7ab7,Gujarat,Vadodara,Railway,29.07,21,271,63.3,0,None,17.2,2,42.4,Full,60.8,46.5,0
433258e6,Tamil Nadu,Coimbatore,Power Transmission,7.27,22,697,52.4,0,None,46.0,2,20.7,Partial,39.2,8.4,1
34927b7c,Tamil Nadu,Coimbatore,Irrigation,4.39,43,100,41.7,1,Filed,28.6,3,24.2,Partial,72.3,11.4,0
b2ea0615,Odisha,Bhubaneswar,Highway,21.55,22,76,31.6,0,None,30.3,1,11.2,Full,42.3,17.4,1
60b55192,Tamil Nadu,Madurai,Irrigation,13.22,23,842,50.7,1,Filed,66.8,3,17.6,Not Started,68.1,15.8,1
b26a0261,Bihar,Bhagalpur,Irrigation,18.83,654,1149,75.0,0,None,64.2,1,53.0,Partial,21.5,23.5,1
948119a6,West Bengal,Kolkata,Irrigation,11.17,57,736,76.9,0,None,59.2,1,5.5,Partial,85.0,8.9,0
3dd62aa3,Madhya Pradesh,Indore,Urban Development,133.2,528,1209,34.5,1,Filed,61.8,2,67.3,Partial,53.0,22.6,1
1ee89e33,Gujarat,Ahmedabad,Railway,11.18,43,894,53.1,0,None,34.5,3,29.5,Full,30.4,12.6,0
183abef1,Tamil Nadu,Madurai,Power Transmission,32.61,58,1265,45.3,0,None,71.9,7,42.5,Full,85.1,24.1,1
8f02c717,Karnataka,Hubballi,Irrigation,50.6,89,229,41.8,1,Stay Order,61.8,1,57.1,Partial,61.2,24.3,0
010bafde,Tamil Nadu,Madurai,Highway,10.1,66,428,38.8,0,None,40.0,5,48.4,Partial,47.8,50.4,1
3b3ced82,Tamil Nadu,Salem,Railway,4.63,114,435,6.5,1,Filed,49.3,2,31.5,Partial,28.1,45.2,1
dc999a11,Bihar,Patna,Power Transmission,20.17,134,1455,9.4,3,Under Hearing,39.5,3,33.8,Full,27.7,46.2,1
169f6522,West Bengal,Durgapur,Power Transmission,95.6,33,65,83.7,1,Resolved,63.5,3,6.9,Not Started,82.2,49.3,0
60bae587,Maharashtra,Thane,Industrial Corridor,15.36,29,1470,46.5,2,Resolved,16.0,3,15.2,Not Started,47.0,53.4,1
e33d7230,Rajasthan,Udaipur,Highway,4.11,53,867,78.4,0,None,12.2,2,23.6,Not Started,30.3,31.8,1
83e682b6,Tamil Nadu,Madurai,Urban Development,6.09,15,484,32.3,0,None,22.7,5,20.1,Full,47.0,28.8,1
f15a7762,West Bengal,Howrah,Power Transmission,105.6,78,1318,83.3,2,Under Hearing,26.7,3,24.3,Full,98.8,37.0,0
ddef1c1d,Odisha,Rourkela,Highway,14.21,31,1435,73.8,1,Stay Order,31.7,3,52.5,Not Started,56.1,23.8,1
5b721e9e,Rajasthan,Udaipur,Industrial Corridor,63.03,35,611,66.9,0,None,2.1,1,21.2,Partial,25.2,57.3,0
7037a41d,Rajasthan,Jaipur,Railway,40.04,22,1308,35.3,1,Under Hearing,39.3,2,43.8,Not Started,44.2,40.4,1
977410e6,Rajasthan,Jodhpur,Highway,31.35,10,1256,56.7,0,None,52.0,4,33.3,Partial,79.4,37.0,0
7517f523,Odisha,Rourkela,Irrigation,105.47,9,1053,14.0,0,None,66.9,1,14.4,Partial,83.2,8.6,0
34d6997b,Gujarat,Vadodara,Power Transmission,20.88,123,1338,72.8,0,None,34.8,0,14.3,Full,36.3,31.4,0
58e99a68,Madhya Pradesh,Indore,Irrigation,2.02,18,260,56.7,0,None,52.2,2,13.1,Partial,66.5,55.5,1
34eef794,Gujarat,Vadodara,Railway,53.36,58,699,74.9,0,None,82.2,2,10.5,Partial,31.6,39.5,1
216c7daf,Gujarat,Rajkot,Power Transmission,10.92,62,138,63.3,0,None,83.2,3,12.8,Partial,25.0,67.2,0
109c22da,Madhya Pradesh,Jabalpur,Railway,5.22,61,768,82.3,0,None,47.3,5,43.4,Partial,59.2,40.3,0
78bb5158,Odisha,Bhubaneswar,Industrial Corridor,5.69,14,94,39.9,0,None,58.4,1,38.2,Partial,87.0,18.4,0
8cfe5972,Maharashtra,Aurangabad,Irrigation,2.08,73,345,61.8,1,Filed,84.8,3,10.0,Not Started,38.0,32.5,1
d7b98ce1,Karnataka,Bengaluru,Urban Development,10.13,20,127,68.3,0,None,14.4,3,25.4,Not Started,45.6,33.0,0
b4fc6e33,West Bengal,Kolkata,Power Transmission,70.09,43,1354,58.2,0,None,47.7,1,99.2,Not Started,10.1,35.6,0
d275ce79,Bihar,Bhagalpur,Power Transmission,10.35,125,446,74.9,1,Filed,58.0,1,51.0,Not Started,71.7,39.4,1
dfb62d32,Bihar,Patna,Highway,4.92,336,197,59.0,1,Filed,73.8,4,62.3,Partial,86.0,22.4,1
5f6236cb,Odisha,Rourkela,Railway,11.87,266,724,20.7,1,Stay Order,8.9,1,31.2,Partial,69.5,23.2,0
c41ce61f,Maharashtra,Aurangabad,Highway,43.0,268,413,43.6,1,Filed,49.6,2,8.4,Not Started,32.4,52.8,1
3c8481c4,West Bengal,Siliguri,Highway,4.2,36,549,71.3,3,Filed,64.9,1,18.4,Full,24.2,41.7,1
73cff575,Bihar,Bhagalpur,Railway,87.62,124,920,29.1,0,None,66.2,2,103.2,Full,44.6,61.1,1
36619498,West Bengal,Durgapur,Irrigation,19.48,82,241,65.7,0,None,63.7,5,38.6,Partial,69.5,67.4,0
408ebab1,Odisha,Rourkela,Irrigation,3.63,93,1144,43.5,1,Filed,63.9,2,37.9,Full,63.2,26.6,1
61baca98,Madhya Pradesh,Gwalior,Power Transmission,18.69,9,648,20.8,0,None,73.5,5,16.3,Full,47.8,37.5,0
6069a07b,Gujarat,Ahmedabad,Irrigation,13.23,64,1130,54.9,1,Stay Order,38.2,4,41.6,Not Started,18.1,24.0,1
86b374eb,Maharashtra,Nashik,Highway,19.03,116,292,43.8,0,None,26.5,3,40.6,Not Started,75.3,28.6,0
bfd5c6fb,Maharashtra,Pune,Irrigation,24.73,16,1264,75.2,0,None,42.5,1,11.0,Partial,75.1,27.7,0
6a9883b0,West Bengal,Siliguri,Railway,4.34,19,302,93.3,0,None,75.3,0,7.3,Full,81.2,39.6,0
69f57fe0,Gujarat,Ahmedabad,Irrigation,8.7,47,892,50.7,0,None,13.6,3,26.6,Partial,90.1,5.0,0
b2734ba3,Bihar,Gaya,Power Transmission,21.11,33,570,7.3,0,None,69.5,2,16.3,Not Started,82.1,52.4,0
be163de4,Odisha,Rourkela,Irrigation,7.82,65,71,81.1,0,None,51.0,1,23.5,Partial,33.4,42.2,1
233269bc,Rajasthan,Kota,Highway,4.81,114,315,96.8,3,Filed,20.3,3,4.8,Partial,47.7,56.9,0
47bd5132,Tamil Nadu,Salem,Industrial Corridor,18.34,6,404,61.7,0,None,70.1,2,44.0,Full,30.0,37.3,0
15cbd35b,Bihar,Muzaffarpur,Industrial Corridor,33.07,36,762,45.7,1,Under Hearing,45.4,3,20.2,Partial,76.0,18.3,1
87d12e99,Odisha,Rourkela,Industrial Corridor,5.67,29,296,65.5,1,Filed,59.2,3,12.1,Not Started,55.0,47.5,0
17247483,Gujarat,Ahmedabad,Railway,11.69,8,682,83.6,0,None,38.2,2,22.8,Partial,83.6,17.1,1
d92bed6d,West Bengal,Durgapur,Highway,1.23,52,1003,61.7,0,None,46.5,4,47.8,Full,54.9,38.4,1
9535a681,Bihar,Bhagalpur,Urban Development,19.22,56,36,29.9,2,Filed,34.5,3,25.4,Full,76.8,42.5,1
121b2a4e,Karnataka,Mysuru,Railway,3.81,5,816,71.5,0,None,41.5,3,12.2,Partial,76.5,44.0,0
56824239,Tamil Nadu,Madurai,Power Transmission,14.88,23,645,43.6,0,None,6.4,1,19.7,Full,86.6,37.8,0
cc3ee792,Madhya Pradesh,Jabalpur,Industrial Corridor,12.45,42,418,41.4,2,Resolved,48.9,1,21.8,Partial,36.0,40.6,1
647d4bf6,Rajasthan,Jaipur,Irrigation,10.99,9,960,37.6,0,None,37.4,1,65.2,Full,67.0,37.5,0
f1f68126,West Bengal,Howrah,Railway,16.78,169,704,24.9,2,Under Hearing,24.2,3,22.2,Partial,64.4,19.6,1
79513ed6,Gujarat,Vadodara,Industrial Corridor,2.67,154,441,46.0,1,Filed,17.8,2,26.3,Not Started,87.8,9.9,0
6792ef89,Gujarat,Surat,Urban Development,4.58,43,1469,17.2,4,Under Hearing,31.7,4,26.1,Full,51.6,31.5,1
b0192d94,Uttar Pradesh,Kanpur,Irrigation,3.52,68,658,16.6,0,None,23.7,3,52.1,Full,41.2,46.9,0
9f9cbba6,West Bengal,Durgapur,Power Transmission,20.26,14,138,46.9,0,None,44.4,4,39.2,Not Started,69.4,42.7,1
78bf2872,Karnataka,Bengaluru,Railway,3.14,31,275,57.8,1,Under Hearing,83.1,2,3.1,Not Started,84.6,22.6,1
1af3a92c,West Bengal,Durgapur,Industrial Corridor,22.43,282,113,56.6,1,Under Hearing,11.7,4,36.2,Partial,46.8,30.0,1
08993f13,Madhya Pradesh,Jabalpur,Industrial Corridor,4.25,154,511,46.2,2,Stay Order,74.6,1,42.6,Partial,47.0,7.7,1
c7b396ef,Odisha,Cuttack,Industrial Corridor,8.65,44,756,67.8,0,None,56.7,3,23.8,Partial,15.8,11.1,0
ce35d303,Odisha,Rourkela,Railway,18.99,26,1008,51.5,1,Under Hearing,53.3,1,46.2,Not Started,52.6,28.9,1
8d3d1b6d,Karnataka,Bengaluru,Irrigation,7.2,37,81,88.8,1,Resolved,83.1,2,20.7,Partial,62.6,51.1,0
438b509a,Maharashtra,Nagpur,Urban Development,10.88,39,43,27.7,1,Filed,27.8,4,66.2,Full,44.9,44.4,1
fef894ac,Madhya Pradesh,Jabalpur,Power Transmission,7.9,101,492,88.7,0,None,49.3,3,14.2,Not Started,85.6,21.6,0
fd1adf9b,Bihar,Muzaffarpur,Urban Development,1.46,270,1335,5.9,1,Resolved,82.4,3,20.8,Partial,60.3,52.8,1
9bc9f011,Uttar Pradesh,Varanasi,Irrigation,15.98,154,1228,77.6,0,None,81.2,2,23.2,Full,74.1,44.5,0
e6af2614,Maharashtra,Aurangabad,Urban Development,7.95,52,409,73.0,1,Resolved,9.8,4,7.9,Partial,78.7,19.5,0
45e7f047,Tamil Nadu,Chennai,Industrial Corridor,4.73,39,1230,42.0,0,None,15.2,0,5.1,Not Started,48.5,45.3,1
c0c5d15e,Odisha,Cuttack,Highway,63.86,37,93,22.6,0,None,40.1,4,12.2,Full,75.9,39.7,0
2eaac622,Odisha,Bhubaneswar,Urban Development,33.37,74,417,76.8,0,None,33.1,0,26.8,Partial,8.5,23.1,1
ef5d2712,Bihar,Bhagalpur,Railway,16.38,109,1101,40.6,1,Resolved,31.5,2,30.4,Partial,23.5,35.0,0
ebabf7c6,West Bengal,Kolkata,Railway,10.28,4,1192,59.3,0,None,74.6,1,25.2,Full,57.9,57.7,0
5e30ae50,Gujarat,Ahmedabad,Irrigation,21.99,99,655,48.6,1,Filed,17.2,2,12.0,Full,44.4,34.0,1
b04630ad,Rajasthan,Jodhpur,Railway,1.94,7,280,38.0,1,Stay Order,22.5,7,38.7,Partial,80.2,49.1,1
382be1c4,Gujarat,Surat,Power Transmission,8.19,47,1025,31.2,0,None,33.8,3,21.3,Partial,86.2,7.1,1
7828a169,Rajasthan,Jaipur,Power Transmission,6.5,68,774,49.8,0,None,64.3,1,22.7,Partial,35.9,42.8,0
beb1a0cd,West Bengal,Kolkata,Railway,8.84,59,208,67.4,1,Filed,62.2,2,14.7,Full,74.7,34.9,0
93409a78,Maharashtra,Aurangabad,Urban Development,34.45,16,679,41.4,0,None,9.3,2,19.4,Partial,50.4,51.0,1
28b647c0,Gujarat,Vadodara,Highway,4.13,12,1006,92.5,2,Filed,62.5,2,55.4,Partial,80.3,59.9,1
a297eda2,Maharashtra,Nagpur,Industrial Corridor,20.87,11,815,87.1,1,Filed,31.6,2,4.0,Full,42.7,49.0,1
7b92d78c,Madhya Pradesh,Indore,Railway,52.07,32,429,84.3,0,None,34.3,1,34.7,Full,71.6,46.8,0
32502873,Karnataka,Hubballi,Railway,17.75,17,143,22.0,1,Under Hearing,22.2,3,57.5,Partial,51.4,24.5,1
ffe370fd,Karnataka,Hubballi,Highway,16.07,63,178,52.6,2,Resolved,77.4,2,9.4,Not Started,63.6,31.0,0
f2962d78,Rajasthan,Jaipur,Power Transmission,50.32,252,1152,62.3,6,Under Hearing,41.2,1,31.1,Not Started,49.6,13.2,1
27d4bbbb,Rajasthan,Jaipur,Power Transmission,7.18,37,1327,39.9,0,None,39.8,1,21.6,Full,64.9,48.8,0
23a256c9,Rajasthan,Kota,Power Transmission,7.12,42,1178,43.7,2,Filed,40.1,2,48.6,Not Started,77.1,37.5,1
031de4e5,Odisha,Cuttack,Irrigation,27.21,34,752,25.5,0,None,37.6,1,34.1,Partial,48.6,22.9,0
f70fdb6d,Uttar Pradesh,Agra,Power Transmission,13.75,81,1329,68.8,1,Stay Order,61.1,2,43.8,Full,3.0,26.1,0
f7f13503,Maharashtra,Pune,Urban Development,12.36,24,1111,21.1,0,None,47.6,0,18.1,Full,61.9,37.7,0
8d871bda,Karnataka,Bengaluru,Railway,14.25,37,434,65.2,0,None,23.5,1,23.5,Full,54.5,53.8,0
c3d2bb6e,Maharashtra,Aurangabad,Power Transmission,18.28,34,226,43.3,1,Filed,38.3,1,10.3,Not Started,93.3,27.2,1
c66d31ea,Odisha,Rourkela,Irrigation,17.08,14,1174,84.8,0,None,50.2,0,16.4,Partial,77.3,55.3,1
60846158,West Bengal,Durgapur,Railway,15.06,21,1238,45.4,1,Filed,48.4,3,6.0,Not Started,60.0,32.9,0
ed92a1a8,Tamil Nadu,Salem,Power Transmission,59.34,208,95,73.7,3,Filed,57.3,5,32.1,Partial,67.4,49.7,1
b4a91453,Tamil Nadu,Coimbatore,Industrial Corridor,39.55,44,1269,33.5,0,None,60.6,2,19.1,Full,82.6,32.7,0
d60599bb,Maharashtra,Nashik,Industrial Corridor,6.38,12,1261,71.7,2,Under Hearing,72.2,1,87.6,Full,53.5,30.8,1
d2c56e4d,Gujarat,Ahmedabad,Railway,37.36,111,1309,67.0,1,Resolved,52.2,3,13.7,Partial,52.2,28.9,0
cea3e8ff,Maharashtra,Nagpur,Urban Development,34.17,35,1467,87.0,0,None,70.2,0,53.9,Partial,71.0,12.6,0
6d5d241c,Bihar,Muzaffarpur,Industrial Corridor,12.74,37,541,70.4,1,Under Hearing,2.7,3,20.9,Partial,34.9,31.6,1
9e219d55,Maharashtra,Pune,Power Transmission,14.2,37,637,67.3,1,Filed,26.7,5,25.3,Not Started,83.1,33.2,1
aacda874,Rajasthan,Udaipur,Urban Development,38.24,31,619,63.9,3,Under Hearing,12.4,6,1.3,Full,67.5,27.5,1
99c6fd62,Bihar,Patna,Railway,76.24,94,436,70.2,1,Filed,58.5,2,37.4,Partial,55.4,9.4,0
726f7e38,Tamil Nadu,Salem,Irrigation,1.23,15,352,45.2,1,Filed,3.9,4,24.0,Partial,21.6,19.0,1
723b19b2,Odisha,Bhubaneswar,Power Transmission,68.37,112,486,16.7,0,None,8.7,2,39.8,Not Started,73.2,39.4,1
04750206,Maharashtra,Nagpur,Highway,4.83,20,445,66.7,2,Under Hearing,58.2,4,32.5,Partial,27.5,16.3,1
1c6edb51,Tamil Nadu,Coimbatore,Highway,33.05,66,1241,65.2,0,None,56.2,0,23.4,Partial,14.4,34.5,1
3a4360cb,Tamil Nadu,Coimbatore,Power Transmission,34.13,65,786,43.8,0,None,79.9,5,28.2,Full,40.1,73.8,1
1f00c92f,Gujarat,Vadodara,Railway,7.89,78,420,61.2,1,Filed,59.8,3,17.5,Not Started,88.5,48.5,0
ef61bec8,Karnataka,Mysuru,Industrial Corridor,16.18,19,313,97.5,0,None,34.6,5,9.2,Partial,69.6,5.0,1
0d343ef5,Tamil Nadu,Chennai,Power Transmission,10.53,46,314,35.0,0,None,37.2,2,73.3,Not Started,58.3,55.6,1
8ec2e746,Gujarat,Rajkot,Power Transmission,28.79,76,698,35.4,0,None,52.2,5,80.9,Not Started,85.6,46.4,0
bea7fa5b,Karnataka,Hubballi,Railway,3.49,10,916,50.2,0,None,23.8,4,20.3,Not Started,51.7,5.0,0
91f530dc,Maharashtra,Nashik,Power Transmission,3.19,47,890,90.9,3,Resolved,29.6,3,28.6,Full,79.4,15.6,1
2e02ee34,Maharashtra,Thane,Irrigation,3.41,33,1227,68.9,0,None,37.0,2,0.7,Full,24.6,61.1,1
fc8ef783,Uttar Pradesh,Kanpur,Irrigation,38.0,136,731,82.9,1,Resolved,28.1,3,24.7,Partial,39.4,37.4,0
4d14f26d,Gujarat,Vadodara,Industrial Corridor,53.66,18,210,62.8,0,None,17.4,5,38.7,Not Started,60.6,14.2,0
b3630806,Rajasthan,Udaipur,Power Transmission,5.38,45,196,37.6,0,None,34.6,3,85.1,Full,88.6,50.6,1
042dacae,Uttar Pradesh,Kanpur,Railway,24.4,194,1079,81.3,1,Under Hearing,78.3,1,2.3,Not Started,41.3,34.2,0
b9ce6eab,Karnataka,Mysuru,Irrigation,2.1,34,1100,33.9,0,None,68.5,2,35.6,Not Started,52.0,36.9,0
072d0155,Maharashtra,Aurangabad,Railway,3.87,142,1357,61.2,1,Under Hearing,17.0,3,24.8,Full,17.3,40.4,1
1e187aed,Tamil Nadu,Madurai,Highway,28.09,162,974,54.5,0,None,55.7,2,23.9,Not Started,30.5,47.5,1
bd4f9175,Gujarat,Ahmedabad,Irrigation,5.45,10,1489,24.8,0,None,22.8,1,30.4,Partial,43.7,16.3,1
76029e44,Uttar Pradesh,Agra,Industrial Corridor,7.28,98,620,13.6,0,None,27.2,1,38.3,Full,43.2,27.9,1
3e2b7fd4,Odisha,Bhubaneswar,Highway,8.21,217,1126,80.0,0,None,40.1,4,38.3,Partial,37.7,67.0,1
98dc1e60,Gujarat,Surat,Industrial Corridor,1.65,25,194,48.3,1,Filed,49.3,2,40.6,Partial,22.8,20.2,1
2baefcb2,West Bengal,Howrah,Railway,11.32,25,452,54.3,0,None,51.0,3,10.2,Not Started,39.3,44.7,1
000480d4,Karnataka,Hubballi,Railway,12.43,208,784,73.8,0,None,34.4,2,61.8,Full,90.6,5.0,0
87178d0c,West Bengal,Howrah,Irrigation,19.72,59,181,23.8,2,Resolved,70.8,2,7.3,Full,13.4,40.6,0
13b854fc,Gujarat,Vadodara,Industrial Corridor,15.67,55,1103,41.0,0,None,79.9,2,28.5,Partial,19.7,33.0,0
086c102c,Karnataka,Belagavi,Industrial Corridor,9.55,268,1024,26.8,0,None,47.8,2,66.7,Partial,81.0,37.7,1
5192d339,Maharashtra,Nashik,Industrial Corridor,20.26,1251,1052,97.0,1,Filed,36.0,3,52.2,Partial,22.2,48.3,1
d88e10c9,Rajasthan,Jaipur,Irrigation,72.4,12,202,85.8,0,None,22.3,1,33.4,Partial,88.5,30.9,1
aeade8e6,Karnataka,Belagavi,Urban Development,7.43,123,158,42.3,1,Filed,53.3,5,9.4,Not Started,77.8,23.2,0
89de3887,Bihar,Bhagalpur,Industrial Corridor,15.9,23,1062,46.6,0,None,43.8,0,48.3,Partial,25.0,39.8,1
c16a7a59,Madhya Pradesh,Bhopal,Irrigation,13.09,95,1184,61.5,1,Resolved,85.3,3,25.8,Full,97.6,80.0,0
2dd64b12,Karnataka,Bengaluru,Highway,16.2,5,410,15.5,1,Under Hearing,27.2,1,36.8,Full,32.8,62.8,1
f78110eb,Odisha,Cuttack,Railway,19.32,44,457,78.2,0,None,0.8,1,41.4,Partial,96.2,49.7,0
104fad86,Karnataka,Hubballi,Railway,11.76,73,1130,65.3,1,Stay Order,38.6,6,39.1,Full,73.7,7.9,1
8266f361,Uttar Pradesh,Meerut,Railway,31.42,108,940,86.6,3,Stay Order,19.9,2,61.9,Partial,52.1,53.3,1
5663f90e,Tamil Nadu,Madurai,Highway,11.28,22,612,37.5,0,None,19.4,2,18.7,Full,53.0,28.2,0
0896d725,Bihar,Muzaffarpur,Power Transmission,17.4,96,722,91.0,1,Filed,21.5,2,10.0,Not Started,47.0,21.6,0
9a4f950a,Madhya Pradesh,Gwalior,Highway,49.63,340,220,41.3,1,Under Hearing,51.1,0,20.6,Not Started,84.2,41.6,1
666c1714,West Bengal,Siliguri,Urban Development,83.28,4,475,66.9,1,Under Hearing,32.6,2,18.0,Partial,26.7,67.4,1
27a820a0,Maharashtra,Nashik,Railway,9.37,15,932,11.2,0,None,50.9,3,71.0,Full,44.9,47.2,0
c7fe4ae4,West Bengal,Howrah,Urban Development,34.75,112,993,48.9,1,Filed,85.4,3,43.8,Partial,23.5,31.5,1
a54666c8,West Bengal,Howrah,Urban Development,4.23,30,804,24.3,0,None,59.2,2,33.8,Not Started,56.4,26.5,1
b74d0c1f,Odisha,Bhubaneswar,Irrigation,45.28,94,1225,4.5,0,None,15.9,1,12.6,Full,87.4,24.7,0
f26ed0df,Bihar,Patna,Urban Development,102.41,174,721,47.6,2,Filed,88.5,4,19.2,Full,76.9,25.5,1
e2b48b5a,Uttar Pradesh,Lucknow,Irrigation,2.84,22,807,26.3,1,Filed,60.3,2,23.6,Partial,23.9,17.2,1
e1df5bf0,Karnataka,Mysuru,Power Transmission,10.95,68,350,46.4,0,None,55.5,3,25.8,Full,73.9,46.9,1
a8f101a9,Gujarat,Vadodara,Highway,11.82,36,244,45.4,2,Filed,27.6,0,19.0,Partial,73.7,52.0,1
25603b82,Tamil Nadu,Coimbatore,Urban Development,44.43,56,364,31.8,0,None,89.1,2,22.6,Partial,25.9,13.0,1
c773277c,Rajasthan,Udaipur,Highway,58.46,39,728,57.3,1,Filed,30.0,3,17.6,Partial,21.0,35.1,0
e3b80e94,Tamil Nadu,Chennai,Industrial Corridor,13.89,33,578,25.3,0,None,21.3,2,9.9,Partial,52.5,37.8,1
d1d8ea4b,West Bengal,Howrah,Power Transmission,8.04,31,990,69.4,1,Stay Order,38.6,2,11.1,Not Started,30.2,49.8,1
d705d63c,Odisha,Cuttack,Industrial Corridor,21.28,4,60,80.6,2,Filed,59.5,2,10.8,Partial,53.7,55.7,1
e9c3bb5b,Gujarat,Surat,Power Transmission,6.36,23,944,63.4,0,None,37.5,4,15.7,Partial,26.9,44.8,0
6e139cac,Madhya Pradesh,Jabalpur,Power Transmission,1.48,51,1081,66.6,0,None,16.7,1,38.1,Partial,62.7,35.2,0
53df6982,Tamil Nadu,Chennai,Railway,6.37,10,1264,26.9,0,None,30.9,1,53.1,Not Started,38.7,18.3,1
a45af135,Karnataka,Mysuru,Urban Development,9.49,100,1409,52.7,0,None,27.2,4,72.1,Not Started,28.9,33.3,1
4a487c74,Rajasthan,Jodhpur,Urban Development,6.9,546,868,67.9,0,None,22.3,2,21.6,Partial,78.8,9.0,0
fff1bff7,Karnataka,Belagavi,Irrigation,48.93,17,198,72.6,2,Filed,10.2,1,20.0,Not Started,41.2,51.5,1
8cd02c4d,Uttar Pradesh,Lucknow,Railway,47.74,38,1147,88.0,0,None,28.8,2,15.8,Not Started,50.4,44.5,1
8fb86271,West Bengal,Howrah,Industrial Corridor,20.95,11,209,9.3,2,Filed,78.8,2,29.4,Full,71.2,49.1,0
b94cad6c,Odisha,Cuttack,Irrigation,6.56,43,1289,32.7,1,Under Hearing,54.5,2,49.6,Partial,85.1,6.5,0
30d7c65c,Odisha,Rourkela,Urban Development,7.55,23,933,76.8,0,None,79.2,2,13.1,Full,93.6,35.1,0
ee786e69,Uttar Pradesh,Kanpur,Power Transmission,18.75,115,834,31.7,1,Under Hearing,20.1,0,10.4,Partial,57.5,26.3,1
577b9319,Karnataka,Hubballi,Highway,20.87,9,1267,71.4,1,Resolved,62.6,3,31.8,Full,28.2,52.1,1
b629c180,Gujarat,Surat,Irrigation,13.27,133,301,18.9,1,Resolved,47.6,2,9.2,Full,68.5,26.0,1
dd2842d0,Karnataka,Bengaluru,Irrigation,7.34,246,1487,61.1,0,None,48.4,3,24.3,Full,86.0,5.0,0
879803b9,Madhya Pradesh,Jabalpur,Railway,13.38,26,703,41.0,1,Under Hearing,63.6,8,25.3,Not Started,64.6,27.8,1
837001aa,Uttar Pradesh,Kanpur,Highway,6.8,11,158,62.0,0,None,22.1,1,10.7,Not Started,71.5,56.2,0
f73fb6bb,Bihar,Gaya,Irrigation,6.32,339,1374,86.0,0,None,51.1,1,10.5,Full,57.1,47.1,0
6df1a1c2,Madhya Pradesh,Gwalior,Irrigation,11.03,21,728,33.3,0,None,37.1,4,19.6,Partial,92.1,30.4,0
613dcab9,Tamil Nadu,Salem,Highway,76.37,162,535,40.0,1,Stay Order,43.3,7,43.7,Not Started,80.1,32.1,1
c6a16db8,Bihar,Gaya,Irrigation,11.68,145,62,62.8,0,None,7.6,2,50.1,Partial,89.2,27.8,1
54554c57,Odisha,Rourkela,Highway,18.81,111,257,57.2,0,None,72.3,3,5.8,Partial,68.9,25.9,0
24b8ca1f,West Bengal,Kolkata,Highway,35.75,28,1410,13.9,0,None,52.7,2,16.8,Not Started,44.0,21.0,0
49d55d9f,Gujarat,Rajkot,Urban Development,4.27,86,1156,65.7,2,Stay Order,61.8,1,17.7,Full,80.5,24.8,1
fa103dda,Tamil Nadu,Chennai,Industrial Corridor,18.46,59,675,51.2,1,Stay Order,23.4,2,8.1,Partial,57.4,20.7,1
5756ed64,Madhya Pradesh,Indore,Highway,13.57,22,245,76.2,0,None,77.9,4,22.0,Partial,43.4,40.6,1
372ef4c6,West Bengal,Howrah,Highway,2.08,94,1133,33.7,0,None,82.8,3,45.4,Not Started,84.6,23.7,1
c8bef29b,Bihar,Patna,Industrial Corridor,3.27,17,1020,69.3,0,None,32.7,4,55.7,Full,95.5,25.8,1
e3677bee,Uttar Pradesh,Agra,Irrigation,48.05,61,1276,32.5,0,None,65.4,1,25.5,Full,68.9,57.4,1
3f07fa36,West Bengal,Howrah,Highway,70.91,45,119,55.2,1,Resolved,28.4,3,26.9,Partial,26.9,37.8,0
e838b45e,Tamil Nadu,Salem,Irrigation,5.2,41,1358,62.1,0,None,8.8,1,24.5,Partial,43.1,53.2,0
95a0a120,Bihar,Patna,Highway,15.13,124,46,65.2,1,Resolved,50.5,3,17.6,Partial,55.4,56.3,0
2b797308,Karnataka,Bengaluru,Highway,2.96,15,400,90.0,1,Under Hearing,64.3,2,116.3,Not Started,64.0,63.7,1
9d60a754,Odisha,Rourkela,Railway,4.82,5,1342,49.6,1,Under Hearing,60.3,2,56.2,Partial,36.5,27.5,1
5bd38936,Tamil Nadu,Madurai,Highway,17.18,79,896,62.9,0,None,80.5,3,32.5,Full,61.9,21.3,0
36bb7847,Gujarat,Ahmedabad,Railway,18.45,6,1024,39.0,0,None,28.4,1,23.4,Full,48.3,21.8,0
3072844e,Bihar,Gaya,Highway,12.83,124,1209,63.1,2,Filed,72.2,2,52.2,Partial,66.1,48.5,0
aac39c50,Karnataka,Mysuru,Power Transmission,8.74,10,1253,58.5,0,None,54.2,1,43.6,Not Started,56.6,43.4,0
e4185c59,Gujarat,Vadodara,Highway,45.9,409,883,80.2,1,Stay Order,24.7,0,4.1,Partial,52.2,16.9,1
935719e5,Odisha,Bhubaneswar,Irrigation,15.06,53,823,78.8,0,None,30.4,3,67.3,Full,54.3,43.5,0
d3e64e28,Gujarat,Ahmedabad,Highway,29.09,329,1013,64.4,0,None,53.8,2,62.3,Full,58.3,26.6,0
e02a8f7b,Tamil Nadu,Salem,Urban Development,3.61,46,1270,63.6,2,Under Hearing,43.7,2,72.3,Full,53.1,60.5,1
d35c3f7f,Karnataka,Hubballi,Power Transmission,14.12,21,614,62.7,0,None,26.3,4,15.8,Partial,49.8,24.2,0
104b4e72,Gujarat,Vadodara,Power Transmission,12.61,89,765,27.7,1,Resolved,62.0,1,11.6,Not Started,46.9,51.6,1
0bf2c2f3,Karnataka,Mysuru,Railway,6.68,11,1427,37.6,2,Stay Order,14.0,4,39.5,Full,24.6,12.5,1
d74d0841,Rajasthan,Kota,Highway,8.75,12,60,39.3,0,None,8.1,1,26.6,Full,70.6,42.9,0
f0ec76e8,Rajasthan,Jaipur,Irrigation,51.13,24,1193,9.4,0,None,24.3,2,48.6,Not Started,40.6,30.3,0
5c65d411,Madhya Pradesh,Jabalpur,Irrigation,22.63,17,1002,90.6,1,Resolved,35.5,3,47.7,Full,37.4,43.3,0
64ba1b09,Bihar,Gaya,Industrial Corridor,2.49,55,707,20.4,0,None,36.5,0,5.9,Partial,58.6,38.4,0
38f468fe,Rajasthan,Udaipur,Power Transmission,20.53,187,1304,31.6,0,None,15.1,0,32.8,Full,84.5,29.4,0
bd5f0adb,Tamil Nadu,Chennai,Industrial Corridor,41.97,94,1053,77.5,0,None,21.5,3,165.7,Partial,61.9,18.6,1
cff61545,West Bengal,Howrah,Irrigation,15.53,55,596,89.7,0,None,42.6,6,50.7,Partial,62.8,29.2,0
ae182332,Rajasthan,Jaipur,Industrial Corridor,13.83,182,1453,74.3,0,None,25.5,8,21.6,Not Started,75.3,41.3,0
a0c7abde,Odisha,Bhubaneswar,Industrial Corridor,5.87,15,950,75.9,0,None,87.6,1,34.7,Partial,40.5,43.2,1
3106ffff,Odisha,Rourkela,Railway,1.31,16,1133,64.5,0,None,32.6,3,28.7,Partial,43.2,33.9,0
20c92ef2,West Bengal,Kolkata,Industrial Corridor,17.84,26,638,40.8,1,Resolved,83.5,2,2.2,Partial,60.1,36.9,0
2cf40d37,Gujarat,Rajkot,Power Transmission,3.27,122,1474,37.0,1,Stay Order,64.7,5,51.8,Partial,63.0,33.4,1
d21f797f,Gujarat,Surat,Highway,5.77,345,1300,54.2,1,Resolved,34.4,6,42.6,Full,37.7,33.7,1
b2ef3646,Gujarat,Rajkot,Power Transmission,16.96,180,476,58.5,3,Under Hearing,58.1,3,36.6,Partial,63.4,42.8,1
b3e0713e,Tamil Nadu,Salem,Urban Development,13.45,105,1269,81.6,1,Stay Order,53.4,1,44.9,Partial,73.3,32.0,1
dd167180,West Bengal,Howrah,Railway,6.23,26,941,29.7,0,None,73.3,2,16.3,Not Started,33.3,25.8,1
c009d6d8,Tamil Nadu,Salem,Power Transmission,2.47,38,175,11.9,2,Resolved,77.6,4,29.5,Full,72.9,12.9,1
e38be4aa,Tamil Nadu,Chennai,Industrial Corridor,30.21,28,724,70.1,0,None,28.0,0,16.0,Full,48.4,13.2,1
c1298aed,Maharashtra,Nagpur,Highway,10.1,164,1288,65.9,0,None,54.0,5,37.8,Not Started,77.3,24.5,1
673b5a2b,Tamil Nadu,Madurai,Railway,3.37,228,972,71.4,0,None,37.4,5,19.5,Full,84.8,45.1,1
d85842e6,Rajasthan,Kota,Power Transmission,12.12,82,47,44.3,0,None,63.9,3,30.5,Partial,79.3,64.3,0
7841ea61,Bihar,Gaya,Highway,7.27,6,1231,47.0,0,None,26.9,1,20.4,Full,75.3,46.7,0
99f8f43a,Karnataka,Bengaluru,Industrial Corridor,12.93,326,470,79.5,0,None,34.2,3,14.7,Partial,75.0,55.6,0
c9a0db69,West Bengal,Kolkata,Highway,43.07,50,244,86.7,0,None,41.0,3,5.7,Partial,55.8,33.6,0
80ab91b2,West Bengal,Howrah,Industrial Corridor,3.0,35,488,67.5,1,Resolved,45.6,0,24.0,Full,75.4,17.7,1
4fb123ee,Odisha,Cuttack,Power Transmission,11.35,32,988,29.9,1,Resolved,38.0,6,38.8,Full,52.5,51.8,1
951c5eb1,West Bengal,Howrah,Industrial Corridor,25.13,94,963,49.2,0,None,24.7,2,7.1,Full,39.8,40.5,1
694ec11a,Maharashtra,Aurangabad,Railway,1.54,36,1068,67.3,1,Filed,42.0,2,61.1,Partial,65.4,29.9,1
591f4d57,Rajasthan,Jaipur,Power Transmission,22.73,55,817,35.9,1,Resolved,69.2,2,6.3,Not Started,36.2,28.2,0
deb417fd,Gujarat,Rajkot,Power Transmission,16.05,193,897,8.0,0,None,39.7,8,15.1,Partial,38.4,40.0,0
bbdce544,Madhya Pradesh,Indore,Power Transmission,12.19,18,1235,75.5,2,Filed,35.7,5,25.9,Partial,59.9,22.3,1
0870c19d,Odisha,Rourkela,Power Transmission,58.42,123,623,56.8,1,Filed,47.8,6,56.4,Partial,62.2,11.1,0
b5320618,West Bengal,Howrah,Urban Development,26.02,7,470,43.1,0,None,50.3,3,25.1,Partial,79.8,58.0,1
ca5a6553,Maharashtra,Pune,Irrigation,43.67,79,492,52.1,1,Filed,47.6,4,15.2,Full,84.0,20.9,0
926ddee0,Odisha,Bhubaneswar,Industrial Corridor,11.17,258,1236,29.5,1,Stay Order,26.5,1,9.4,Not Started,8.2,12.9,1
273ad90a,Tamil Nadu,Salem,Urban Development,42.32,176,1152,89.4,1,Under Hearing,15.1,1,16.9,Full,48.8,71.7,1
c422daaa,Karnataka,Mysuru,Power Transmission,19.73,21,687,60.7,1,Under Hearing,41.2,1,5.1,Partial,66.6,59.4,1
c7a598ec,Gujarat,Ahmedabad,Irrigation,5.87,74,1301,52.1,0,None,50.0,2,88.9,Partial,78.7,44.7,0
62101349,Rajasthan,Udaipur,Highway,20.86,10,315,34.5,0,None,48.3,3,51.7,Partial,30.0,50.4,0
6a2fb129,Maharashtra,Nashik,Railway,18.8,8,1057,74.5,1,Filed,30.7,4,24.3,Not Started,52.6,57.2,1
f47ee1e8,West Bengal,Kolkata,Industrial Corridor,34.54,72,67,82.5,0,None,66.1,2,38.9,Partial,75.3,35.7,0
b2419575,Bihar,Patna,Railway,54.56,125,642,48.5,0,None,85.9,2,24.0,Not Started,19.2,15.6,0
1d1b9ea0,Tamil Nadu,Coimbatore,Railway,0.64,18,542,71.9,0,None,66.4,2,17.9,Not Started,52.9,31.4,1
f1e262d0,Tamil Nadu,Chennai,Irrigation,5.22,377,202,56.8,0,None,24.7,2,48.4,Full,90.3,25.6,0
3eb2e009,Tamil Nadu,Madurai,Irrigation,2.2,155,215,47.8,1,Under Hearing,71.2,0,10.6,Partial,76.2,46.7,0
3ba4c35b,Bihar,Gaya,Industrial Corridor,2.47,97,1056,37.1,1,Stay Order,48.2,1,7.0,Not Started,39.0,42.1,1
2452d979,Uttar Pradesh,Meerut,Industrial Corridor,1.87,41,1104,81.2,0,None,52.9,4,29.0,Full,9.8,24.7,0
e0ad56d5,Karnataka,Mysuru,Urban Development,3.74,55,1448,27.0,1,Filed,51.2,5,31.2,Partial,98.1,46.4,1
cf4f0609,Gujarat,Rajkot,Industrial Corridor,5.81,34,697,20.9,1,Under Hearing,44.5,9,10.6,Partial,43.4,49.7,1
d4ac0ae5,Bihar,Muzaffarpur,Highway,1.54,126,1005,42.2,2,Resolved,86.8,4,72.7,Partial,25.8,67.7,0
d70512ca,Bihar,Patna,Highway,9.62,466,1466,68.2,2,Resolved,74.6,1,25.9,Partial,72.0,38.1,0
d83d87f6,Rajasthan,Udaipur,Power Transmission,28.68,170,221,37.5,1,Under Hearing,24.7,2,41.5,Partial,78.8,38.3,1
8f5c9b92,Tamil Nadu,Madurai,Power Transmission,63.11,13,1302,50.7,2,Under Hearing,17.3,1,16.7,Full,81.7,20.1,1
a21df208,Madhya Pradesh,Indore,Industrial Corridor,20.72,1876,136,80.3,1,Stay Order,44.4,0,32.0,Full,53.9,25.2,1
1e2f1dfd,Odisha,Rourkela,Industrial Corridor,2.33,6,37,70.2,0,None,40.4,5,9.5,Full,54.4,37.6,0
9bf7c30f,Bihar,Bhagalpur,Power Transmission,18.72,422,55,30.3,0,None,7.6,5,10.6,Full,25.7,22.2,0
e58c6ce1,Rajasthan,Kota,Highway,2.86,92,443,24.3,0,None,14.8,2,10.9,Not Started,26.1,28.2,1
3bc1bafd,West Bengal,Siliguri,Highway,20.53,87,1012,60.8,1,Resolved,26.4,3,26.1,Partial,65.1,29.5,1
c4078821,Gujarat,Ahmedabad,Industrial Corridor,36.17,87,390,66.5,2,Filed,61.2,5,12.7,Partial,80.2,39.0,1
93876f58,Karnataka,Hubballi,Power Transmission,10.92,89,858,28.5,1,Under Hearing,81.5,1,28.7,Partial,63.1,5.0,0
d326cae1,Uttar Pradesh,Kanpur,Railway,2.02,91,142,18.9,1,Filed,26.6,1,34.9,Not Started,71.0,23.0,1
6ececa9e,Uttar Pradesh,Kanpur,Industrial Corridor,14.4,13,1337,56.4,0,None,65.8,2,24.8,Partial,40.7,53.9,1
bed6b87b,West Bengal,Kolkata,Highway,35.02,229,185,57.1,2,Under Hearing,54.8,3,29.6,Partial,80.4,43.8,1
150f574f,Gujarat,Vadodara,Urban Development,8.92,181,298,42.2,2,Filed,31.3,1,25.4,Full,66.9,63.8,1
a852df3c,Madhya Pradesh,Jabalpur,Urban Development,27.56,27,1319,38.3,1,Resolved,89.7,2,6.3,Full,23.1,23.8,0
60686a02,Odisha,Rourkela,Industrial Corridor,8.63,64,960,78.4,2,Under Hearing,58.6,3,8.3,Not Started,56.1,34.3,1
eed1808d,Uttar Pradesh,Varanasi,Irrigation,9.18,52,731,43.7,0,None,53.8,4,27.8,Not Started,47.9,15.6,0
2917e44d,West Bengal,Durgapur,Urban Development,34.88,20,1083,67.0,2,Under Hearing,40.7,4,36.4,Full,68.1,54.8,1
0a2715c3,Odisha,Rourkela,Irrigation,13.55,53,1163,64.8,1,Filed,80.4,4,18.8,Partial,31.9,46.0,1
cad5a190,Uttar Pradesh,Agra,Railway,13.77,21,214,78.8,1,Under Hearing,9.3,1,6.7,Partial,94.8,55.5,1
1d2450dd,Tamil Nadu,Salem,Irrigation,3.59,102,401,62.3,1,Stay Order,47.2,2,29.2,Full,74.2,28.4,1
bba00498,Maharashtra,Thane,Railway,9.24,19,758,61.1,3,Under Hearing,8.1,1,7.9,Full,68.3,38.0,1
35540521,Bihar,Gaya,Urban Development,27.44,179,1372,52.5,1,Resolved,29.8,5,22.9,Not Started,42.5,15.3,0
d0bd8d02,Gujarat,Vadodara,Urban Development,9.59,63,172,33.6,1,Under Hearing,87.5,5,15.7,Partial,84.5,37.9,1
fe04d0aa,Bihar,Gaya,Railway,16.17,245,1271,69.5,3,Filed,77.1,2,10.5,Not Started,31.1,33.6,0
21be9535,Rajasthan,Udaipur,Railway,3.93,18,1150,66.6,0,None,59.0,1,27.3,Not Started,49.0,41.1,1
0b51fefa,Maharashtra,Thane,Industrial Corridor,30.38,11,132,51.1,1,Stay Order,53.9,2,3.1,Not Started,84.2,40.5,1
97a1f13b,Gujarat,Rajkot,Highway,2.92,26,242,63.2,2,Stay Order,10.8,3,12.3,Partial,43.8,37.2,1
6b6c22fa,Tamil Nadu,Coimbatore,Railway,17.98,122,281,48.8,1,Filed,34.1,6,46.7,Partial,53.6,53.8,1
45cdc3fb,Uttar Pradesh,Meerut,Urban Development,109.4,37,828,49.3,0,None,65.2,1,12.8,Partial,63.4,32.7,1
a4697a88,Madhya Pradesh,Jabalpur,Industrial Corridor,3.96,142,1439,86.9,0,None,35.6,3,14.8,Not Started,91.3,47.6,1
d0ed38c9,Uttar Pradesh,Agra,Power Transmission,38.18,52,867,61.1,2,Under Hearing,29.5,2,58.8,Not Started,89.9,15.6,1
8c51eb58,Tamil Nadu,Madurai,Irrigation,15.83,47,949,90.1,2,Stay Order,25.5,3,31.3,Not Started,70.6,55.8,1
a1096cf7,Bihar,Gaya,Industrial Corridor,8.29,57,953,84.0,2,Filed,26.6,1,13.2,Partial,73.5,8.3,0
437ecc8b,Uttar Pradesh,Kanpur,Railway,4.31,25,751,51.3,1,Stay Order,30.1,2,44.7,Not Started,21.4,64.8,1
fd3bcbc9,Maharashtra,Nagpur,Highway,67.31,40,1463,73.3,0,None,66.4,3,12.6,Full,53.5,23.6,0
3eeef72f,Odisha,Rourkela,Industrial Corridor,4.33,20,755,68.9,2,Under Hearing,14.0,3,14.9,Partial,85.0,59.3,1
2a5f4512,Odisha,Cuttack,Urban Development,14.75,34,206,26.9,1,Filed,80.5,2,11.4,Partial,42.5,49.8,1
23042eed,Karnataka,Bengaluru,Power Transmission,14.16,41,1308,44.2,0,None,58.2,4,46.5,Partial,71.9,49.8,0
b2ca6074,Madhya Pradesh,Jabalpur,Industrial Corridor,31.0,17,1003,75.0,2,Under Hearing,36.5,1,7.2,Not Started,68.2,51.8,1
b8aa29b1,Odisha,Rourkela,Urban Development,25.63,132,1268,56.9,3,Filed,60.5,1,25.0,Not Started,32.4,27.3,1
c7516654,Karnataka,Belagavi,Power Transmission,21.89,14,921,94.7,2,Under Hearing,67.4,1,89.6,Partial,69.0,61.0,0
07299bc0,Gujarat,Vadodara,Railway,1.98,29,1344,74.3,0,None,21.3,3,8.4,Partial,76.2,22.9,0
fbd79cf1,Bihar,Patna,Irrigation,17.9,16,1473,72.6,2,Resolved,30.7,1,23.2,Not Started,47.3,61.5,1
dd0253e5,Tamil Nadu,Salem,Highway,26.6,82,228,4.8,0,None,42.9,1,51.2,Partial,14.7,5.0,1
05f26580,Odisha,Cuttack,Highway,26.01,89,233,40.9,3,Resolved,44.1,2,4.2,Partial,50.5,44.4,0
f6435e9c,Tamil Nadu,Coimbatore,Power Transmission,6.58,61,603,50.7,3,Under Hearing,26.4,4,50.5,Full,18.6,58.8,1
a2e4123b,Bihar,Bhagalpur,Irrigation,10.47,95,88,60.6,0,None,49.6,5,6.7,Full,73.5,20.6,0
6db94ae2,Uttar Pradesh,Agra,Industrial Corridor,15.26,21,415,77.0,0,None,78.7,2,28.7,Partial,61.0,32.7,0
bbe74adf,Karnataka,Belagavi,Urban Development,5.21,65,354,58.8,0,None,67.2,3,49.4,Not Started,66.8,16.9,0
74fd26f9,Uttar Pradesh,Agra,Power Transmission,5.95,65,1082,24.2,0,None,66.1,3,7.9,Not Started,70.9,28.0,0
5dce08ab,Bihar,Patna,Highway,14.02,21,593,59.8,0,None,3.0,7,38.8,Full,36.6,44.5,1
94d22bed,Rajasthan,Kota,Irrigation,12.59,5,980,63.4,0,None,23.3,4,39.0,Partial,24.3,15.2,0
599fcc63,West Bengal,Siliguri,Power Transmission,8.87,3,902,56.5,2,Resolved,63.9,4,8.8,Partial,66.3,50.9,0
a1658230,Gujarat,Surat,Railway,4.33,63,544,41.1,1,Stay Order,63.6,2,28.5,Not Started,52.2,32.2,1
eac8da1b,Gujarat,Ahmedabad,Power Transmission,4.26,139,767,77.6,2,Stay Order,83.1,3,34.6,Full,54.8,26.9,0
472233a0,Gujarat,Surat,Urban Development,4.27,35,907,29.2,1,Filed,50.0,4,22.6,Partial,62.9,51.0,1
ef09bb5d,Odisha,Cuttack,Power Transmission,28.68,28,1463,25.9,1,Under Hearing,64.2,4,16.6,Partial,74.2,50.3,0
80c0d1c9,Uttar Pradesh,Agra,Highway,8.35,83,1175,48.1,0,None,89.6,0,10.8,Partial,32.2,56.3,1
3659f3d8,Karnataka,Belagavi,Urban Development,18.5,33,302,74.5,1,Under Hearing,57.0,3,24.0,Full,31.6,5.3,1
3d3a3794,Bihar,Bhagalpur,Railway,14.18,30,642,64.0,0,None,75.1,3,20.6,Partial,57.7,28.2,0
a4eea618,Odisha,Rourkela,Power Transmission,18.05,9,203,53.4,0,None,55.4,0,18.9,Partial,85.2,18.9,0
30a4f053,Gujarat,Surat,Irrigation,18.61,132,1316,74.5,2,Filed,49.0,2,33.3,Not Started,34.5,19.2,1
927e3b37,Karnataka,Bengaluru,Railway,1.84,100,350,91.0,1,Filed,65.8,2,16.7,Partial,61.8,18.5,1
c0cde9c1,Rajasthan,Kota,Urban Development,4.53,64,69,54.1,0,None,11.6,3,31.6,Partial,26.2,49.9,1
6d653d43,Maharashtra,Aurangabad,Power Transmission,3.66,69,1414,70.1,3,Under Hearing,82.3,3,18.9,Partial,16.6,37.2,1
986b89ae,West Bengal,Howrah,Railway,20.52,19,1051,77.3,1,Filed,23.8,3,24.1,Full,27.6,6.9,0
c021fad9,West Bengal,Siliguri,Industrial Corridor,20.57,13,244,17.8,1,Stay Order,78.2,4,19.5,Full,77.2,44.0,1
ef9b9424,Karnataka,Mysuru,Industrial Corridor,8.1,74,201,44.4,0,None,56.4,6,31.7,Partial,82.3,24.7,0
fd9bf55e,Maharashtra,Aurangabad,Urban Development,36.47,7,1254,41.2,1,Filed,60.2,2,4.2,Not Started,25.4,45.7,1
e7eb5fa4,Karnataka,Hubballi,Power Transmission,1.82,41,417,34.7,0,None,15.6,5,7.3,Partial,51.5,42.3,0
97478bfc,Maharashtra,Thane,Railway,23.91,147,1290,30.5,0,None,37.7,4,34.2,Partial,14.8,29.2,1
a2337f4c,Odisha,Cuttack,Irrigation,9.72,8,1050,97.4,1,Resolved,27.4,1,25.3,Partial,57.7,12.0,1
0088bb6a,Maharashtra,Thane,Urban Development,10.99,82,1362,87.0,0,None,74.3,1,41.9,Not Started,67.1,38.5,0
602ac5f2,Gujarat,Rajkot,Industrial Corridor,2.16,12,222,25.8,1,Filed,58.3,1,147.9,Not Started,91.8,18.8,1
b55fc01f,Karnataka,Bengaluru,Irrigation,4.62,47,33,81.0,2,Under Hearing,56.4,4,70.7,Partial,72.6,32.2,1
886f5ad6,Bihar,Patna,Railway,15.5,71,302,63.6,1,Filed,49.5,4,25.8,Full,63.3,19.4,1
a394f0a8,Tamil Nadu,Coimbatore,Urban Development,122.4,28,186,45.2,3,Resolved,44.5,4,20.0,Partial,59.9,22.2,0
1e28b58d,Uttar Pradesh,Lucknow,Industrial Corridor,5.12,6,645,73.1,0,None,81.1,4,20.1,Full,47.3,30.5,1
c9327969,West Bengal,Howrah,Highway,6.04,20,951,19.9,0,None,42.4,1,24.5,Partial,56.6,46.2,1
938557cf,Bihar,Muzaffarpur,Industrial Corridor,30.09,179,582,16.9,2,Filed,34.9,2,31.4,Partial,23.8,34.9,1
5549ee54,Uttar Pradesh,Varanasi,Industrial Corridor,34.08,95,1359,54.4,1,Resolved,59.8,2,1.5,Full,37.6,27.7,0
f86889b5,Rajasthan,Jaipur,Industrial Corridor,21.25,20,339,32.0,2,Resolved,55.9,5,10.0,Partial,59.4,12.1,1
63cc2970,Madhya Pradesh,Indore,Highway,6.19,116,751,62.8,1,Under Hearing,31.7,0,23.0,Partial,37.4,10.1,1
a808dc55,Karnataka,Belagavi,Railway,52.99,359,106,26.9,1,Filed,46.6,6,15.2,Full,59.2,29.0,0
2912111a,Gujarat,Rajkot,Urban Development,11.82,573,569,74.0,0,None,34.6,2,27.7,Partial,70.2,25.3,0
45fd3587,West Bengal,Kolkata,Power Transmission,25.14,95,1082,20.9,1,Under Hearing,43.7,3,42.0,Not Started,72.2,38.2,1
e5d04676,Bihar,Patna,Highway,28.32,28,1191,56.5,0,None,75.4,1,44.3,Partial,73.7,57.8,0
c3e79aa0,Karnataka,Bengaluru,Railway,59.59,47,558,52.8,3,Filed,36.1,6,37.5,Full,62.5,18.6,1
caa2dcab,Tamil Nadu,Chennai,Highway,18.88,13,583,73.0,1,Filed,65.5,1,21.8,Full,81.8,46.2,0
c440160a,Gujarat,Ahmedabad,Industrial Corridor,72.2,168,1255,86.0,2,Under Hearing,63.4,2,8.9,Partial,43.3,31.5,1
55743d81,Uttar Pradesh,Kanpur,Power Transmission,7.2,68,894,49.8,1,Filed,12.2,1,38.8,Full,70.5,43.8,1
917e9a34,Tamil Nadu,Coimbatore,Irrigation,21.33,65,175,47.2,1,Filed,37.8,3,43.6,Partial,90.6,42.2,1
5dc8e599,Odisha,Cuttack,Railway,11.44,65,594,63.9,1,Filed,35.4,2,37.6,Not Started,56.9,42.9,1
a76bebe4,Tamil Nadu,Chennai,Power Transmission,8.23,47,535,27.4,1,Under Hearing,28.0,4,27.8,Partial,68.8,17.7,1
be99eded,Gujarat,Rajkot,Highway,5.27,62,988,90.2,1,Stay Order,79.5,3,46.7,Partial,64.4,35.3,1
27eeefd7,Karnataka,Bengaluru,Power Transmission,18.92,32,410,63.1,0,None,84.3,2,32.1,Partial,69.7,44.6,0
5ff86417,Uttar Pradesh,Agra,Industrial Corridor,5.31,166,185,30.9,0,None,12.9,2,30.2,Not Started,44.9,20.7,1
8230e3f6,Uttar Pradesh,Meerut,Highway,6.09,14,1017,53.7,0,None,69.7,4,49.5,Not Started,33.4,5.0,1
2f11ce23,Maharashtra,Pune,Irrigation,26.3,97,983,52.0,0,None,32.5,2,3.4,Full,82.1,44.9,0
52c7eab6,West Bengal,Howrah,Industrial Corridor,86.27,124,678,81.3,0,None,27.0,3,18.1,Not Started,69.7,34.6,0
42025502,Tamil Nadu,Salem,Power Transmission,11.25,51,1190,85.6,0,None,51.1,4,32.9,Partial,32.0,23.8,0
aa42e9b6,Gujarat,Ahmedabad,Urban Development,15.07,37,391,53.0,0,None,21.6,5,55.9,Full,90.2,31.0,1
ed21ba81,Gujarat,Surat,Railway,18.14,246,483,38.8,2,Stay Order,36.4,5,16.4,Partial,70.0,49.2,1
6b5214cb,Uttar Pradesh,Agra,Urban Development,3.1,66,1292,55.0,0,None,40.4,4,22.2,Full,73.2,55.3,0
e4d5669d,Uttar Pradesh,Agra,Railway,90.34,37,572,80.3,0,None,67.3,2,34.1,Partial,36.4,61.3,0
f08e5626,Gujarat,Ahmedabad,Industrial Corridor,5.07,54,1381,18.1,0,None,40.8,5,12.3,Full,31.0,27.6,1
c4b47d22,Karnataka,Hubballi,Urban Development,33.82,36,722,58.0,1,Filed,35.1,3,36.1,Not Started,51.2,58.3,1
968ad253,Madhya Pradesh,Bhopal,Urban Development,3.84,96,1148,42.1,1,Resolved,70.6,5,40.8,Partial,85.1,32.5,0
f16c309c,Bihar,Muzaffarpur,Urban Development,4.11,40,673,59.0,0,None,31.6,7,50.4,Not Started,65.7,5.2,0
534b2ea3,Rajasthan,Udaipur,Power Transmission,4.13,31,223,56.8,2,Stay Order,84.6,2,32.4,Not Started,41.6,29.1,1
1a11984d,Bihar,Muzaffarpur,Urban Development,41.9,252,1368,67.4,0,None,59.1,2,41.2,Not Started,33.8,21.5,1
3f16953a,Uttar Pradesh,Meerut,Urban Development,26.63,100,1377,24.9,1,Under Hearing,84.8,5,64.4,Partial,39.3,21.7,1
9f746fad,Odisha,Cuttack,Urban Development,5.78,136,1062,29.0,1,Resolved,69.8,0,24.1,Partial,73.5,47.5,0
4187afe7,Maharashtra,Nagpur,Power Transmission,4.14,58,1440,23.1,1,Under Hearing,49.4,2,7.5,Full,83.2,27.9,1
9f230672,Madhya Pradesh,Indore,Power Transmission,11.51,62,705,85.9,1,Under Hearing,68.1,5,47.1,Partial,49.0,51.9,0
c4acadff,Rajasthan,Jodhpur,Railway,56.03,19,1378,52.6,3,Filed,13.6,3,33.1,Partial,62.6,26.5,1
44a012ea,Maharashtra,Nashik,Power Transmission,53.18,19,1419,33.7,1,Resolved,40.4,2,30.7,Partial,19.2,36.1,0
1484b278,Rajasthan,Kota,Railway,72.34,6,709,66.3,0,None,30.1,2,12.7,Partial,63.9,35.0,0
75715654,Madhya Pradesh,Bhopal,Industrial Corridor,13.83,167,1079,61.2,1,Filed,60.0,2,62.1,Full,95.4,62.7,1
a4e6e384,Uttar Pradesh,Agra,Urban Development,26.09,289,1108,86.9,1,Filed,28.7,5,20.6,Partial,55.8,29.7,1
107cb539,Madhya Pradesh,Indore,Railway,76.93,31,561,73.0,2,Filed,69.0,5,30.3,Not Started,72.7,21.2,1
349015c7,Bihar,Muzaffarpur,Highway,18.54,86,601,10.2,0,None,54.4,3,10.4,Full,52.6,38.5,0
af13cebe,Rajasthan,Udaipur,Industrial Corridor,2.91,28,253,38.3,0,None,13.7,1,5.3,Full,95.2,39.8,1
4d3e6653,Odisha,Rourkela,Railway,10.27,64,219,88.4,0,None,33.5,3,51.3,Not Started,59.4,21.6,1
7809d21f,Karnataka,Hubballi,Irrigation,6.91,9,565,45.7,0,None,32.6,2,9.2,Partial,41.3,62.1,1
9a402d93,Odisha,Rourkela,Industrial Corridor,9.33,67,1000,92.5,1,Under Hearing,25.7,3,14.7,Partial,50.3,29.1,1
771e63dd,Uttar Pradesh,Kanpur,Irrigation,32.76,7,1489,66.8,0,None,57.2,3,5.8,Partial,39.4,40.0,0
74dc2e7c,West Bengal,Howrah,Power Transmission,7.17,11,1381,18.6,1,Under Hearing,27.2,1,59.4,Partial,71.1,36.1,1
a00a5872,Madhya Pradesh,Jabalpur,Urban Development,58.35,23,888,62.9,0,None,30.9,1,38.0,Partial,55.4,5.0,1
9ad5dc98,Rajasthan,Udaipur,Urban Development,13.3,15,1429,13.2,1,Resolved,82.6,2,16.0,Not Started,93.0,37.5,0
a6e363f4,West Bengal,Kolkata,Industrial Corridor,47.58,166,660,42.6,0,None,35.3,2,49.6,Full,95.8,33.2,0
abe8e8f3,Madhya Pradesh,Bhopal,Power Transmission,73.35,6,1334,50.6,2,Filed,63.5,4,25.0,Partial,41.7,27.3,1
8aef0223,West Bengal,Siliguri,Power Transmission,16.28,14,371,27.6,0,None,14.7,4,56.8,Partial,63.3,22.9,1
949bf994,Uttar Pradesh,Meerut,Highway,2.43,13,155,66.7,0,None,31.7,3,21.0,Not Started,72.0,41.7,0
66e3799d,Madhya Pradesh,Bhopal,Urban Development,8.94,270,626,55.8,2,Filed,39.4,1,35.3,Partial,61.4,28.9,1
3bee714b,Rajasthan,Kota,Urban Development,33.66,786,267,66.9,2,Filed,14.9,2,3.3,Not Started,66.3,33.0,1
fe93d054,Tamil Nadu,Madurai,Industrial Corridor,5.35,60,1220,71.5,0,None,44.7,1,13.6,Partial,32.6,59.9,1
9fd10a0c,Madhya Pradesh,Indore,Power Transmission,7.16,31,70,69.3,3,Filed,16.5,1,32.4,Not Started,70.1,22.8,0
309eb5bb,West Bengal,Howrah,Irrigation,106.33,96,849,71.7,2,Under Hearing,48.7,2,5.7,Partial,46.2,32.5,0
206f9e9e,Gujarat,Rajkot,Industrial Corridor,3.93,11,921,60.6,1,Stay Order,83.4,4,5.8,Partial,61.2,34.9,1
7b3136bf,Maharashtra,Pune,Industrial Corridor,4.57,126,844,63.9,0,None,48.6,2,21.0,Not Started,47.8,55.8,1
0e6917af,Odisha,Cuttack,Power Transmission,14.97,154,508,5.4,1,Filed,25.7,2,15.5,Full,62.2,36.1,1
db505381,Rajasthan,Jodhpur,Railway,20.54,254,1135,45.4,0,None,85.6,2,13.9,Partial,31.9,56.0,0
152d6d3c,West Bengal,Kolkata,Highway,15.25,20,847,15.1,0,None,78.8,0,38.3,Full,88.7,13.6,0
d0650bff,Gujarat,Vadodara,Irrigation,12.66,48,208,26.5,0,None,53.0,3,28.4,Not Started,43.6,48.8,1
99e86cab,Gujarat,Vadodara,Railway,102.56,13,998,18.4,0,None,59.8,0,16.6,Not Started,68.4,29.5,1
af61ba88,Karnataka,Hubballi,Urban Development,33.94,46,158,25.3,0,None,21.0,3,29.8,Full,23.5,50.2,1
cff61a40,Rajasthan,Kota,Railway,22.52,120,1155,93.1,0,None,49.2,2,28.0,Partial,74.4,25.1,0
11f81995,Bihar,Patna,Highway,5.3,15,983,47.8,0,None,11.9,2,15.8,Partial,37.9,47.7,0
2f2d9017,Gujarat,Surat,Urban Development,28.92,214,1333,37.6,1,Under Hearing,37.3,2,2.8,Not Started,65.5,55.6,1
e84c9f91,Rajasthan,Jaipur,Irrigation,18.93,50,654,36.6,1,Resolved,43.8,0,22.2,Partial,31.0,25.7,0
fd4cd0d4,West Bengal,Howrah,Railway,3.33,13,1406,65.2,1,Under Hearing,47.5,1,34.8,Partial,39.0,18.3,1
d78b54b3,Karnataka,Mysuru,Urban Development,38.7,79,821,56.5,1,Resolved,54.9,0,52.2,Full,65.2,14.3,0
c49265bb,Uttar Pradesh,Lucknow,Power Transmission,41.27,29,1372,52.7,0,None,22.1,3,32.6,Partial,31.4,37.0,1
4889eee8,Karnataka,Hubballi,Industrial Corridor,65.9,76,1346,30.4,1,Under Hearing,44.0,4,3.7,Partial,35.4,47.0,1
14327869,West Bengal,Howrah,Industrial Corridor,2.47,154,304,28.7,1,Stay Order,31.9,2,11.8,Partial,54.4,31.9,1
8e8f6d08,West Bengal,Kolkata,Industrial Corridor,5.28,1257,695,46.3,0,None,75.5,3,83.6,Partial,70.8,38.5,0
98ce46fc,Gujarat,Rajkot,Urban Development,8.2,134,255,45.8,0,None,65.2,5,20.8,Full,49.3,65.5,1
5b7839ee,Uttar Pradesh,Lucknow,Highway,6.3,8,761,32.0,1,Under Hearing,16.2,3,24.0,Not Started,57.0,47.2,1
be08ef2e,Rajasthan,Jodhpur,Railway,3.33,13,1244,55.3,0,None,59.8,1,38.3,Full,38.6,58.8,0
9aed40d5,Odisha,Bhubaneswar,Irrigation,18.52,9,32,43.4,1,Resolved,75.4,5,15.6,Full,65.6,37.4,0
e6dbb2bf,Gujarat,Surat,Urban Development,6.87,72,1309,57.5,1,Filed,31.5,1,54.6,Partial,41.3,59.2,0
93092066,West Bengal,Kolkata,Industrial Corridor,42.26,14,674,39.6,1,Under Hearing,61.0,2,20.0,Full,41.1,17.2,1
b709c6fa,Rajasthan,Jodhpur,Railway,6.41,168,358,50.1,0,None,38.0,5,41.0,Full,16.2,59.7,0
6bfb02bf,Tamil Nadu,Coimbatore,Irrigation,23.54,27,1431,65.7,1,Stay Order,20.9,2,10.4,Not Started,67.9,44.1,1
47f09596,Tamil Nadu,Chennai,Industrial Corridor,20.89,50,818,81.2,0,None,78.5,3,22.0,Full,53.4,47.4,0
2555aa72,Karnataka,Belagavi,Industrial Corridor,17.35,38,269,15.6,1,Filed,66.6,5,22.0,Partial,65.8,63.2,1
8c5f43b1,Karnataka,Bengaluru,Highway,21.13,32,768,52.0,0,None,48.8,5,21.4,Not Started,16.8,31.9,1
cd2c431d,Bihar,Patna,Urban Development,11.72,55,824,35.6,0,None,29.6,3,26.6,Partial,69.2,23.2,0
b0e57546,Tamil Nadu,Salem,Highway,56.47,155,478,67.5,0,None,69.9,0,39.7,Not Started,80.2,36.7,1
0b05e26a,Maharashtra,Nagpur,Power Transmission,23.87,26,374,41.4,1,Filed,36.5,1,16.0,Partial,34.4,33.4,1
03022793,Uttar Pradesh,Meerut,Railway,7.89,58,523,52.0,0,None,80.0,1,51.6,Partial,41.5,39.8,0
f491d6f1,Maharashtra,Pune,Irrigation,62.86,35,1160,44.9,0,None,28.0,3,5.5,Full,24.8,32.8,1
39eda19a,Bihar,Muzaffarpur,Highway,28.76,238,106,89.2,2,Resolved,53.8,0,4.3,Not Started,68.0,27.9,0
b701142b,West Bengal,Siliguri,Industrial Corridor,14.21,36,1179,38.9,0,None,9.4,2,38.5,Full,62.7,26.8,1
02fe0d3f,Maharashtra,Thane,Irrigation,1.12,3,1008,54.5,0,None,25.0,4,27.1,Not Started,19.9,39.8,0
4a28c459,Maharashtra,Nashik,Irrigation,3.12,53,115,80.7,0,None,75.2,3,30.8,Full,69.4,43.2,0
c8fe997e,Karnataka,Hubballi,Highway,10.16,186,949,36.3,0,None,94.3,3,8.1,Full,47.8,53.4,1
488ed985,West Bengal,Siliguri,Power Transmission,6.48,37,228,85.2,0,None,65.2,1,52.5,Partial,43.1,31.0,1
f52ae90f,Uttar Pradesh,Lucknow,Urban Development,2.93,139,950,34.1,0,None,17.9,4,8.8,Partial,45.7,34.8,1
2103361b,Odisha,Bhubaneswar,Railway,26.45,32,924,94.8,1,Resolved,68.0,3,33.4,Partial,61.4,13.9,1
fa7c8c87,Uttar Pradesh,Meerut,Urban Development,24.4,130,928,49.6,0,None,44.6,6,20.3,Not Started,36.3,52.7,1
ac7d132d,Madhya Pradesh,Indore,Highway,13.13,27,414,29.7,1,Under Hearing,24.2,5,17.2,Not Started,99.1,29.9,1
f6e78f39,Odisha,Bhubaneswar,Highway,7.18,33,553,86.8,1,Under Hearing,61.8,3,37.9,Not Started,28.8,37.4,0
2aa509ec,Madhya Pradesh,Bhopal,Railway,8.84,13,1114,84.8,1,Filed,18.1,2,20.8,Full,94.4,60.9,0
41f5db7f,Karnataka,Bengaluru,Industrial Corridor,11.78,22,1010,57.0,0,None,87.7,0,13.2,Partial,81.9,27.3,1
1fb9a6a1,Tamil Nadu,Chennai,Power Transmission,30.66,153,437,81.8,0,None,33.7,2,34.9,Not Started,72.0,8.9,1
15488da5,Karnataka,Mysuru,Highway,3.2,54,499,62.2,2,Resolved,53.2,1,20.8,Full,73.8,8.4,0
db43322b,Madhya Pradesh,Bhopal,Irrigation,6.71,25,1145,58.7,3,Filed,50.0,5,19.9,Partial,64.8,66.6,1
b8601079,Tamil Nadu,Salem,Power Transmission,9.02,73,878,35.5,1,Under Hearing,22.4,3,48.7,Not Started,77.2,20.0,1
6a230be5,Odisha,Bhubaneswar,Urban Development,38.48,50,267,22.0,1,Resolved,59.5,4,22.4,Not Started,49.8,35.8,0
29007d7b,Madhya Pradesh,Gwalior,Industrial Corridor,30.53,28,311,46.2,2,Resolved,38.5,4,38.8,Not Started,95.0,65.6,0
478c81d5,Karnataka,Mysuru,Industrial Corridor,5.77,19,248,39.9,1,Under Hearing,27.0,5,40.9,Partial,52.4,27.9,1
bee7dd9f,Tamil Nadu,Salem,Irrigation,41.64,76,634,37.8,1,Stay Order,57.3,2,16.5,Full,15.5,64.1,1
45065ff6,Gujarat,Rajkot,Irrigation,73.81,266,1364,11.1,2,Under Hearing,52.9,4,15.0,Not Started,68.4,32.5,1
4a9e1567,Maharashtra,Pune,Highway,5.24,77,477,58.8,1,Filed,53.0,2,37.2,Partial,96.7,80.0,0
2d0c5edd,Odisha,Cuttack,Highway,19.59,33,583,16.8,1,Under Hearing,68.6,3,32.5,Full,24.7,27.0,1
d7bbd774,West Bengal,Kolkata,Highway,4.45,35,492,91.7,1,Stay Order,34.8,4,112.6,Partial,22.8,8.2,1
026a41c2,Uttar Pradesh,Lucknow,Industrial Corridor,24.44,16,117,34.5,1,Filed,32.9,5,22.3,Full,51.7,52.6,1
6d5788ab,Bihar,Muzaffarpur,Highway,24.18,581,1013,35.0,0,None,48.1,3,17.9,Partial,54.2,41.7,1
2515f3cc,Maharashtra,Thane,Power Transmission,41.1,406,338,89.4,0,None,68.8,2,21.7,Not Started,22.6,30.4,1
577a4374,Bihar,Patna,Urban Development,3.39,9,440,52.0,2,Filed,83.6,3,10.3,Partial,71.9,38.9,1
d8e41f8f,Tamil Nadu,Madurai,Power Transmission,4.45,19,114,78.5,0,None,31.0,3,11.1,Full,74.7,28.8,0
df497d34,Karnataka,Mysuru,Industrial Corridor,6.68,55,1411,31.6,0,None,28.6,0,36.0,Partial,33.1,37.3,1
a69a69db,Odisha,Bhubaneswar,Industrial Corridor,24.02,37,1422,89.7,0,None,77.8,0,6.7,Full,49.0,44.0,0
4fb965eb,Gujarat,Vadodara,Railway,30.3,47,1362,62.7,1,Stay Order,62.9,2,12.5,Partial,63.0,26.5,1
97c09a1e,Bihar,Bhagalpur,Irrigation,6.24,32,201,37.5,2,Filed,26.0,2,16.5,Partial,75.2,16.4,0
2e8239ce,Maharashtra,Nashik,Industrial Corridor,3.54,51,884,63.6,0,None,19.2,1,20.9,Full,66.1,45.2,1
b3426044,Karnataka,Mysuru,Railway,4.14,164,49,43.5,0,None,15.3,0,13.8,Full,65.1,35.3,0
6ec1f382,Tamil Nadu,Chennai,Urban Development,3.41,33,1087,26.1,0,None,37.8,3,35.9,Full,33.6,32.2,1
9af6e7c9,Gujarat,Vadodara,Urban Development,2.48,48,1259,86.8,0,None,37.3,1,32.5,Partial,81.7,44.5,0
fded72ae,Uttar Pradesh,Lucknow,Urban Development,6.98,177,950,17.6,0,None,71.6,2,28.8,Partial,24.5,5.0,0
97c2c845,Odisha,Bhubaneswar,Power Transmission,1.71,31,1481,55.2,0,None,4.0,1,33.7,Partial,25.0,38.2,0
dcb29cb0,Gujarat,Ahmedabad,Industrial Corridor,10.99,103,448,38.5,0,None,10.2,1,25.9,Partial,44.2,16.4,1
64077245,West Bengal,Kolkata,Urban Development,73.79,161,1441,45.9,1,Stay Order,87.7,4,12.9,Full,62.0,52.7,1
decb7be7,Rajasthan,Jodhpur,Industrial Corridor,9.65,7,142,52.0,0,None,68.3,1,7.4,Full,21.4,47.8,1
407226aa,Odisha,Bhubaneswar,Railway,17.21,59,1254,23.2,0,None,80.3,2,49.4,Partial,11.6,50.5,0
399e9de1,Rajasthan,Jodhpur,Railway,4.88,10,487,70.0,0,None,41.4,0,3.9,Not Started,89.4,36.0,0
32325dd7,West Bengal,Kolkata,Power Transmission,13.79,43,757,29.7,2,Filed,75.2,0,29.4,Partial,37.0,27.4,1
016c08c7,Bihar,Patna,Industrial Corridor,34.01,81,687,31.1,0,None,34.7,2,24.1,Full,41.0,43.4,1
8de3c4ee,Uttar Pradesh,Kanpur,Irrigation,29.31,7,793,78.8,1,Filed,78.0,3,12.2,Not Started,73.0,50.6,1
23e42ee8,Bihar,Patna,Highway,15.17,79,746,51.1,0,None,78.7,2,20.3,Partial,20.5,42.7,0
e39bdd8b,Tamil Nadu,Madurai,Urban Development,17.78,49,1086,22.7,0,None,28.7,4,9.9,Full,58.2,52.1,1
d03b968c,Maharashtra,Aurangabad,Urban Development,14.56,13,778,21.2,1,Resolved,41.5,2,18.7,Partial,14.6,26.6,1
0b0bc51a,Odisha,Rourkela,Irrigation,24.95,195,951,93.2,0,None,11.2,2,27.5,Full,79.4,37.7,0
a01a106e,Madhya Pradesh,Bhopal,Irrigation,5.87,72,1147,59.7,1,Under Hearing,48.5,3,11.0,Full,54.6,14.3,0
268f82a4,Bihar,Patna,Irrigation,0.49,214,536,69.3,1,Filed,42.0,3,19.4,Partial,49.2,26.3,0
96e64773,Uttar Pradesh,Lucknow,Industrial Corridor,47.1,17,279,75.7,3,Under Hearing,38.2,2,13.5,Full,56.1,33.8,1
42de1da5,Maharashtra,Nashik,Industrial Corridor,22.19,189,542,73.0,2,Under Hearing,15.5,7,22.1,Partial,39.1,20.9,1
9c273c7e,Gujarat,Vadodara,Power Transmission,26.97,13,878,40.6,2,Filed,77.4,8,24.4,Not Started,23.5,33.2,0
e0e5c118,Bihar,Gaya,Industrial Corridor,11.79,56,1285,55.6,0,None,24.6,2,70.3,Full,71.4,51.8,1
42919392,Gujarat,Surat,Railway,42.52,38,303,81.7,1,Resolved,26.0,2,33.7,Full,21.2,15.3,1
d2471146,Uttar Pradesh,Lucknow,Irrigation,8.19,75,185,25.4,0,None,59.9,6,3.5,Not Started,46.4,36.2,1
f30c188d,Uttar Pradesh,Kanpur,Irrigation,29.87,51,1167,75.7,1,Filed,33.3,1,38.6,Partial,74.5,28.2,1
a3de6350,West Bengal,Howrah,Irrigation,54.97,75,1001,92.3,1,Filed,20.9,1,7.7,Partial,21.0,62.1,1
547ce1ea,Madhya Pradesh,Bhopal,Industrial Corridor,14.02,45,329,58.6,0,None,6.2,1,30.5,Partial,96.3,41.3,0
d3a1f70e,Bihar,Bhagalpur,Railway,3.77,20,100,41.5,1,Under Hearing,90.5,0,26.0,Not Started,81.1,18.8,0
94cd42ed,Gujarat,Rajkot,Irrigation,5.46,123,1355,80.2,1,Resolved,9.1,1,39.7,Partial,58.6,56.1,0
477c9970,Bihar,Muzaffarpur,Industrial Corridor,8.58,6,352,18.2,0,None,59.8,3,12.2,Partial,77.8,30.5,1
64a47daf,Maharashtra,Nashik,Highway,14.89,95,1457,43.8,2,Stay Order,34.3,1,56.6,Partial,88.5,37.3,1
692b958f,Maharashtra,Nashik,Highway,5.93,34,928,55.3,0,None,39.0,2,14.8,Not Started,18.1,21.5,1
ec4fae5f,Bihar,Patna,Railway,2.01,170,317,83.9,3,Filed,34.7,3,18.3,Full,52.8,34.7,0
8a988c52,West Bengal,Durgapur,Urban Development,4.48,56,148,61.9,3,Under Hearing,39.0,1,14.5,Full,41.1,33.9,1
c38da941,Gujarat,Ahmedabad,Highway,5.11,308,229,58.5,1,Stay Order,60.1,1,41.3,Full,56.9,19.3,1
af3cf505,Madhya Pradesh,Indore,Irrigation,10.1,7,1334,55.1,0,None,70.5,2,37.5,Not Started,68.8,49.9,0
5ba6fbc2,Rajasthan,Jaipur,Power Transmission,6.69,117,119,18.9,1,Under Hearing,87.1,1,27.1,Partial,70.2,42.6,0
2d762ba4,Maharashtra,Nashik,Highway,14.64,19,1249,78.2,0,None,5.6,2,5.5,Partial,53.7,60.2,0
5304346d,Uttar Pradesh,Meerut,Highway,60.31,186,984,62.5,0,None,28.6,3,2.6,Not Started,35.2,38.7,1
9702106a,Gujarat,Ahmedabad,Power Transmission,21.52,7,1117,65.3,2,Resolved,68.1,2,71.9,Not Started,67.2,17.3,0
9d3c7977,Maharashtra,Pune,Power Transmission,9.37,358,955,55.4,1,Resolved,24.4,1,22.1,Not Started,79.3,22.3,1
986d1019,Maharashtra,Thane,Power Transmission,14.44,52,1146,98.9,0,None,31.4,3,54.5,Partial,69.0,58.8,1
c4b0f121,West Bengal,Durgapur,Highway,53.48,234,1379,35.1,1,Under Hearing,24.0,4,16.9,Not Started,81.9,13.8,1
efa0ce81,Maharashtra,Aurangabad,Irrigation,39.45,345,720,40.3,1,Filed,71.8,1,24.4,Not Started,62.4,45.0,1
1308f6c3,West Bengal,Durgapur,Power Transmission,11.27,110,85,19.7,1,Filed,20.1,1,43.6,Partial,78.1,53.9,1
3b64b99d,Madhya Pradesh,Bhopal,Highway,1.34,72,534,91.2,0,None,21.1,3,15.6,Full,58.0,33.6,1
542bde24,Maharashtra,Thane,Highway,5.84,59,1483,58.7,2,Filed,3.6,2,4.4,Partial,12.0,54.0,0
90697c58,Rajasthan,Jaipur,Railway,22.22,70,860,60.8,0,None,20.9,1,32.0,Partial,21.8,49.1,0
203f2047,Tamil Nadu,Salem,Industrial Corridor,3.94,15,182,18.4,0,None,4.0,3,25.5,Partial,64.6,55.0,1
279bcbfb,Odisha,Bhubaneswar,Railway,22.81,9,296,70.4,0,None,82.4,1,12.1,Full,76.6,44.6,1
09b787a2,Gujarat,Ahmedabad,Highway,135.8,43,1248,14.1,1,Under Hearing,27.0,0,74.1,Partial,31.2,23.3,1
ad26a441,Uttar Pradesh,Varanasi,Irrigation,3.7,44,250,95.6,0,None,65.3,1,16.6,Partial,60.7,44.0,0
4635ad8e,Gujarat,Surat,Power Transmission,5.61,34,1245,68.6,0,None,46.8,3,44.5,Partial,62.9,16.3,0
4a7c4bf8,Maharashtra,Aurangabad,Power Transmission,19.97,283,990,62.8,0,None,16.7,1,57.6,Partial,24.0,24.4,1
3906bf51,West Bengal,Siliguri,Irrigation,9.22,474,663,84.6,0,None,29.0,5,30.8,Partial,63.9,47.7,0
9985800f,Madhya Pradesh,Indore,Industrial Corridor,10.97,12,608,79.0,0,None,40.0,3,31.5,Partial,38.3,68.1,1
48aac2e4,Tamil Nadu,Chennai,Urban Development,5.3,31,268,37.2,0,None,58.9,1,40.6,Not Started,49.4,61.5,1
aacc5ef4,Gujarat,Vadodara,Industrial Corridor,33.61,14,837,29.3,1,Resolved,35.2,2,30.9,Partial,68.3,37.8,0
8e81d63e,Uttar Pradesh,Varanasi,Railway,18.05,65,526,71.3,0,None,56.6,3,27.9,Not Started,75.2,20.2,0
629cb536,West Bengal,Kolkata,Highway,24.1,32,452,73.6,0,None,56.2,1,33.2,Full,70.1,55.5,0
81b2e5ad,Madhya Pradesh,Indore,Irrigation,36.45,1271,50,77.5,2,Filed,58.2,1,6.1,Not Started,53.8,22.0,0
0e32caa7,Bihar,Patna,Railway,119.14,3,807,48.7,1,Filed,72.4,2,53.0,Partial,34.8,30.6,1
475330f8,Bihar,Bhagalpur,Highway,3.91,101,1080,96.3,0,None,30.6,3,73.1,Full,47.4,38.3,0
0e7ac077,Madhya Pradesh,Indore,Highway,14.73,36,455,70.9,1,Under Hearing,14.0,1,28.0,Not Started,92.8,51.5,1
0f371773,Odisha,Bhubaneswar,Irrigation,12.31,34,1438,73.5,1,Filed,58.9,1,8.1,Not Started,74.8,38.9,0
0e11e47a,Odisha,Bhubaneswar,Irrigation,24.27,15,615,34.3,1,Under Hearing,59.1,2,51.7,Full,57.1,40.2,0
31654bb8,Madhya Pradesh,Bhopal,Urban Development,8.32,749,1498,73.7,4,Under Hearing,67.8,4,69.8,Partial,25.9,37.8,1
fa4834f8,Gujarat,Vadodara,Urban Development,25.44,114,125,67.7,2,Filed,9.2,1,15.9,Partial,77.9,51.5,1
95368a5c,Gujarat,Surat,Railway,17.99,185,1312,46.7,0,None,38.1,1,11.6,Not Started,63.3,34.6,0
8b280f80,Gujarat,Vadodara,Urban Development,30.12,15,142,22.2,2,Filed,37.2,2,39.8,Not Started,38.3,42.5,1
eac13d7c,Madhya Pradesh,Jabalpur,Highway,1.94,9,1240,77.1,1,Stay Order,14.5,1,9.2,Full,61.4,37.3,1
f7ba1bba,Bihar,Patna,Industrial Corridor,27.47,9,592,70.5,1,Stay Order,79.0,2,12.8,Not Started,80.6,46.3,1
9c21df0f,Gujarat,Ahmedabad,Highway,9.38,72,1280,80.5,4,Under Hearing,73.6,5,29.1,Partial,95.6,43.9,1
d7ae9bda,Karnataka,Hubballi,Highway,9.1,8,73,42.7,0,None,56.1,1,75.9,Not Started,90.3,43.2,1
973a100c,Gujarat,Ahmedabad,Industrial Corridor,13.41,10,1310,47.4,0,None,15.5,3,30.5,Partial,71.9,29.3,0
923e44a6,Karnataka,Hubballi,Highway,9.35,148,439,75.0,0,None,75.8,1,31.0,Full,70.8,44.4,0
aeabe0af,Rajasthan,Kota,Power Transmission,33.04,82,565,43.3,1,Filed,36.3,1,22.6,Full,38.0,29.9,1
7c42fba4,Odisha,Bhubaneswar,Railway,12.11,77,1184,28.0,0,None,68.0,3,11.6,Partial,91.6,14.9,1
94dce38a,Madhya Pradesh,Gwalior,Industrial Corridor,12.95,89,1063,54.6,1,Filed,7.6,3,9.7,Partial,57.3,39.6,1
499a1562,Bihar,Patna,Highway,5.09,81,1235,93.1,1,Filed,40.3,1,37.3,Not Started,24.4,39.9,0
4c68da69,Karnataka,Belagavi,Power Transmission,9.63,29,205,47.7,2,Under Hearing,34.8,1,15.9,Not Started,52.5,7.0,1
0e0593a9,Odisha,Bhubaneswar,Highway,13.4,6,347,20.8,2,Filed,50.9,0,20.1,Not Started,81.3,11.5,1
b6cab72b,Odisha,Bhubaneswar,Industrial Corridor,20.27,108,653,81.0,1,Stay Order,65.2,2,38.7,Full,61.5,46.1,1
538ea441,Rajasthan,Jaipur,Railway,14.37,60,96,40.1,2,Resolved,17.6,2,87.8,Partial,83.4,63.2,1
dedaebbf,Maharashtra,Nagpur,Industrial Corridor,44.9,24,491,52.4,1,Filed,28.0,2,4.4,Full,7.3,45.6,1
cfe324a8,Maharashtra,Aurangabad,Power Transmission,11.45,10,136,16.6,2,Under Hearing,23.9,4,38.0,Partial,33.4,57.1,1
6823f38e,Tamil Nadu,Chennai,Urban Development,16.04,15,266,86.8,0,None,57.7,2,43.0,Full,54.7,12.5,1
06f32930,Tamil Nadu,Salem,Irrigation,10.82,33,849,58.1,1,Under Hearing,20.4,4,33.3,Not Started,64.8,26.4,1
f6277595,Rajasthan,Udaipur,Railway,44.7,31,804,34.9,0,None,14.3,2,43.8,Partial,79.7,35.7,1
50137ac8,Gujarat,Vadodara,Railway,12.6,56,580,57.1,0,None,65.5,3,31.4,Partial,61.6,29.4,1
e34305a2,Uttar Pradesh,Varanasi,Railway,4.39,109,489,56.2,3,Filed,33.1,1,22.5,Partial,13.8,68.8,1
f8fed02b,Odisha,Cuttack,Power Transmission,7.96,102,719,50.4,0,None,31.4,0,16.4,Not Started,67.1,23.4,0
2758f329,West Bengal,Kolkata,Industrial Corridor,4.93,14,546,40.6,1,Resolved,23.1,1,39.9,Not Started,24.1,47.7,0
03c9a1b5,Bihar,Bhagalpur,Highway,35.9,78,348,79.7,0,None,20.9,0,22.1,Full,61.7,47.8,1
15e5a901,Madhya Pradesh,Bhopal,Irrigation,3.16,193,1150,49.3,0,None,74.9,4,20.9,Not Started,45.6,32.5,1
031f02f6,Odisha,Cuttack,Power Transmission,39.5,68,616,37.3,1,Filed,58.7,8,23.5,Full,55.5,26.5,1
39711844,Uttar Pradesh,Lucknow,Urban Development,20.72,50,990,40.9,0,None,25.9,3,12.5,Not Started,67.9,60.5,1
0a0d9f32,Odisha,Bhubaneswar,Irrigation,10.22,110,268,74.5,2,Under Hearing,33.4,0,17.6,Partial,28.0,35.0,1
7a92bd36,Tamil Nadu,Madurai,Highway,20.51,35,290,36.0,1,Filed,30.8,3,17.6,Full,52.7,25.7,1
aa137f51,Bihar,Gaya,Highway,57.54,73,1477,38.7,0,None,33.1,2,22.4,Partial,52.2,51.0,1
1032dc44,Madhya Pradesh,Jabalpur,Irrigation,15.39,29,377,48.5,1,Resolved,68.4,1,3.7,Partial,46.1,27.2,1
1865dece,Tamil Nadu,Madurai,Railway,14.15,17,945,71.2,0,None,30.0,3,10.5,Partial,49.6,25.5,1
13c32705,Maharashtra,Nagpur,Irrigation,16.78,53,1374,57.2,0,None,35.3,0,20.8,Full,49.4,38.2,1
c6df0333,Maharashtra,Nashik,Irrigation,6.76,49,1079,72.2,1,Stay Order,34.3,2,26.0,Full,57.1,26.2,1
b4e5c5f5,West Bengal,Howrah,Urban Development,2.35,30,708,79.2,0,None,34.6,5,2.7,Not Started,22.9,14.1,0
867ebafc,Uttar Pradesh,Varanasi,Power Transmission,29.36,24,1172,43.9,1,Filed,77.2,2,34.2,Partial,36.8,5.0,1
ca4b87d4,Tamil Nadu,Coimbatore,Urban Development,5.12,143,1082,30.2,0,None,59.7,9,36.9,Partial,64.0,5.0,1
b64ae016,Tamil Nadu,Chennai,Irrigation,45.47,141,379,43.3,0,None,66.3,4,23.5,Not Started,94.6,10.7,0
8db74c20,Odisha,Bhubaneswar,Industrial Corridor,8.23,134,1403,93.5,0,None,68.1,5,14.0,Not Started,51.4,41.2,1
6add1752,Madhya Pradesh,Bhopal,Power Transmission,6.23,107,377,34.2,0,None,50.9,2,58.1,Not Started,63.6,63.4,1
9b0d87b7,Bihar,Bhagalpur,Urban Development,6.22,24,471,63.0,0,None,60.7,5,63.2,Full,67.5,17.9,1
0feb4f8b,Maharashtra,Nashik,Railway,31.65,39,1040,72.0,2,Under Hearing,47.2,1,45.4,Full,72.6,41.9,1
2d1c08a9,Madhya Pradesh,Indore,Power Transmission,19.2,42,943,50.5,0,None,30.8,7,9.7,Not Started,89.6,41.9,1
8fed0bf1,Rajasthan,Jaipur,Industrial Corridor,9.08,49,773,96.5,0,None,10.1,3,91.1,Partial,56.7,47.6,0
8cab51b4,Maharashtra,Nashik,Power Transmission,5.6,57,459,34.4,2,Stay Order,36.4,5,35.5,Not Started,33.1,19.9,1
af0b6650,Gujarat,Ahmedabad,Irrigation,7.85,26,1129,26.8,0,None,20.9,5,56.3,Full,47.3,43.2,1
c97dad4f,Madhya Pradesh,Indore,Industrial Corridor,10.15,27,870,94.9,0,None,69.9,4,69.0,Partial,93.8,49.9,1
7ef36283,Odisha,Rourkela,Highway,7.17,47,164,77.3,0,None,9.0,6,10.8,Partial,53.4,45.0,0
ec23cbfd,West Bengal,Kolkata,Railway,13.08,67,1287,20.5,2,Filed,19.0,0,43.8,Not Started,63.4,33.1,1
afb02bd1,Uttar Pradesh,Varanasi,Urban Development,14.78,370,1458,36.6,0,None,52.6,3,13.7,Full,47.5,41.6,0
9c114e96,Tamil Nadu,Coimbatore,Irrigation,29.68,108,810,79.5,2,Filed,22.5,0,22.6,Not Started,66.7,16.0,1
3781dc58,West Bengal,Siliguri,Power Transmission,2.15,38,991,39.3,0,None,48.1,1,19.7,Partial,86.7,44.9,1
45584cc5,Gujarat,Rajkot,Industrial Corridor,2.63,80,936,87.2,2,Resolved,26.1,1,19.3,Partial,36.0,47.0,0
25ac5694,Odisha,Bhubaneswar,Urban Development,29.5,57,1429,70.9,0,None,66.0,3,88.5,Not Started,86.1,52.1,1
ce9d3ce8,Gujarat,Vadodara,Urban Development,5.61,18,836,95.4,0,None,28.7,4,6.2,Partial,67.1,23.3,0
0824cd5b,Odisha,Cuttack,Urban Development,5.04,39,223,45.9,1,Filed,37.1,2,33.3,Not Started,73.0,40.2,1
06e7898f,Uttar Pradesh,Meerut,Power Transmission,2.16,61,780,71.8,0,None,10.6,2,4.0,Partial,75.1,31.5,0
7e15a16e,Karnataka,Belagavi,Urban Development,24.01,134,1325,76.9,1,Filed,59.7,5,13.1,Not Started,94.7,27.9,1
9d8daaf7,Odisha,Cuttack,Railway,56.28,10,1048,40.7,1,Resolved,49.2,1,14.3,Not Started,76.7,27.3,1
c6b1a53e,Tamil Nadu,Coimbatore,Industrial Corridor,27.3,12,1333,65.9,0,None,11.0,6,16.9,Not Started,37.6,38.9,0
8b030bdb,Bihar,Muzaffarpur,Railway,229.57,229,107,26.0,4,Filed,6.8,3,26.2,Partial,35.9,45.3,1
35c43ea8,Bihar,Muzaffarpur,Irrigation,17.97,16,670,54.0,2,Under Hearing,40.8,4,24.4,Not Started,46.7,62.0,1
d4bc0078,Madhya Pradesh,Jabalpur,Urban Development,18.89,95,478,53.0,0,None,11.8,5,11.0,Full,79.9,31.7,1
bcae26cc,Odisha,Cuttack,Irrigation,9.09,5,540,50.9,0,None,38.1,5,60.1,Not Started,26.7,9.9,1
e9c1be43,West Bengal,Siliguri,Irrigation,13.68,5,285,31.1,0,None,30.4,0,31.4,Not Started,18.8,61.0,1
c544357d,Rajasthan,Udaipur,Irrigation,37.2,166,51,18.9,0,None,62.1,2,97.1,Not Started,94.6,34.8,1
f9176f23,Bihar,Patna,Irrigation,14.49,56,695,53.7,0,None,31.0,5,28.2,Not Started,62.5,30.8,1
0496e4d0,West Bengal,Kolkata,Highway,19.49,168,53,41.1,1,Stay Order,25.2,2,8.9,Not Started,14.9,13.0,1
06911855,Gujarat,Vadodara,Highway,16.6,72,1283,10.2,0,None,53.1,1,13.2,Partial,30.7,36.9,0
7062327e,Uttar Pradesh,Meerut,Power Transmission,19.35,33,1181,22.7,0,None,55.2,3,7.5,Not Started,74.3,34.7,0
eef1dd75,West Bengal,Kolkata,Power Transmission,5.4,31,1039,70.4,0,None,65.5,2,13.1,Full,78.6,19.6,0
2cd13864,Odisha,Cuttack,Industrial Corridor,27.07,7,1100,89.9,1,Under Hearing,60.4,6,12.7,Partial,53.4,35.5,1
3a0824b5,Bihar,Gaya,Industrial Corridor,6.93,42,70,55.2,2,Stay Order,44.8,1,10.6,Partial,39.7,31.6,1
fab2167f,Uttar Pradesh,Meerut,Railway,2.62,84,1101,44.1,1,Resolved,54.7,2,40.6,Partial,73.1,5.0,0
b4494248,Maharashtra,Thane,Urban Development,50.25,68,813,60.0,1,Under Hearing,57.5,5,9.1,Full,49.1,35.8,1
285fee29,Maharashtra,Pune,Highway,5.93,38,63,35.5,0,None,26.8,2,17.4,Partial,76.5,36.5,1
41c7d4a7,Karnataka,Mysuru,Irrigation,24.0,139,260,40.3,3,Under Hearing,17.9,3,9.9,Not Started,12.3,40.5,1
59fbcbc4,Gujarat,Ahmedabad,Urban Development,25.27,62,1485,67.1,1,Filed,37.5,2,27.3,Partial,63.7,59.4,1
4f8c597a,Rajasthan,Jaipur,Highway,56.55,151,113,54.2,2,Under Hearing,56.1,3,68.5,Full,64.1,41.9,1
bd03f8d7,West Bengal,Howrah,Industrial Corridor,7.31,91,1354,25.6,1,Under Hearing,57.3,2,18.9,Full,67.1,55.4,1
37e268cb,West Bengal,Siliguri,Highway,23.79,15,995,43.5,0,None,76.3,2,14.6,Full,40.3,39.9,1
ef3c9f01,Uttar Pradesh,Lucknow,Power Transmission,5.49,29,262,43.0,1,Filed,32.0,5,5.9,Partial,54.2,26.4,1
562bd486,Odisha,Bhubaneswar,Highway,9.06,58,804,69.0,0,None,88.2,5,3.7,Partial,46.3,45.3,1
0abe9876,Karnataka,Mysuru,Power Transmission,19.24,37,783,7.6,0,None,73.9,2,6.4,Partial,60.5,47.3,1
e540cd4e,Uttar Pradesh,Meerut,Irrigation,2.06,19,110,42.0,1,Under Hearing,16.2,5,59.0,Partial,68.9,18.7,1
7d325d62,Tamil Nadu,Madurai,Industrial Corridor,32.76,10,192,74.1,1,Filed,41.3,1,69.4,Partial,20.0,57.9,1
4a03b91d,Rajasthan,Jodhpur,Railway,4.2,117,121,82.2,0,None,21.5,0,9.2,Full,85.2,52.8,1
5e08538e,Maharashtra,Nagpur,Irrigation,19.57,207,881,43.1,3,Under Hearing,42.6,6,13.0,Partial,36.1,44.8,1
0ab245cb,Rajasthan,Udaipur,Railway,11.34,16,754,68.9,0,None,64.6,2,69.6,Partial,65.9,37.5,1
d65099be,Karnataka,Mysuru,Irrigation,1.72,23,846,72.8,0,None,31.9,6,40.2,Partial,73.3,36.5,1
5c6013a9,Odisha,Rourkela,Irrigation,20.38,66,163,76.5,0,None,40.2,4,50.9,Full,89.3,20.1,0
f2c5c22d,Gujarat,Surat,Railway,27.33,128,365,17.6,1,Filed,68.1,3,17.8,Full,83.6,21.2,1
233d0367,Karnataka,Hubballi,Railway,15.98,13,1157,62.8,1,Filed,88.3,2,17.2,Partial,56.8,39.7,0
380ab574,Uttar Pradesh,Lucknow,Urban Development,12.2,59,1019,39.3,1,Under Hearing,66.6,1,35.1,Partial,29.2,24.0,1
9336fc49,Karnataka,Mysuru,Irrigation,9.99,2,415,86.6,2,Under Hearing,21.5,2,71.2,Partial,55.8,26.2,1
44ea17e3,Uttar Pradesh,Kanpur,Power Transmission,8.83,37,123,64.4,2,Filed,25.9,1,17.3,Partial,40.5,38.4,1
30d1b35e,Madhya Pradesh,Indore,Urban Development,5.08,9,112,32.6,1,Filed,25.7,6,23.1,Partial,63.0,40.6,1
f6e9e2b7,West Bengal,Howrah,Highway,2.92,259,1017,86.0,3,Under Hearing,53.6,5,17.7,Partial,38.2,20.5,1
a36ce93d,Karnataka,Hubballi,Power Transmission,23.37,313,1429,26.5,1,Under Hearing,42.6,1,23.6,Partial,37.5,36.6,1
ead4c2d0,Gujarat,Vadodara,Urban Development,6.22,29,929,24.2,0,None,83.8,0,12.0,Not Started,52.0,53.7,1
5fc4232d,Odisha,Cuttack,Urban Development,8.15,78,1057,34.0,2,Under Hearing,97.6,1,41.7,Not Started,55.3,48.9,1
bed02d41,Gujarat,Ahmedabad,Irrigation,26.94,207,1049,48.9,1,Filed,20.5,0,28.7,Partial,67.2,22.8,1
8951e270,Maharashtra,Nashik,Industrial Corridor,3.13,30,1095,72.4,0,None,20.4,4,7.2,Full,97.6,22.3,1
7a7bb761,Tamil Nadu,Coimbatore,Highway,5.47,25,389,76.5,1,Resolved,66.7,5,12.4,Not Started,80.6,12.0,1
08db8334,Uttar Pradesh,Kanpur,Highway,11.4,50,114,30.5,1,Stay Order,37.5,3,19.3,Not Started,73.8,69.9,1
5f4c8554,Madhya Pradesh,Gwalior,Highway,4.31,15,1202,36.4,0,None,45.4,2,36.2,Partial,37.8,49.0,1
5274d56d,Bihar,Patna,Irrigation,5.9,20,1458,91.9,0,None,16.3,3,21.2,Not Started,26.9,53.8,1
3422ed39,Odisha,Cuttack,Irrigation,1.94,350,1155,97.0,3,Under Hearing,35.6,2,23.3,Full,49.0,50.6,0
6a2bf0cb,West Bengal,Durgapur,Urban Development,8.78,31,1396,26.9,0,None,44.9,5,10.8,Partial,25.5,14.7,1
46811cb6,Karnataka,Mysuru,Urban Development,6.78,43,458,35.5,0,None,82.7,4,19.6,Partial,63.9,23.5,1
2693f7af,Karnataka,Bengaluru,Railway,22.13,8,578,54.8,0,None,59.7,3,29.1,Not Started,54.9,34.7,0
344bcbed,Bihar,Patna,Railway,6.73,57,1193,44.0,2,Under Hearing,79.2,4,36.6,Full,73.7,59.9,1
8da98918,Rajasthan,Jodhpur,Irrigation,4.44,71,1094,39.5,0,None,70.5,3,14.3,Partial,79.1,41.4,0
87b452bd,Maharashtra,Thane,Railway,2.77,31,221,55.3,0,None,38.9,0,34.0,Full,75.4,43.9,1
1b90d1fd,Rajasthan,Udaipur,Highway,12.74,62,1163,46.1,0,None,41.1,3,47.2,Full,69.2,11.1,1
ef80dc0d,Karnataka,Mysuru,Industrial Corridor,19.08,186,885,94.3,1,Stay Order,26.7,0,9.6,Not Started,53.6,43.1,1
ebeeb4eb,Maharashtra,Nashik,Urban Development,13.76,188,1353,45.5,0,None,69.7,2,40.9,Full,33.2,68.1,1
f9287f1d,Bihar,Gaya,Highway,44.45,26,1450,16.6,0,None,82.3,3,12.4,Not Started,50.0,42.7,1
2945a3af,Bihar,Gaya,Highway,4.34,12,111,43.8,0,None,38.3,4,19.8,Partial,55.3,36.4,0
720d1633,Odisha,Cuttack,Power Transmission,15.66,6,1179,92.1,1,Stay Order,83.2,4,44.5,Not Started,73.8,34.9,1
9733ca46,Uttar Pradesh,Varanasi,Industrial Corridor,37.12,97,1261,47.9,1,Filed,48.8,3,42.4,Partial,42.6,35.6,1
696a2a3b,Maharashtra,Nashik,Urban Development,4.31,496,410,77.4,0,None,18.3,3,4.1,Partial,36.9,39.6,0
4ac7ae1d,Odisha,Rourkela,Urban Development,14.51,22,1197,46.9,1,Under Hearing,31.3,1,81.8,Full,55.7,60.6,1
f9a2406e,Karnataka,Bengaluru,Power Transmission,10.34,147,1376,55.6,1,Under Hearing,22.0,0,11.9,Partial,89.8,21.2,1
aa117a20,Bihar,Patna,Railway,29.41,23,832,81.0,0,None,38.9,1,9.3,Not Started,83.7,61.7,0
d300b142,Madhya Pradesh,Bhopal,Irrigation,6.32,18,1360,62.6,1,Resolved,39.5,2,18.2,Partial,95.1,39.5,0
65bb356a,Madhya Pradesh,Bhopal,Irrigation,24.73,28,1265,54.6,0,None,77.6,2,26.2,Partial,15.5,9.6,0
55fcd08e,Tamil Nadu,Chennai,Industrial Corridor,5.01,41,197,60.6,1,Under Hearing,40.1,0,26.7,Not Started,52.2,24.7,0
61c19e0b,Maharashtra,Thane,Irrigation,1.47,67,796,40.6,0,None,23.8,1,16.7,Partial,65.2,36.2,0
63335db2,Bihar,Patna,Irrigation,17.83,28,298,25.6,1,Under Hearing,14.8,2,34.1,Not Started,53.2,54.2,1
eaf64172,Maharashtra,Nashik,Railway,22.91,387,771,31.0,2,Under Hearing,65.7,7,19.0,Partial,87.1,42.0,0
0632a951,Odisha,Bhubaneswar,Railway,7.98,1175,331,78.2,2,Filed,40.5,3,6.7,Partial,72.8,55.5,1
edf53b0f,Gujarat,Surat,Power Transmission,8.29,136,158,60.5,1,Under Hearing,85.5,3,52.7,Full,75.9,29.2,0
d29e7764,Maharashtra,Pune,Power Transmission,1.38,299,1366,21.8,2,Filed,55.7,2,21.0,Full,90.8,34.1,0
fb23697b,Uttar Pradesh,Varanasi,Highway,184.91,32,503,60.2,0,None,67.6,2,13.7,Full,74.1,39.0,0
81484438,Madhya Pradesh,Bhopal,Urban Development,12.55,407,181,19.8,1,Under Hearing,53.6,9,32.6,Partial,87.9,6.8,1
b9f578e7,Madhya Pradesh,Indore,Irrigation,28.37,20,433,67.8,0,None,17.3,1,21.6,Not Started,66.6,6.9,0
f4f79ec4,Rajasthan,Udaipur,Highway,44.17,53,861,51.2,1,Under Hearing,53.7,1,52.4,Partial,90.1,31.8,1
d6734e67,Odisha,Cuttack,Highway,20.9,138,249,67.4,0,None,45.4,2,28.6,Partial,85.3,27.2,0
1e070c4f,Madhya Pradesh,Bhopal,Highway,3.91,211,875,59.2,3,Filed,94.4,3,23.5,Full,44.4,23.2,0
038f5583,Rajasthan,Kota,Highway,57.82,31,1313,48.3,2,Resolved,15.4,3,48.7,Not Started,47.0,29.0,1
1f69f032,Tamil Nadu,Salem,Industrial Corridor,49.96,43,515,56.7,0,None,21.8,4,28.2,Not Started,39.6,24.1,1
8c338af2,West Bengal,Howrah,Irrigation,18.12,12,1118,5.8,0,None,17.6,2,17.3,Partial,88.3,27.7,1
c296ec64,Rajasthan,Jodhpur,Industrial Corridor,5.25,87,685,76.4,0,None,59.7,3,22.3,Partial,65.4,24.6,0
ec245fea,Tamil Nadu,Salem,Industrial Corridor,17.0,56,1334,55.9,2,Filed,2.2,3,22.5,Full,53.0,25.1,0
ef967e49,West Bengal,Siliguri,Highway,37.94,159,986,83.2,2,Stay Order,54.6,2,26.6,Partial,63.0,38.1,1
43017c0f,Gujarat,Rajkot,Irrigation,11.53,133,1272,15.9,1,Stay Order,55.4,2,39.0,Full,82.7,13.2,1
926a24b8,Odisha,Rourkela,Irrigation,2.0,54,490,37.8,0,None,66.7,5,4.6,Not Started,95.9,40.4,1
4d1ccc44,Rajasthan,Udaipur,Power Transmission,52.37,49,1345,67.3,1,Filed,77.3,3,31.7,Partial,80.1,36.5,1
71a94a6e,West Bengal,Durgapur,Industrial Corridor,6.11,25,143,18.7,1,Under Hearing,18.2,1,29.8,Not Started,62.8,20.0,1
d009c287,Odisha,Bhubaneswar,Industrial Corridor,21.41,9,572,88.4,1,Stay Order,37.0,3,3.5,Full,63.5,34.5,1
9c5a71fa,Maharashtra,Aurangabad,Urban Development,38.56,106,1234,47.2,2,Under Hearing,59.5,5,41.8,Partial,69.0,42.2,1
33c18a95,Gujarat,Surat,Power Transmission,6.61,6,1308,64.9,0,None,38.0,2,13.6,Not Started,54.9,44.0,1
e4386a1f,Karnataka,Belagavi,Urban Development,5.7,33,291,69.9,1,Filed,43.4,4,33.1,Full,39.5,50.7,1
3edcc703,Madhya Pradesh,Bhopal,Highway,19.19,36,649,56.3,0,None,19.8,2,52.6,Partial,66.4,40.7,0
ff457413,Maharashtra,Pune,Railway,3.2,22,874,78.4,1,Stay Order,54.0,3,5.2,Partial,65.8,24.0,1
e3ddc8f0,Bihar,Gaya,Industrial Corridor,8.13,633,1235,29.9,1,Stay Order,45.0,0,27.9,Full,33.1,29.3,1
5660b4ce,Gujarat,Rajkot,Urban Development,11.33,117,978,68.5,1,Filed,58.1,4,36.0,Partial,37.8,43.8,1
c7d4e8c1,Karnataka,Bengaluru,Urban Development,3.29,31,1374,18.7,0,None,36.2,4,9.0,Full,18.9,44.2,1
7a7e4844,West Bengal,Durgapur,Industrial Corridor,67.21,66,1197,78.5,0,None,86.9,2,17.6,Full,28.1,53.4,0
d562ab81,Tamil Nadu,Chennai,Urban Development,1.77,110,1252,81.0,1,Under Hearing,40.1,0,32.5,Full,24.9,24.3,1
e2dc75fc,West Bengal,Howrah,Urban Development,2.25,61,415,35.5,1,Filed,68.4,2,23.8,Not Started,74.0,38.5,1
d3d436d8,West Bengal,Kolkata,Irrigation,3.69,50,1490,81.4,1,Stay Order,39.2,3,27.9,Not Started,51.2,22.2,1
acba9475,Tamil Nadu,Chennai,Industrial Corridor,10.6,37,1332,14.5,2,Filed,60.3,1,18.8,Partial,58.7,39.8,1
669e7b89,Madhya Pradesh,Bhopal,Industrial Corridor,4.75,72,1381,51.9,0,None,47.9,0,64.4,Partial,29.7,71.4,1
0f0b38a3,Uttar Pradesh,Kanpur,Industrial Corridor,94.38,4,816,84.2,1,Filed,25.0,4,59.4,Not Started,50.3,55.7,1
9a75fe97,Uttar Pradesh,Agra,Power Transmission,3.91,168,1037,54.1,0,None,23.1,4,4.0,Not Started,54.2,69.4,1
3d8ec901,Madhya Pradesh,Gwalior,Highway,8.11,58,1100,54.3,0,None,62.4,6,29.0,Partial,64.6,33.5,1
bc08a04f,Tamil Nadu,Coimbatore,Urban Development,9.17,86,942,93.3,0,None,40.1,4,13.3,Partial,26.6,15.1,1
339fce62,West Bengal,Siliguri,Irrigation,2.0,66,1031,68.9,1,Filed,18.7,1,44.2,Partial,61.8,34.2,0
d65d8f5c,Karnataka,Mysuru,Power Transmission,13.3,6,1122,40.4,0,None,80.6,5,42.7,Not Started,13.0,64.3,0
f290e2cc,Rajasthan,Udaipur,Urban Development,29.72,38,1400,18.1,2,Stay Order,51.0,3,30.9,Partial,60.1,10.2,1
8c49a223,Madhya Pradesh,Bhopal,Highway,24.55,11,527,45.4,3,Filed,43.8,1,43.0,Partial,6.0,5.6,1
a6093084,Tamil Nadu,Madurai,Railway,52.76,16,827,63.9,1,Filed,79.2,3,66.5,Not Started,47.5,58.1,1
4bef6a66,Rajasthan,Jaipur,Irrigation,7.7,94,695,53.4,1,Stay Order,72.3,3,52.7,Not Started,48.5,26.3,1
9610ceb7,Uttar Pradesh,Lucknow,Irrigation,2.28,31,1084,84.1,0,None,64.6,2,36.0,Not Started,84.2,25.8,0
367a773d,Tamil Nadu,Coimbatore,Highway,5.81,27,1465,50.2,0,None,66.9,2,2.3,Not Started,51.9,66.5,1
22367600,Karnataka,Mysuru,Urban Development,41.55,14,1119,36.6,0,None,60.3,5,13.5,Partial,46.7,31.5,1
ab1f43ed,Odisha,Rourkela,Irrigation,97.42,20,809,23.0,0,None,23.1,1,31.7,Partial,75.1,22.1,0
3cff8b29,Maharashtra,Nashik,Railway,15.76,23,58,54.7,1,Resolved,75.8,3,30.4,Not Started,40.3,32.6,0
240e764d,West Bengal,Durgapur,Highway,5.0,47,1488,40.1,0,None,52.0,2,8.8,Full,63.5,30.7,1
de93498f,Rajasthan,Jodhpur,Power Transmission,15.91,23,680,55.4,0,None,8.7,5,38.7,Not Started,83.4,36.9,0
14448ca0,Rajasthan,Jaipur,Highway,19.8,138,1089,84.3,0,None,76.2,2,14.7,Not Started,63.6,46.2,1
39b0deb9,Uttar Pradesh,Agra,Railway,4.29,403,459,61.5,0,None,24.1,3,27.2,Full,23.1,51.9,0
1fdbf45b,Uttar Pradesh,Kanpur,Urban Development,5.39,11,696,64.7,0,None,70.7,0,61.5,Partial,84.3,31.1,0
40ce2df2,Madhya Pradesh,Jabalpur,Highway,2.87,73,1014,30.4,0,None,32.5,1,26.2,Partial,68.5,29.6,0
9bdc4114,Bihar,Patna,Highway,9.63,9,256,38.1,1,Resolved,49.3,2,23.8,Full,43.5,24.7,0
944da1eb,Uttar Pradesh,Varanasi,Railway,9.47,25,1331,88.8,0,None,36.2,3,35.4,Partial,90.5,38.2,0
b1003ad9,Madhya Pradesh,Indore,Highway,7.4,314,211,27.8,1,Filed,50.1,3,14.8,Full,40.9,47.9,0
a46ca97d,Bihar,Muzaffarpur,Industrial Corridor,5.55,15,764,75.8,0,None,69.8,0,35.3,Not Started,58.2,24.3,1
fd158e24,Rajasthan,Udaipur,Urban Development,14.72,132,958,25.5,1,Filed,68.3,1,21.9,Partial,48.9,50.1,1
46785d9f,Madhya Pradesh,Bhopal,Urban Development,2.11,264,83,92.0,1,Under Hearing,41.5,5,19.0,Full,91.3,20.4,0
c2d7cadb,Madhya Pradesh,Indore,Urban Development,3.07,120,476,36.6,1,Filed,62.0,1,20.9,Not Started,75.4,38.8,1
6cfbc728,Maharashtra,Aurangabad,Irrigation,20.6,64,610,80.9,2,Resolved,41.6,1,69.3,Not Started,19.6,5.0,1
5660273e,Uttar Pradesh,Meerut,Railway,41.71,34,1428,37.1,3,Resolved,30.2,2,34.9,Full,98.6,59.8,0
dfe44323,Odisha,Rourkela,Power Transmission,3.49,527,1214,65.6,1,Under Hearing,60.5,3,110.6,Partial,63.9,45.1,1
8212b01c,Rajasthan,Jodhpur,Industrial Corridor,2.18,557,1424,68.7,1,Resolved,89.8,2,30.5,Not Started,52.7,75.7,1
34131810,West Bengal,Siliguri,Industrial Corridor,17.97,31,641,49.4,0,None,58.1,7,29.5,Partial,56.3,67.9,0
c2634052,Maharashtra,Thane,Railway,22.69,119,998,51.1,0,None,42.5,2,35.9,Not Started,67.8,32.8,1
ba5eebb8,West Bengal,Howrah,Industrial Corridor,7.77,241,715,30.0,0,None,28.0,4,32.5,Not Started,24.8,24.1,0
1be94c40,Odisha,Bhubaneswar,Highway,40.81,15,734,37.3,0,None,39.8,1,31.7,Partial,77.3,39.0,1
2332a39a,Rajasthan,Jodhpur,Urban Development,8.46,156,351,45.5,1,Resolved,73.9,5,73.2,Partial,50.9,46.2,1
7ba2b735,Tamil Nadu,Coimbatore,Highway,22.75,28,1058,43.5,1,Filed,18.8,3,8.2,Partial,58.5,20.3,1
e08c3e15,West Bengal,Durgapur,Power Transmission,17.06,30,1384,52.9,0,None,14.7,5,37.1,Full,35.4,41.3,0
c10b4e92,Gujarat,Vadodara,Railway,30.54,70,813,19.4,1,Stay Order,13.0,2,35.8,Full,74.7,46.1,1
c711d527,Tamil Nadu,Salem,Industrial Corridor,9.16,30,1392,38.0,0,None,80.0,1,24.1,Not Started,68.9,32.8,1
5237c4e5,Madhya Pradesh,Bhopal,Railway,16.6,80,1288,83.2,0,None,41.6,2,30.7,Partial,59.1,51.6,0
2c70f270,Odisha,Bhubaneswar,Railway,6.94,58,1416,35.9,0,None,27.6,1,15.0,Not Started,43.2,25.1,1
d5f6b9bc,Madhya Pradesh,Bhopal,Highway,18.58,141,925,76.1,0,None,18.8,1,22.1,Partial,32.0,55.5,1
c4892605,Gujarat,Ahmedabad,Railway,4.28,45,1034,96.9,1,Under Hearing,7.7,3,27.7,Partial,34.0,14.3,1
9d9b7439,Odisha,Cuttack,Irrigation,10.93,163,1060,11.6,1,Under Hearing,76.1,3,14.0,Not Started,31.7,66.8,1
769aaeb9,West Bengal,Kolkata,Power Transmission,29.99,24,268,39.5,0,None,27.5,1,12.2,Full,61.7,61.7,0
eece6ea0,West Bengal,Durgapur,Urban Development,4.52,137,669,50.9,1,Filed,54.1,0,12.9,Partial,68.9,5.4,1
cb9f757e,Karnataka,Belagavi,Railway,11.08,9,1218,58.9,1,Filed,25.8,3,19.4,Partial,94.8,49.3,1
f5c7db94,West Bengal,Howrah,Industrial Corridor,11.3,144,1117,25.8,0,None,40.7,2,10.5,Not Started,30.1,34.9,1
46d0ac47,West Bengal,Howrah,Urban Development,14.2,10,1038,51.2,2,Filed,44.4,4,15.4,Not Started,39.5,17.6,0
961b0d71,Bihar,Patna,Power Transmission,7.0,83,880,85.8,1,Under Hearing,39.1,4,32.8,Partial,45.4,5.0,0
9087cd6a,Bihar,Gaya,Irrigation,12.25,39,1364,59.3,1,Resolved,59.6,3,23.1,Partial,39.6,43.1,1
c67a43d0,Maharashtra,Aurangabad,Industrial Corridor,7.04,9,694,42.1,0,None,75.1,2,20.2,Full,44.8,24.6,0
7734ab98,Madhya Pradesh,Indore,Power Transmission,11.12,341,1238,67.7,1,Filed,39.4,0,34.5,Not Started,22.1,9.4,0
e5cb40b5,Karnataka,Hubballi,Power Transmission,5.15,21,203,50.5,2,Under Hearing,50.5,3,10.5,Not Started,83.7,17.7,1
191f0695,Bihar,Gaya,Urban Development,9.91,44,188,69.3,0,None,43.7,2,50.9,Not Started,48.7,47.6,0
0a3a2318,Maharashtra,Nagpur,Highway,8.46,122,832,39.1,1,Under Hearing,5.7,3,18.7,Partial,71.2,51.7,1
8a4271bb,Rajasthan,Jaipur,Urban Development,32.04,10,696,59.4,0,None,33.9,2,39.4,Full,60.0,72.3,1
792be66e,Karnataka,Mysuru,Industrial Corridor,21.33,76,1277,22.8,0,None,46.3,0,40.8,Not Started,25.8,42.2,0
ca1016b8,Maharashtra,Thane,Irrigation,30.49,53,536,37.1,0,None,58.4,4,3.8,Partial,40.3,29.0,1
f9bc6e8b,Odisha,Bhubaneswar,Highway,4.49,51,382,72.9,2,Filed,32.7,1,28.6,Full,91.4,34.5,0
9e3a5cdd,Odisha,Rourkela,Irrigation,0.99,85,1282,45.2,2,Stay Order,78.3,2,44.1,Partial,93.1,66.6,1
4f8bfa49,Karnataka,Belagavi,Power Transmission,14.17,147,1196,95.4,1,Under Hearing,67.3,1,10.5,Not Started,59.9,43.5,1
331c6c86,Uttar Pradesh,Meerut,Industrial Corridor,12.13,46,316,76.4,1,Stay Order,13.9,5,53.5,Partial,45.0,62.1,1
cb9daa42,Rajasthan,Udaipur,Urban Development,16.83,44,158,66.8,0,None,61.8,3,19.0,Partial,72.7,41.0,1
33508e48,Maharashtra,Nagpur,Power Transmission,6.52,24,600,69.7,0,None,68.8,4,72.3,Full,67.1,54.0,0
361ef36f,Bihar,Muzaffarpur,Irrigation,2.04,84,31,94.4,0,None,25.8,5,38.9,Partial,52.6,31.6,0
dab501d2,Bihar,Muzaffarpur,Irrigation,12.07,555,410,43.5,0,None,7.7,4,52.1,Partial,92.4,10.2,1
2d94c3b6,Gujarat,Ahmedabad,Power Transmission,22.42,162,1039,39.2,2,Resolved,42.9,5,15.5,Full,66.2,26.0,0
6f98678f,Uttar Pradesh,Kanpur,Railway,17.09,45,1388,42.2,0,None,41.3,3,20.1,Full,65.3,76.1,1
853db093,Rajasthan,Udaipur,Urban Development,16.11,217,480,68.2,0,None,72.0,2,32.7,Full,80.8,30.5,0
be66573d,Karnataka,Mysuru,Industrial Corridor,111.64,427,78,45.6,1,Under Hearing,41.5,5,36.8,Not Started,83.7,26.0,1
2b1e52b7,Bihar,Patna,Power Transmission,34.26,45,730,98.1,0,None,65.6,0,2.2,Not Started,45.5,38.2,0
416b2085,Uttar Pradesh,Lucknow,Urban Development,7.71,274,983,52.9,2,Resolved,66.7,3,25.3,Not Started,28.2,50.0,1
1eab41ed,Madhya Pradesh,Bhopal,Power Transmission,3.35,74,667,54.6,0,None,76.1,5,12.6,Full,82.5,39.8,1
24cf0604,Odisha,Cuttack,Railway,29.25,335,256,76.6,1,Stay Order,36.0,2,32.2,Full,37.8,53.6,1
d9ad338f,Odisha,Bhubaneswar,Power Transmission,70.19,52,996,83.0,0,None,49.1,1,16.8,Not Started,63.5,56.5,0
3a4875af,Maharashtra,Nagpur,Highway,3.7,90,1346,58.5,0,None,18.8,2,33.8,Partial,59.3,32.9,1
82f4a519,Karnataka,Mysuru,Industrial Corridor,19.9,359,1408,83.6,0,None,17.3,3,4.0,Partial,60.8,47.4,1
0d647da0,Odisha,Bhubaneswar,Power Transmission,4.59,13,1313,26.1,0,None,10.7,6,15.9,Partial,71.9,60.3,1
756a2ed5,Maharashtra,Thane,Irrigation,7.11,118,1287,31.4,0,None,88.4,2,33.0,Not Started,19.7,20.9,0
c698d39a,Odisha,Rourkela,Highway,3.05,53,1340,39.1,1,Filed,70.5,1,60.0,Full,43.2,39.4,1
5702ad8b,Karnataka,Belagavi,Irrigation,22.39,62,1051,56.9,0,None,29.2,0,13.1,Partial,36.3,9.3,1
b4ce0746,Bihar,Patna,Highway,19.38,412,472,32.6,0,None,47.4,4,31.9,Full,54.2,52.5,0
86929979,Rajasthan,Jaipur,Irrigation,67.23,98,1139,33.8,0,None,15.5,1,6.8,Partial,18.3,41.8,1
fcbc3392,Rajasthan,Udaipur,Urban Development,29.24,165,732,36.2,0,None,76.6,1,12.1,Full,47.5,34.6,0
b6a2923d,West Bengal,Howrah,Urban Development,15.78,82,1060,47.5,1,Resolved,66.4,2,12.7,Partial,36.7,42.1,1
95a8ffc8,Tamil Nadu,Chennai,Railway,16.66,74,808,64.1,1,Filed,37.8,2,28.9,Full,19.6,47.0,0
996de681,Uttar Pradesh,Varanasi,Irrigation,42.4,166,68,59.2,1,Stay Order,45.5,2,22.2,Not Started,46.3,47.7,1
8c735f29,Madhya Pradesh,Gwalior,Power Transmission,5.56,309,191,87.7,0,None,19.2,3,34.8,Not Started,19.4,58.2,1
5a65c5fb,Madhya Pradesh,Indore,Railway,25.07,25,625,22.5,1,Under Hearing,75.1,3,31.2,Partial,63.5,43.9,1
1ced8063,West Bengal,Kolkata,Irrigation,4.26,26,608,35.6,0,None,81.0,6,66.3,Not Started,96.6,17.6,0
3943e72e,Maharashtra,Aurangabad,Irrigation,11.99,9,833,27.8,2,Under Hearing,19.3,2,7.6,Not Started,83.1,24.8,1
94461b33,Madhya Pradesh,Indore,Industrial Corridor,16.6,7,1123,29.6,0,None,34.8,5,9.3,Partial,25.7,23.0,1
e76df2a9,Bihar,Patna,Highway,26.99,74,1367,26.9,1,Resolved,77.1,2,3.2,Partial,72.1,56.4,1
cac777ac,Maharashtra,Nagpur,Railway,17.89,43,442,53.3,0,None,36.7,3,17.7,Partial,65.5,36.7,1
364c6c0f,Karnataka,Bengaluru,Power Transmission,21.2,213,798,16.7,0,None,46.7,2,20.0,Partial,54.0,25.1,0
5af1ea01,Bihar,Gaya,Railway,67.09,174,1096,50.0,0,None,54.6,3,9.7,Not Started,53.0,23.0,0
743cba7f,Odisha,Bhubaneswar,Highway,8.02,43,558,73.1,1,Resolved,66.8,4,39.7,Not Started,95.8,38.5,1
ba434add,Maharashtra,Nashik,Industrial Corridor,13.52,175,125,60.9,3,Under Hearing,46.6,1,58.9,Partial,75.2,14.1,1
75740700,Uttar Pradesh,Varanasi,Urban Development,21.1,40,79,81.3,1,Stay Order,34.3,4,36.1,Partial,97.7,33.1,1
1bd34527,West Bengal,Durgapur,Industrial Corridor,10.53,270,987,91.1,1,Under Hearing,38.8,1,19.8,Full,22.1,56.0,1
fea3b9b9,Odisha,Rourkela,Industrial Corridor,37.02,15,1405,25.0,1,Resolved,42.0,2,8.0,Not Started,67.1,44.9,1
d5809fcc,West Bengal,Siliguri,Highway,3.03,114,995,25.8,1,Stay Order,15.0,2,24.0,Not Started,76.3,48.5,1
3448c7d7,West Bengal,Durgapur,Irrigation,13.19,58,1069,60.8,0,None,82.7,4,34.4,Not Started,92.3,37.7,0
e11b4808,Karnataka,Bengaluru,Irrigation,21.53,5,241,83.7,0,None,28.1,3,25.1,Partial,82.0,44.2,0
2d44ae0c,Maharashtra,Aurangabad,Railway,2.64,33,133,86.1,1,Resolved,27.8,5,23.3,Partial,78.5,22.1,0
8a9f486a,Uttar Pradesh,Kanpur,Urban Development,0.26,108,844,79.9,2,Stay Order,18.5,3,14.7,Not Started,76.4,17.9,1
0f310d94,Madhya Pradesh,Gwalior,Highway,5.87,63,726,29.0,1,Filed,54.6,2,33.8,Partial,78.4,25.7,0
eddd201b,Bihar,Patna,Power Transmission,10.48,166,261,43.9,1,Stay Order,63.6,4,63.6,Partial,59.7,39.1,1
9bb5f831,Karnataka,Belagavi,Railway,38.37,3,1188,83.6,0,None,41.9,2,19.7,Full,51.6,53.0,0
b65b021c,Madhya Pradesh,Jabalpur,Urban Development,26.82,96,242,74.5,1,Filed,9.1,3,66.9,Not Started,30.1,44.8,1
edac8be2,Karnataka,Belagavi,Urban Development,1.2,7,1438,38.2,3,Filed,50.9,1,9.7,Partial,85.8,13.7,1
a13c2eea,Odisha,Cuttack,Urban Development,33.58,46,968,49.3,1,Resolved,25.8,0,37.9,Not Started,89.2,45.6,0
688e9e75,Gujarat,Rajkot,Highway,4.13,189,948,46.4,1,Under Hearing,74.1,4,30.3,Partial,57.7,40.8,1
c8c57d9b,Rajasthan,Jodhpur,Irrigation,18.22,31,1498,74.6,0,None,23.8,5,31.4,Full,60.6,40.3,0
2f98383b,Uttar Pradesh,Varanasi,Industrial Corridor,18.05,74,717,59.3,0,None,34.7,2,49.2,Partial,87.8,21.0,1
a336147f,Uttar Pradesh,Lucknow,Power Transmission,6.53,114,472,36.3,0,None,43.6,5,36.1,Partial,70.3,12.7,0
21407fa4,Rajasthan,Kota,Irrigation,5.73,33,323,73.6,2,Under Hearing,32.0,5,32.2,Not Started,46.1,30.5,1
42818870,Karnataka,Belagavi,Irrigation,13.05,17,62,33.6,0,None,47.6,2,40.5,Full,57.4,28.3,0
aafb1e88,Odisha,Rourkela,Irrigation,8.53,9,929,74.3,1,Filed,63.2,2,50.7,Full,74.5,34.3,0
0d7dc16d,Maharashtra,Nashik,Industrial Corridor,1.4,26,881,69.0,0,None,40.3,5,84.3,Partial,43.2,35.8,1
702c250f,Odisha,Cuttack,Power Transmission,4.2,14,1171,78.0,0,None,34.7,4,30.1,Not Started,62.5,9.8,1
8915db8d,Maharashtra,Nagpur,Highway,8.5,26,288,78.1,0,None,18.1,3,11.6,Full,23.2,38.2,0
ee7b6ce3,West Bengal,Siliguri,Industrial Corridor,22.44,48,869,34.4,0,None,88.6,1,4.0,Partial,40.7,22.7,0
28d755fa,Karnataka,Mysuru,Railway,10.69,56,938,39.5,3,Under Hearing,8.9,2,11.9,Not Started,63.0,24.3,1
9d3792bb,Maharashtra,Pune,Power Transmission,9.13,196,1317,53.0,0,None,65.8,3,51.0,Full,70.5,22.7,0
2e91e6c6,Madhya Pradesh,Indore,Industrial Corridor,3.83,83,1332,33.7,0,None,27.0,2,20.2,Not Started,48.6,17.2,1
02640359,Gujarat,Ahmedabad,Industrial Corridor,16.93,82,1458,94.8,1,Resolved,93.0,2,6.9,Full,38.1,25.1,0
0b33f12f,Tamil Nadu,Coimbatore,Irrigation,9.74,197,1485,19.2,1,Under Hearing,63.6,4,18.9,Not Started,30.2,55.6,1
10113d79,Odisha,Cuttack,Power Transmission,23.39,332,563,39.7,0,None,8.5,3,10.8,Not Started,27.9,55.3,1
b6e78866,Odisha,Cuttack,Urban Development,25.44,85,1270,84.0,0,None,53.2,2,17.1,Full,41.6,21.5,1
2aa3780b,Rajasthan,Udaipur,Industrial Corridor,122.55,66,662,72.3,2,Under Hearing,59.5,3,16.1,Full,84.7,16.5,0
007635d9,Maharashtra,Thane,Urban Development,35.0,110,436,55.7,0,None,81.3,3,12.2,Full,41.4,23.3,0
f21ac604,Bihar,Gaya,Irrigation,22.69,62,891,86.7,1,Filed,50.7,0,48.7,Partial,59.7,54.9,1
b0b11b34,Bihar,Bhagalpur,Railway,10.21,4,623,44.1,0,None,38.1,5,17.5,Partial,22.1,24.7,1
a4b7d619,Madhya Pradesh,Indore,Railway,14.04,16,1353,84.9,1,Filed,53.2,1,8.5,Partial,19.3,24.0,0
4dfeb61d,Bihar,Muzaffarpur,Highway,38.77,206,1162,82.2,1,Resolved,44.3,2,63.9,Full,64.2,41.2,1
2cb9a6fd,Maharashtra,Thane,Railway,2.74,161,1472,42.8,1,Under Hearing,68.7,1,58.6,Partial,79.5,29.9,0
787fd198,Maharashtra,Thane,Railway,20.49,103,1261,86.5,0,None,70.7,3,81.3,Not Started,63.6,28.6,0
de067efd,Uttar Pradesh,Meerut,Industrial Corridor,4.87,63,1471,48.8,2,Filed,51.0,2,49.6,Full,63.2,41.9,1
c75438a7,Karnataka,Hubballi,Highway,8.82,45,589,62.5,0,None,52.3,3,9.9,Not Started,8.6,53.1,1
ec7d7d9a,Gujarat,Surat,Railway,58.45,148,436,79.4,1,Filed,70.0,5,23.0,Full,88.4,28.9,1
ae18612e,Rajasthan,Udaipur,Irrigation,2.13,24,1001,56.9,2,Resolved,46.0,5,15.8,Full,89.1,23.5,1
68ec9f04,Karnataka,Belagavi,Industrial Corridor,11.37,7,1269,46.7,1,Resolved,29.8,5,29.9,Not Started,24.3,44.8,1
ed2c6ba4,West Bengal,Howrah,Power Transmission,148.73,18,1453,76.0,0,None,8.0,4,25.7,Full,74.1,24.6,1
3945adb0,Rajasthan,Udaipur,Irrigation,1.81,160,48,7.8,0,None,54.3,3,32.1,Not Started,58.1,41.5,1
fd32ef1f,Karnataka,Belagavi,Urban Development,21.61,52,843,73.5,1,Resolved,21.7,0,32.3,Partial,70.4,50.4,1
ca7f5990,Bihar,Patna,Railway,10.51,94,124,13.8,1,Stay Order,53.8,4,12.7,Not Started,78.5,55.0,1
3a221b0c,Karnataka,Mysuru,Industrial Corridor,17.28,230,1455,56.6,1,Stay Order,26.6,2,3.6,Partial,52.3,40.5,1
39a99a4b,Tamil Nadu,Madurai,Railway,3.52,74,1070,60.7,1,Under Hearing,65.5,4,21.3,Partial,71.5,53.2,0
99f66364,Uttar Pradesh,Kanpur,Irrigation,17.28,189,260,90.9,1,Stay Order,87.8,4,18.0,Not Started,97.9,7.1,1
5f2b6ef0,Rajasthan,Kota,Urban Development,22.58,91,34,51.6,0,None,37.9,3,44.4,Partial,69.0,52.8,0
4d43ee34,Rajasthan,Kota,Railway,11.4,375,490,90.8,1,Stay Order,80.7,4,13.7,Not Started,52.4,11.5,1
04e00416,Karnataka,Hubballi,Industrial Corridor,11.18,148,1209,80.5,0,None,17.3,1,31.4,Full,73.9,36.4,0
ceab7862,Odisha,Bhubaneswar,Irrigation,34.95,43,423,64.9,3,Resolved,26.6,2,46.3,Partial,69.2,43.8,1
5dc147db,West Bengal,Howrah,Railway,5.72,16,1297,91.8,1,Under Hearing,81.2,2,18.4,Partial,47.9,18.2,1
31bf3254,Madhya Pradesh,Bhopal,Urban Development,48.15,53,1394,30.1,0,None,51.3,1,63.3,Partial,48.7,36.8,1
5c16627d,Uttar Pradesh,Lucknow,Highway,5.81,23,443,67.5,0,None,13.8,7,15.7,Partial,20.7,21.7,1
722f78c3,Rajasthan,Udaipur,Highway,33.51,162,528,57.7,3,Filed,49.3,2,18.0,Partial,35.4,51.9,1
1d5f8f8f,Gujarat,Rajkot,Industrial Corridor,4.52,640,443,86.0,0,None,39.7,3,29.9,Full,63.1,33.9,1
640db05b,Karnataka,Mysuru,Industrial Corridor,7.54,26,1408,6.8,1,Under Hearing,45.0,2,26.1,Not Started,37.4,43.9,1
e0113454,Uttar Pradesh,Kanpur,Urban Development,69.22,265,379,48.4,1,Stay Order,11.3,5,38.6,Partial,61.2,5.0,1
3c198fe1,Gujarat,Ahmedabad,Urban Development,0.89,70,1111,52.1,0,None,57.5,3,24.6,Full,28.2,30.7,1
0425b6ed,Karnataka,Bengaluru,Industrial Corridor,14.67,54,588,41.5,0,None,31.3,2,13.2,Full,54.4,37.9,0
59b3fb3a,Karnataka,Bengaluru,Industrial Corridor,2.44,12,812,9.1,1,Resolved,52.7,1,3.1,Partial,26.7,35.1,1
baf928e3,Karnataka,Bengaluru,Urban Development,8.54,148,150,68.5,1,Filed,73.7,3,14.1,Partial,32.9,20.0,0
8d5011f5,Tamil Nadu,Madurai,Power Transmission,6.3,47,634,76.9,1,Filed,22.7,7,11.6,Not Started,29.7,33.9,1
adfb81d0,Madhya Pradesh,Jabalpur,Industrial Corridor,7.5,4,633,15.6,0,None,13.5,2,29.8,Full,19.4,37.8,0
480b7e24,Karnataka,Hubballi,Highway,4.23,101,701,4.9,1,Resolved,44.0,1,32.6,Full,96.9,35.3,0
1b6f7e9f,Tamil Nadu,Coimbatore,Power Transmission,25.76,56,85,56.0,0,None,41.4,6,33.6,Partial,61.2,33.6,1
87cb7028,Rajasthan,Jodhpur,Irrigation,11.03,139,401,16.3,0,None,76.7,1,55.3,Partial,83.7,39.7,1
7c082f09,Tamil Nadu,Madurai,Irrigation,14.34,165,1318,79.9,1,Under Hearing,45.3,3,16.4,Not Started,76.6,22.8,1
4e137df7,Odisha,Rourkela,Highway,5.35,12,168,51.0,2,Under Hearing,52.1,4,23.8,Partial,64.5,40.8,1
641966fa,Gujarat,Surat,Urban Development,12.47,56,353,51.7,0,None,29.4,4,20.3,Full,66.7,42.1,0
62fb4545,Madhya Pradesh,Jabalpur,Highway,20.02,35,1436,77.8,2,Filed,55.7,4,46.2,Not Started,46.5,32.1,1
3bd0df9d,West Bengal,Kolkata,Irrigation,4.37,37,900,30.4,1,Stay Order,11.6,0,2.7,Partial,31.1,40.1,1
bf32cb71,Gujarat,Rajkot,Power Transmission,3.73,15,939,12.2,1,Filed,76.9,3,30.6,Full,86.3,64.5,0
debef5ad,Bihar,Bhagalpur,Irrigation,10.89,44,1437,44.0,0,None,85.0,3,39.3,Not Started,65.2,57.8,0
e9752d4f,Tamil Nadu,Coimbatore,Power Transmission,3.28,185,1424,35.3,0,None,70.1,4,23.0,Partial,32.3,39.3,0
5281ee29,Rajasthan,Kota,Irrigation,7.58,53,282,56.7,1,Under Hearing,40.2,0,16.3,Partial,49.0,52.8,0
08036dd3,West Bengal,Howrah,Urban Development,3.28,203,408,51.5,0,None,58.7,2,27.2,Full,57.7,10.8,1
488f0e8c,Maharashtra,Nagpur,Power Transmission,33.93,131,1476,71.4,1,Under Hearing,73.7,5,62.0,Not Started,72.7,41.7,1
d57a9cc8,Odisha,Bhubaneswar,Highway,4.22,1,541,86.1,1,Stay Order,75.9,3,50.2,Partial,63.6,37.0,1
8b223693,Bihar,Patna,Power Transmission,7.95,44,628,77.1,1,Resolved,57.3,2,19.3,Partial,83.4,27.8,1
853deada,Odisha,Bhubaneswar,Railway,3.15,341,94,37.2,0,None,44.8,1,13.7,Not Started,86.3,25.4,0
65a2b748,Maharashtra,Pune,Industrial Corridor,81.38,122,777,53.8,1,Under Hearing,29.4,4,22.4,Partial,19.7,53.1,1
34fc3ad5,West Bengal,Siliguri,Power Transmission,2.13,79,449,15.6,0,None,70.4,3,12.5,Not Started,36.3,60.8,0
79a25128,Karnataka,Hubballi,Urban Development,88.55,55,1163,67.8,0,None,53.7,1,44.5,Full,74.8,19.8,0
45fbe860,Bihar,Muzaffarpur,Irrigation,7.88,65,1211,86.9,1,Under Hearing,21.0,3,13.8,Partial,90.0,26.8,1
1762bf4e,Tamil Nadu,Madurai,Highway,1.86,7,1377,83.0,0,None,56.6,4,72.4,Full,27.1,38.5,0
d4ce9769,Tamil Nadu,Chennai,Power Transmission,8.47,37,1488,53.9,0,None,26.0,2,34.0,Full,62.7,38.2,0
bf204b6f,Uttar Pradesh,Kanpur,Irrigation,9.67,308,533,66.8,1,Resolved,40.2,4,5.6,Partial,41.3,18.9,0
6d8df917,West Bengal,Durgapur,Urban Development,44.36,61,638,88.9,0,None,39.3,1,49.6,Full,47.0,48.2,0
037e396e,Maharashtra,Thane,Irrigation,20.93,990,843,92.9,0,None,35.9,2,16.2,Full,56.3,14.6,1
f3cbb49e,Maharashtra,Thane,Irrigation,15.44,7,284,33.8,0,None,78.3,6,10.8,Partial,21.7,18.1,0
7c1bb5a2,Bihar,Muzaffarpur,Urban Development,7.62,37,600,81.0,1,Resolved,42.8,4,28.8,Partial,77.6,36.7,0
828324e2,Karnataka,Hubballi,Railway,1.88,340,785,36.7,1,Resolved,83.0,5,37.6,Partial,74.3,41.8,1
55096a72,Maharashtra,Nagpur,Irrigation,17.23,237,875,23.2,2,Resolved,37.8,2,16.8,Partial,40.2,6.5,0
b2ab6f77,Bihar,Bhagalpur,Urban Development,6.68,44,1374,85.0,0,None,82.8,1,54.3,Not Started,61.0,40.1,0
d1143b3c,Gujarat,Vadodara,Highway,13.51,687,1456,40.9,1,Under Hearing,35.3,1,20.5,Not Started,39.7,31.9,1
89efb900,West Bengal,Howrah,Railway,3.59,141,533,36.8,0,None,15.5,1,9.4,Full,44.1,27.1,0
e4a588cc,Gujarat,Ahmedabad,Power Transmission,42.62,62,263,55.7,2,Under Hearing,40.3,1,60.3,Not Started,56.5,27.7,1
83c8c428,Bihar,Muzaffarpur,Industrial Corridor,2.86,238,328,53.3,1,Resolved,19.5,3,31.8,Partial,56.6,25.6,0
d52f67be,Madhya Pradesh,Jabalpur,Power Transmission,20.75,9,1447,9.7,0,None,25.2,4,15.4,Not Started,77.9,22.8,1
8125ac87,Gujarat,Ahmedabad,Power Transmission,20.32,41,53,9.4,1,Stay Order,42.2,3,27.5,Partial,78.5,30.4,1
d5c38afc,Odisha,Rourkela,Highway,39.93,17,903,55.5,3,Filed,62.0,0,23.5,Partial,71.1,21.6,0
fa167ebb,Uttar Pradesh,Lucknow,Irrigation,3.02,6,920,72.3,0,None,58.4,1,80.9,Full,69.0,5.0,0
948c1687,Madhya Pradesh,Bhopal,Urban Development,22.09,230,250,89.3,0,None,49.5,5,53.7,Partial,62.8,34.9,1
03634fc2,Bihar,Bhagalpur,Irrigation,42.86,19,1077,45.6,0,None,37.4,2,74.1,Full,85.1,52.6,1
1a74782f,Karnataka,Hubballi,Industrial Corridor,5.29,109,1049,58.5,1,Under Hearing,22.7,2,13.0,Full,39.2,10.7,0
559ca266,Madhya Pradesh,Bhopal,Urban Development,49.07,38,96,60.0,0,None,19.0,3,41.5,Partial,87.2,26.5,1
25bfe785,West Bengal,Howrah,Urban Development,15.78,584,44,63.5,1,Under Hearing,66.3,4,11.8,Full,72.8,17.1,1
fd387f47,Karnataka,Belagavi,Railway,4.45,507,855,53.1,1,Under Hearing,63.7,2,19.6,Partial,76.1,34.5,0
f17b34f1,Madhya Pradesh,Jabalpur,Railway,49.6,161,482,65.5,1,Under Hearing,64.7,1,45.9,Full,28.6,26.8,0
87bd91fc,Rajasthan,Udaipur,Urban Development,20.09,18,47,36.2,1,Filed,76.8,3,36.6,Partial,49.7,27.0,1
a6298f6a,Maharashtra,Thane,Urban Development,10.69,37,444,51.7,0,None,7.2,1,51.2,Partial,72.1,58.9,1
f9b8eeac,Uttar Pradesh,Varanasi,Power Transmission,35.29,286,1168,24.2,1,Under Hearing,43.1,1,4.6,Not Started,84.0,53.5,1
8313f263,Uttar Pradesh,Varanasi,Highway,9.11,49,1107,9.9,0,None,50.5,0,40.2,Partial,52.0,37.8,1
960d59fd,Bihar,Patna,Power Transmission,9.2,150,507,62.3,1,Stay Order,44.5,1,65.6,Full,62.5,28.3,1
5fc19047,Maharashtra,Aurangabad,Urban Development,15.62,59,610,93.8,1,Filed,48.1,4,53.0,Partial,52.9,21.2,0
3af38c90,West Bengal,Kolkata,Power Transmission,6.67,51,481,40.2,0,None,69.4,0,12.5,Not Started,20.1,47.2,0
af13546f,Maharashtra,Thane,Industrial Corridor,20.74,53,202,69.0,1,Filed,78.9,5,4.9,Full,23.2,16.7,0
03131c82,Odisha,Bhubaneswar,Irrigation,6.48,40,437,58.6,0,None,63.6,3,42.4,Partial,59.3,35.1,0
0f7a6fc7,Odisha,Cuttack,Industrial Corridor,16.76,23,211,65.0,0,None,34.1,2,5.0,Partial,63.8,26.7,0
7e763c8b,Bihar,Bhagalpur,Urban Development,3.02,12,425,57.5,1,Resolved,76.2,3,30.1,Full,86.4,47.7,0
842693c7,Tamil Nadu,Chennai,Highway,13.0,28,1258,69.0,0,None,51.9,2,18.0,Partial,58.4,17.6,0
7e53b895,Tamil Nadu,Madurai,Irrigation,3.25,14,1254,69.5,0,None,31.4,0,22.9,Partial,71.6,34.6,1
05df087c,Odisha,Rourkela,Railway,2.13,52,1493,57.3,0,None,54.2,1,40.6,Partial,55.9,48.6,1
d464dbc5,Maharashtra,Nagpur,Railway,5.79,198,474,63.7,0,None,31.7,2,39.6,Partial,70.0,49.5,1
99d7d5a2,Odisha,Rourkela,Power Transmission,6.32,136,975,1.5,0,None,21.0,0,10.3,Not Started,88.0,21.5,1
ba15850a,West Bengal,Howrah,Power Transmission,55.95,808,1328,64.0,1,Resolved,47.5,2,102.8,Full,52.3,46.4,1
bc783278,Uttar Pradesh,Varanasi,Irrigation,2.92,12,550,37.0,1,Resolved,64.4,5,6.4,Partial,36.0,38.8,1
8a4c8b56,Gujarat,Rajkot,Power Transmission,6.84,62,1104,81.5,0,None,56.4,2,29.1,Full,62.8,32.7,0
7e97eba5,Karnataka,Belagavi,Railway,65.6,27,477,28.2,1,Filed,48.8,0,8.5,Full,92.6,25.8,1
104cef28,Madhya Pradesh,Indore,Urban Development,16.67,98,808,61.5,1,Stay Order,39.3,3,78.5,Partial,12.8,17.2,1
1454693d,Gujarat,Vadodara,Railway,8.26,10,1221,54.0,0,None,14.3,3,25.6,Full,44.8,36.5,0
2b092bf3,Rajasthan,Udaipur,Highway,40.91,29,142,79.8,1,Under Hearing,30.6,2,24.8,Partial,44.4,45.4,0
cbc9136b,Tamil Nadu,Salem,Power Transmission,19.64,85,965,62.0,0,None,50.8,3,25.4,Not Started,74.3,43.5,0
5848f463,West Bengal,Howrah,Urban Development,6.26,190,514,43.5,0,None,40.2,1,15.8,Partial,23.1,25.5,0
e215b873,Karnataka,Bengaluru,Power Transmission,25.57,20,946,58.8,0,None,45.9,0,31.2,Not Started,86.3,45.7,0
84180440,Gujarat,Vadodara,Industrial Corridor,29.82,118,1376,57.8,2,Filed,32.5,0,36.3,Full,54.8,49.2,1
e5cf35fa,Karnataka,Mysuru,Irrigation,30.7,15,1237,90.8,1,Filed,49.5,2,32.4,Partial,50.8,50.6,1
c9101e4a,Odisha,Cuttack,Highway,44.94,90,366,48.4,1,Stay Order,45.5,4,18.0,Partial,76.6,47.3,1
8d5487a4,West Bengal,Kolkata,Urban Development,11.14,30,922,38.0,0,None,55.3,1,57.5,Partial,85.1,51.1,1
9b243b81,Odisha,Bhubaneswar,Railway,23.25,35,575,5.7,4,Under Hearing,23.8,2,30.9,Full,67.1,36.8,1
16b8e635,Maharashtra,Thane,Railway,3.76,109,1225,53.5,0,None,31.0,4,51.9,Not Started,38.0,56.0,1
1ef182a3,Odisha,Bhubaneswar,Power Transmission,11.37,62,257,87.5,0,None,48.3,6,8.2,Partial,51.4,40.9,0
4ee4823a,Karnataka,Mysuru,Highway,27.71,54,1037,46.6,0,None,61.2,3,16.5,Full,90.9,44.9,1
10eacfa5,Uttar Pradesh,Varanasi,Industrial Corridor,4.07,41,772,44.6,0,None,15.2,1,94.9,Full,24.3,29.1,1
41f554af,Bihar,Gaya,Railway,8.7,168,817,86.5,0,None,26.1,2,27.0,Full,43.9,5.0,1
ed3787f9,Rajasthan,Kota,Industrial Corridor,139.1,123,1040,54.9,2,Under Hearing,35.3,1,35.6,Partial,48.3,9.3,1
12252ec3,Rajasthan,Kota,Power Transmission,18.09,81,634,28.5,1,Filed,42.0,2,16.8,Not Started,86.4,37.5,0
dfc2b389,West Bengal,Kolkata,Power Transmission,11.35,13,763,21.0,0,None,58.3,3,31.5,Full,27.5,8.1,0
441ae37a,Gujarat,Ahmedabad,Power Transmission,11.36,358,228,48.4,1,Resolved,64.4,5,2.5,Not Started,59.8,13.5,0
4b0197b5,Gujarat,Ahmedabad,Railway,4.55,101,52,35.5,0,None,57.8,1,36.0,Not Started,53.3,26.1,1
9614433f,Gujarat,Rajkot,Power Transmission,19.63,172,1339,18.3,0,None,75.0,3,29.0,Full,61.8,54.0,0
f1a6b2d4,Karnataka,Bengaluru,Irrigation,4.03,57,881,84.1,1,Under Hearing,38.0,3,26.5,Full,22.6,35.1,0
cb904074,Odisha,Bhubaneswar,Irrigation,4.17,85,1170,35.9,0,None,21.6,4,31.1,Not Started,31.4,43.2,1
187a1937,Bihar,Muzaffarpur,Irrigation,4.16,18,1049,23.4,0,None,16.6,2,58.9,Not Started,67.0,27.5,1
46519656,Tamil Nadu,Salem,Highway,11.87,91,243,85.7,1,Filed,29.5,1,28.8,Full,70.8,45.8,0
31819557,Uttar Pradesh,Agra,Urban Development,28.63,74,623,69.4,2,Resolved,43.8,3,38.8,Not Started,91.1,35.3,1
7a8cc53f,Maharashtra,Nashik,Irrigation,7.7,13,1368,73.5,0,None,57.0,1,5.9,Partial,76.5,55.1,0
36cd694e,Tamil Nadu,Madurai,Urban Development,28.97,63,1035,32.7,1,Filed,72.5,1,18.0,Full,40.8,62.2,1
bd3d5555,Bihar,Patna,Industrial Corridor,39.81,34,671,26.1,0,None,72.7,3,68.6,Full,88.1,10.3,1
0b057954,Odisha,Cuttack,Urban Development,5.71,53,378,43.3,1,Resolved,61.8,0,73.2,Partial,41.5,73.2,0
fba169ba,Bihar,Patna,Power Transmission,4.0,10,1297,67.0,0,None,61.9,1,74.4,Partial,60.9,54.7,0
749392b4,Gujarat,Surat,Highway,10.26,230,321,26.8,0,None,50.4,2,18.3,Partial,17.3,44.5,0
b5109e26,Bihar,Gaya,Power Transmission,6.79,135,53,72.4,2,Under Hearing,67.1,0,7.4,Not Started,39.9,44.1,0
484be419,Tamil Nadu,Coimbatore,Urban Development,42.39,20,389,62.6,2,Stay Order,24.2,1,2.4,Not Started,87.8,17.6,1
751c17cc,Uttar Pradesh,Meerut,Industrial Corridor,8.13,78,95,20.1,1,Resolved,27.1,5,61.1,Full,42.9,36.6,1
623c9dcc,Maharashtra,Nagpur,Power Transmission,5.55,91,383,84.2,0,None,45.2,4,63.8,Partial,76.6,39.1,0
b23d1202,Uttar Pradesh,Kanpur,Railway,13.94,246,394,72.4,0,None,69.3,4,56.2,Not Started,60.3,16.3,1
04edd592,Odisha,Bhubaneswar,Industrial Corridor,2.99,10,966,82.0,0,None,67.6,1,52.3,Not Started,54.4,39.4,0
7d4c81db,Tamil Nadu,Madurai,Highway,2.14,57,1150,55.1,3,Resolved,53.3,1,4.1,Not Started,87.0,41.3,1
d4fd3b70,Odisha,Bhubaneswar,Railway,5.01,80,407,61.7,0,None,83.2,4,31.4,Not Started,88.1,38.7,0
1d6bdac7,Uttar Pradesh,Varanasi,Irrigation,9.47,461,100,29.5,0,None,39.8,3,14.9,Not Started,64.9,55.2,1
da0c16ef,Madhya Pradesh,Gwalior,Highway,8.66,18,51,72.9,1,Under Hearing,23.7,4,10.8,Not Started,57.6,18.7,1
9d95957e,Madhya Pradesh,Bhopal,Railway,21.24,69,67,71.5,1,Resolved,73.3,5,25.2,Partial,91.4,16.4,1
758f1981,Maharashtra,Nagpur,Highway,38.97,273,1082,46.5,1,Under Hearing,90.8,3,12.0,Partial,53.9,59.9,1
13042e75,Rajasthan,Jaipur,Industrial Corridor,2.71,33,1163,43.6,0,None,35.2,2,25.0,Not Started,58.1,22.6,0
cd40f64f,West Bengal,Kolkata,Highway,29.59,30,1183,14.8,0,None,68.1,4,42.1,Partial,36.2,44.7,1
d0d2d5c0,Maharashtra,Pune,Power Transmission,27.93,148,1110,71.6,0,None,56.4,1,11.4,Full,68.3,30.9,0
9b3caa95,Rajasthan,Kota,Industrial Corridor,8.62,75,137,35.9,5,Stay Order,63.4,3,26.2,Not Started,60.8,69.6,1
d4f4ed37,Maharashtra,Thane,Urban Development,74.82,107,1082,78.9,2,Resolved,27.7,0,7.4,Full,87.9,22.8,0
041b3afc,West Bengal,Kolkata,Power Transmission,4.91,275,602,73.1,1,Stay Order,35.4,4,28.8,Not Started,39.9,44.4,1
09ba5a5c,West Bengal,Howrah,Railway,14.1,61,951,45.0,0,None,34.0,7,44.2,Partial,32.8,53.6,0
53ee81de,Karnataka,Hubballi,Irrigation,10.77,117,889,70.1,2,Filed,33.3,2,7.7,Full,60.9,50.2,1
af692724,Maharashtra,Aurangabad,Irrigation,18.55,64,259,48.4,1,Under Hearing,22.0,1,8.6,Full,48.3,30.1,1
5fcd99f3,West Bengal,Siliguri,Power Transmission,13.16,14,901,54.4,0,None,39.3,1,8.9,Not Started,19.7,46.6,0
5e697dc6,Tamil Nadu,Coimbatore,Highway,12.2,12,1466,42.2,0,None,80.4,3,13.4,Not Started,59.3,53.7,0
c4ba0bcb,Karnataka,Bengaluru,Power Transmission,5.97,270,338,29.1,3,Under Hearing,6.7,3,12.9,Full,41.9,12.2,0
d5ee3010,Maharashtra,Pune,Railway,27.36,258,445,75.9,0,None,40.9,4,78.7,Partial,81.2,21.7,0
7398a205,Bihar,Muzaffarpur,Railway,8.89,80,1381,39.8,0,None,60.7,4,22.7,Partial,48.3,38.2,1
b9bc2927,Tamil Nadu,Salem,Highway,22.8,95,371,82.5,2,Filed,40.6,0,27.9,Not Started,41.0,7.7,0
6d0c5d8e,Maharashtra,Thane,Power Transmission,7.72,51,60,71.0,1,Resolved,29.0,4,12.6,Not Started,46.2,23.0,0
97557c23,Odisha,Bhubaneswar,Railway,21.45,111,1001,17.4,1,Filed,37.9,2,17.7,Not Started,39.4,24.8,1
2ae65b25,Rajasthan,Jodhpur,Railway,124.04,17,442,60.3,0,None,23.0,3,11.8,Not Started,67.9,43.6,1
796c9778,Odisha,Rourkela,Irrigation,0.72,37,684,61.6,1,Filed,33.7,3,13.5,Not Started,55.5,41.8,1
6815984d,Odisha,Bhubaneswar,Urban Development,8.16,21,1388,54.5,1,Filed,38.2,3,16.4,Full,63.3,7.6,0
bc681109,Karnataka,Mysuru,Railway,71.19,53,52,20.6,0,None,54.8,2,26.9,Not Started,42.2,53.1,1
9f809c6f,Madhya Pradesh,Gwalior,Industrial Corridor,38.88,31,144,76.5,1,Under Hearing,17.0,2,8.7,Full,29.2,33.3,1
523f6df6,West Bengal,Howrah,Railway,16.45,52,327,33.1,0,None,39.9,5,2.9,Partial,87.3,48.1,0
c967e65c,Uttar Pradesh,Varanasi,Highway,3.2,10,303,76.3,1,Filed,65.0,0,15.2,Partial,46.9,55.3,0
1ddf46eb,Maharashtra,Nagpur,Highway,71.79,55,915,37.6,3,Under Hearing,13.1,2,24.5,Full,99.2,40.7,1
8a36ff51,Bihar,Patna,Highway,36.37,161,944,62.8,1,Under Hearing,32.6,1,3.6,Partial,61.3,44.9,1
9a7c7184,Maharashtra,Nagpur,Irrigation,4.76,188,601,44.2,2,Under Hearing,54.6,3,10.5,Not Started,56.4,35.4,1
1fd986a9,Maharashtra,Nashik,Irrigation,14.17,134,1264,68.4,0,None,48.2,3,32.2,Full,37.0,51.0,0
f1a444ef,Bihar,Gaya,Urban Development,6.86,304,597,50.4,2,Filed,33.1,3,31.6,Partial,49.4,41.8,1
c7296dc6,Tamil Nadu,Madurai,Urban Development,4.77,246,492,60.2,1,Filed,67.9,3,28.1,Not Started,38.2,38.2,1
aef1f12e,Gujarat,Vadodara,Urban Development,2.18,31,778,22.2,0,None,38.4,4,14.1,Partial,70.6,32.2,1
21f9ce00,Karnataka,Hubballi,Urban Development,89.17,141,1242,30.9,0,None,50.7,2,20.9,Partial,56.1,45.9,1
311ddb3b,Madhya Pradesh,Bhopal,Highway,6.28,62,269,56.6,1,Stay Order,45.4,5,29.2,Full,78.7,23.4,0
8e5b369a,Uttar Pradesh,Varanasi,Industrial Corridor,19.44,64,239,95.0,1,Filed,16.1,0,16.2,Partial,88.9,22.2,1
aaa97305,Odisha,Bhubaneswar,Irrigation,13.9,26,351,45.3,0,None,48.9,4,33.6,Partial,34.8,30.2,0
b25be25c,Uttar Pradesh,Varanasi,Irrigation,5.52,155,895,20.9,0,None,50.8,5,53.5,Full,71.4,12.2,1
2b5ec997,Madhya Pradesh,Gwalior,Power Transmission,3.31,38,1315,11.1,1,Stay Order,84.7,1,44.5,Not Started,63.4,25.2,1
9a5bb14f,Uttar Pradesh,Kanpur,Irrigation,30.98,1012,1252,40.4,4,Under Hearing,41.2,3,16.7,Full,26.2,26.7,1
566d36dc,Bihar,Gaya,Urban Development,84.14,17,435,33.6,0,None,80.3,3,8.2,Not Started,39.6,27.0,1
e91c7833,Bihar,Muzaffarpur,Irrigation,7.2,172,458,42.4,1,Filed,15.3,2,18.4,Partial,80.8,5.0,1
67716645,Maharashtra,Aurangabad,Railway,19.3,296,868,23.6,0,None,64.5,2,38.7,Partial,86.5,39.0,0
cfaec545,Rajasthan,Udaipur,Highway,10.79,38,224,57.0,1,Under Hearing,74.6,4,1.4,Not Started,59.7,45.4,1
7ae4b81f,Bihar,Patna,Railway,18.1,48,84,49.8,0,None,8.3,3,33.0,Full,91.1,36.2,1
10924b2d,Gujarat,Vadodara,Industrial Corridor,2.07,25,260,32.7,0,None,40.3,3,60.7,Full,48.6,34.1,0
e9687a63,Uttar Pradesh,Varanasi,Railway,32.7,49,337,70.9,1,Under Hearing,31.0,1,25.1,Not Started,41.1,19.3,0
db02671c,Karnataka,Mysuru,Urban Development,28.68,23,674,75.1,1,Resolved,84.4,1,130.0,Not Started,32.9,30.2,0
acc37be1,Gujarat,Rajkot,Urban Development,13.58,1,770,54.9,0,None,30.7,1,13.7,Full,59.4,28.2,0
8f4868e4,Karnataka,Bengaluru,Urban Development,5.64,23,863,28.7,0,None,32.0,2,50.5,Partial,31.4,25.9,1
e7ad9e6c,Tamil Nadu,Salem,Urban Development,7.01,165,1143,40.2,2,Filed,38.6,2,7.5,Not Started,72.1,41.4,1
3046823f,Uttar Pradesh,Lucknow,Highway,4.68,244,901,54.9,3,Resolved,73.2,1,9.9,Partial,13.8,27.8,0
381bf244,Gujarat,Surat,Urban Development,1.2,70,601,80.7,0,None,31.7,2,26.8,Full,77.1,21.0,1
d2b15c83,Odisha,Rourkela,Urban Development,4.84,66,272,65.8,1,Filed,19.5,2,25.2,Partial,69.9,28.2,1
59913f0e,Odisha,Bhubaneswar,Railway,16.46,20,607,73.5,5,Filed,25.9,2,14.7,Full,46.8,63.2,1
f4fc9ec3,Madhya Pradesh,Indore,Irrigation,12.53,32,44,14.9,0,None,65.3,5,3.3,Full,82.4,49.1,0
7ed333a4,Bihar,Bhagalpur,Industrial Corridor,12.7,406,561,78.6,0,None,33.3,2,101.3,Partial,62.4,48.2,0
e21ef5a1,Odisha,Bhubaneswar,Highway,4.54,312,230,83.7,0,None,9.1,6,18.3,Partial,39.6,47.0,1
1273fee1,Rajasthan,Udaipur,Urban Development,5.77,19,852,44.6,0,None,60.1,1,14.6,Full,54.2,13.2,1
82c370d4,West Bengal,Howrah,Industrial Corridor,53.31,309,1179,79.5,2,Resolved,49.3,2,11.4,Full,47.6,32.8,0
0e4511b9,Uttar Pradesh,Agra,Power Transmission,14.08,17,1088,57.8,1,Resolved,71.6,3,2.8,Partial,87.4,38.0,0
fbaef748,Tamil Nadu,Coimbatore,Irrigation,3.04,33,1461,73.2,0,None,43.0,5,13.3,Full,54.1,35.5,1
f714b091,Maharashtra,Pune,Power Transmission,9.65,14,219,45.7,1,Filed,88.5,3,14.9,Not Started,71.9,47.2,1
3f5ef42d,West Bengal,Siliguri,Industrial Corridor,41.09,76,467,33.5,1,Filed,24.5,5,35.2,Not Started,28.8,29.5,1
6a8b815b,Bihar,Patna,Urban Development,16.91,286,45,48.4,0,None,46.1,2,6.2,Not Started,56.3,21.2,1
e1dd96fc,Maharashtra,Nashik,Irrigation,4.09,183,550,36.9,0,None,48.4,7,6.5,Not Started,93.5,47.6,1
bcb2e846,Gujarat,Surat,Railway,21.98,279,568,53.7,0,None,26.7,1,2.3,Partial,39.9,67.1,0
09435100,Madhya Pradesh,Bhopal,Highway,47.35,78,980,34.5,0,None,34.1,2,55.2,Partial,52.2,48.4,0
2fc4e21c,Maharashtra,Thane,Railway,37.43,47,639,36.3,1,Under Hearing,51.4,2,12.3,Partial,83.5,42.7,1
17ad065e,Karnataka,Belagavi,Railway,51.36,6,1228,31.2,0,None,11.3,6,12.4,Full,76.8,24.2,1
c1b939d9,Gujarat,Ahmedabad,Irrigation,2.83,84,1448,42.6,0,None,57.8,2,16.6,Not Started,28.4,49.6,1
c725ba01,Madhya Pradesh,Indore,Power Transmission,15.68,11,534,9.0,0,None,39.7,1,50.8,Full,39.9,21.6,0
114381be,Bihar,Bhagalpur,Irrigation,34.32,8,1189,21.3,1,Stay Order,55.0,2,28.4,Full,76.5,30.7,1
65ecb633,Rajasthan,Jaipur,Railway,4.8,164,1225,28.9,1,Under Hearing,43.3,6,20.5,Partial,57.9,58.8,1
7aa4d1da,Uttar Pradesh,Varanasi,Railway,6.64,31,397,45.2,1,Filed,38.5,1,13.5,Partial,88.2,23.8,1
e652bd16,Maharashtra,Pune,Highway,86.03,281,228,48.2,1,Filed,48.5,4,20.6,Partial,53.7,18.8,1
e6fd38bc,Karnataka,Bengaluru,Railway,14.05,183,1054,43.6,1,Filed,30.6,2,28.3,Partial,75.9,35.1,0
371bf450,Rajasthan,Jaipur,Power Transmission,56.11,127,1355,70.1,0,None,8.5,3,26.8,Full,70.8,23.9,0
80615200,Uttar Pradesh,Varanasi,Irrigation,5.95,49,687,95.2,0,None,45.4,2,32.4,Partial,74.7,39.3,0
2dae0bef,Madhya Pradesh,Indore,Railway,13.18,143,324,61.6,1,Stay Order,61.5,4,60.9,Full,50.4,22.3,0
d8eb9601,Rajasthan,Udaipur,Railway,23.06,131,1406,56.7,1,Resolved,36.7,4,123.2,Partial,79.3,50.9,1
cc280c3b,Gujarat,Rajkot,Highway,13.45,104,808,50.3,2,Stay Order,71.0,2,34.8,Full,63.6,25.0,1
7bdf2e95,Bihar,Patna,Urban Development,58.62,89,542,53.8,2,Filed,82.5,1,42.5,Partial,61.8,60.0,0
4967b24d,Gujarat,Ahmedabad,Irrigation,8.2,33,835,64.1,0,None,17.8,6,6.3,Full,81.7,44.1,0
16db382a,Madhya Pradesh,Indore,Industrial Corridor,18.7,34,1477,58.8,1,Filed,64.9,1,26.6,Full,31.4,44.1,1
b26b6f1f,Bihar,Patna,Urban Development,14.45,37,31,44.1,0,None,15.6,2,15.8,Not Started,10.8,44.1,1
8be41712,Karnataka,Bengaluru,Urban Development,11.41,184,985,63.0,1,Under Hearing,79.2,2,35.1,Not Started,50.8,22.6,1
fcd8a2e9,Maharashtra,Thane,Industrial Corridor,99.21,199,395,59.2,3,Resolved,30.0,5,72.6,Partial,18.9,46.8,1
28f610c2,Uttar Pradesh,Lucknow,Highway,60.78,50,1317,64.1,1,Resolved,19.9,2,21.7,Not Started,84.1,21.7,0
422b3075,West Bengal,Howrah,Irrigation,4.35,29,320,47.4,0,None,37.3,2,10.3,Partial,38.3,50.6,0
8f5ba7c6,Rajasthan,Udaipur,Highway,6.95,34,83,55.4,1,Under Hearing,67.5,4,19.0,Not Started,69.3,36.1,0
7d99b048,Tamil Nadu,Salem,Power Transmission,32.35,14,405,43.4,2,Filed,49.4,2,31.7,Partial,67.9,37.3,1
d0dde1c4,West Bengal,Siliguri,Industrial Corridor,6.22,130,1095,22.7,0,None,54.7,4,45.7,Not Started,75.2,64.4,1
c117095a,Gujarat,Ahmedabad,Highway,16.28,88,1387,51.9,0,None,8.4,2,37.9,Full,33.1,18.4,1
a5381894,Rajasthan,Jodhpur,Railway,48.99,145,977,57.3,1,Under Hearing,24.4,1,15.4,Partial,73.1,47.9,1
0dea5ec7,Rajasthan,Jaipur,Highway,6.15,63,339,28.2,0,None,49.5,1,13.7,Partial,58.9,42.9,1
3a1f4950,Uttar Pradesh,Kanpur,Highway,20.28,64,1351,73.8,3,Filed,83.7,3,94.4,Not Started,93.5,41.4,1
0b837f71,Rajasthan,Jaipur,Urban Development,9.46,303,251,80.4,1,Under Hearing,85.1,2,7.6,Not Started,84.2,48.2,1
dcbc17ea,Gujarat,Vadodara,Irrigation,39.16,46,311,19.9,0,None,68.7,2,41.4,Partial,56.4,57.1,1
aba4b574,Maharashtra,Pune,Railway,21.29,135,556,22.0,0,None,54.7,2,49.8,Not Started,55.5,23.9,0
fe9ee6db,Tamil Nadu,Madurai,Power Transmission,7.53,250,486,87.5,0,None,53.5,2,23.4,Partial,23.6,28.1,0
1b5a496c,Uttar Pradesh,Agra,Power Transmission,9.98,202,166,41.5,2,Resolved,67.1,3,35.5,Full,80.6,30.4,0
8c126311,Tamil Nadu,Salem,Irrigation,28.93,66,481,48.6,0,None,37.4,3,18.5,Partial,29.7,5.0,0
bdb80de6,Maharashtra,Nashik,Highway,5.6,10,97,80.5,1,Resolved,22.8,3,22.9,Full,92.4,65.0,1
f5c4ec41,Maharashtra,Pune,Irrigation,21.67,1838,42,84.2,2,Under Hearing,62.9,1,101.2,Partial,14.9,75.8,1
cc6ef0ba,Tamil Nadu,Madurai,Highway,3.54,53,87,83.9,2,Under Hearing,39.5,4,31.2,Partial,21.4,47.5,0
3aa0877b,Maharashtra,Aurangabad,Power Transmission,12.57,48,1000,14.5,1,Stay Order,13.3,2,31.6,Full,37.8,31.8,1
b4191776,Bihar,Gaya,Railway,113.25,137,993,88.8,2,Under Hearing,85.7,1,11.4,Partial,41.3,14.0,0
ceca5421,Odisha,Bhubaneswar,Irrigation,14.27,57,415,75.1,0,None,45.4,4,11.9,Partial,26.0,36.1,0
13911c0d,Madhya Pradesh,Gwalior,Power Transmission,37.37,36,494,63.5,0,None,37.1,3,7.0,Partial,89.3,27.9,0
122880d3,Maharashtra,Aurangabad,Irrigation,8.02,13,803,22.5,0,None,64.2,2,16.2,Partial,63.7,44.9,1
d5895b69,West Bengal,Kolkata,Industrial Corridor,6.31,15,313,70.1,0,None,57.2,2,58.8,Partial,86.2,27.3,0
f8344cf5,Maharashtra,Nagpur,Industrial Corridor,4.94,58,1334,33.4,0,None,51.8,2,28.4,Full,28.8,42.0,1
95dc7dba,Maharashtra,Aurangabad,Irrigation,78.49,134,592,73.1,2,Resolved,84.2,3,7.0,Partial,46.7,20.7,1
4c7f5493,Gujarat,Surat,Industrial Corridor,6.35,29,447,27.5,0,None,41.2,2,40.7,Partial,53.9,20.4,0
2dbb55e6,Odisha,Cuttack,Railway,9.16,366,830,46.9,0,None,61.5,5,32.7,Partial,43.7,5.9,1
0c1aa9eb,Maharashtra,Aurangabad,Urban Development,7.74,5,49,24.0,0,None,73.2,2,22.9,Partial,56.4,43.3,1
8ee03747,Rajasthan,Jaipur,Irrigation,7.29,34,761,30.9,1,Under Hearing,54.1,1,13.9,Partial,55.5,37.9,1
9f327541,Odisha,Cuttack,Irrigation,26.54,86,820,77.4,0,None,20.4,5,43.1,Full,35.1,32.6,1
117459ae,West Bengal,Durgapur,Industrial Corridor,6.85,23,1058,90.4,1,Resolved,28.6,3,6.3,Full,97.9,41.4,1
01bf00c0,West Bengal,Siliguri,Urban Development,8.45,7,1327,23.2,1,Resolved,26.4,2,54.3,Full,28.9,15.6,1
4365aaa3,West Bengal,Kolkata,Highway,4.83,25,207,46.9,2,Stay Order,30.1,5,11.4,Partial,58.9,36.8,1
9681f957,Rajasthan,Jaipur,Highway,18.7,71,1420,88.2,0,None,75.2,9,35.6,Full,70.9,36.2,0
92763902,Rajasthan,Jodhpur,Industrial Corridor,7.54,42,396,88.7,1,Stay Order,54.3,3,10.8,Not Started,64.5,19.9,1
463462be,Karnataka,Belagavi,Power Transmission,1.46,124,1067,24.1,1,Filed,66.3,1,24.3,Full,23.0,12.6,0
a1f2f2d9,West Bengal,Kolkata,Railway,10.32,27,1286,14.4,1,Filed,23.4,1,49.0,Not Started,45.1,35.1,0
d4f06250,Uttar Pradesh,Varanasi,Urban Development,3.4,125,1148,48.1,0,None,43.7,6,7.9,Partial,39.8,25.0,0
9f3a5532,Gujarat,Vadodara,Industrial Corridor,15.04,185,1289,91.3,1,Under Hearing,28.9,5,11.3,Not Started,24.5,23.5,1
ea581a38,Odisha,Bhubaneswar,Irrigation,14.39,27,105,50.4,1,Filed,76.7,1,63.8,Full,56.8,14.8,0
6fa0cb65,Tamil Nadu,Salem,Urban Development,21.57,205,494,66.7,0,None,40.4,0,12.1,Partial,22.9,35.1,1
9a3ee20e,Odisha,Bhubaneswar,Power Transmission,9.89,187,359,28.5,0,None,36.7,4,20.7,Not Started,51.4,15.6,0
099c496e,Maharashtra,Aurangabad,Irrigation,26.26,126,1058,31.5,2,Resolved,60.6,6,7.4,Partial,64.9,15.5,1
6d9e89e0,Maharashtra,Nashik,Highway,35.76,21,382,65.2,2,Under Hearing,90.3,4,33.9,Partial,77.5,46.4,1
0b18e085,Rajasthan,Udaipur,Railway,3.39,46,409,63.6,0,None,27.7,4,24.6,Full,20.8,39.7,0
c874366e,Madhya Pradesh,Jabalpur,Industrial Corridor,6.97,60,785,57.5,1,Resolved,12.8,5,62.0,Not Started,40.1,57.0,0
e7266c46,Rajasthan,Kota,Urban Development,13.36,390,645,2.9,1,Under Hearing,52.6,5,17.0,Full,77.6,34.2,1
d71fe1f1,Gujarat,Rajkot,Urban Development,10.61,5,566,86.3,1,Filed,24.9,3,106.3,Full,33.3,39.4,1
bda6ad53,Rajasthan,Udaipur,Irrigation,8.84,337,147,71.5,0,None,49.4,3,31.0,Not Started,70.2,39.4,1
ff699008,Gujarat,Rajkot,Industrial Corridor,9.45,122,660,40.1,1,Resolved,60.4,1,21.4,Partial,34.0,5.0,0
bde1027b,Rajasthan,Jodhpur,Power Transmission,8.12,100,1463,87.7,1,Stay Order,66.1,1,33.8,Partial,25.0,24.4,0
f5afce97,Maharashtra,Nagpur,Urban Development,3.45,59,954,69.4,1,Filed,35.3,0,94.2,Full,61.7,34.9,1
751c7b8f,Gujarat,Vadodara,Industrial Corridor,5.12,33,912,5.9,1,Under Hearing,5.7,5,42.5,Not Started,47.8,26.3,1
364e3def,Odisha,Rourkela,Industrial Corridor,31.67,429,326,96.0,1,Stay Order,74.9,5,20.0,Not Started,15.5,45.9,1
d2dfb5aa,Odisha,Rourkela,Power Transmission,21.01,15,877,48.7,1,Filed,27.8,2,29.7,Full,41.6,46.8,0
2092c203,Bihar,Patna,Irrigation,15.75,43,37,35.4,1,Under Hearing,56.3,3,19.4,Full,23.7,23.8,1
ab6fb2b0,Tamil Nadu,Coimbatore,Highway,3.68,142,776,31.0,0,None,49.4,2,34.5,Full,14.6,18.7,1
5c462e05,Odisha,Rourkela,Highway,12.37,34,1089,85.2,1,Under Hearing,14.4,2,47.3,Full,23.5,45.6,1
e3755446,Rajasthan,Jodhpur,Highway,13.02,26,893,85.4,1,Under Hearing,73.3,4,31.4,Full,92.6,51.4,1
cf5ea2e9,Rajasthan,Jaipur,Power Transmission,14.28,55,382,35.9,1,Under Hearing,31.5,2,20.9,Not Started,36.7,19.2,1
376662cd,Rajasthan,Udaipur,Urban Development,1.7,25,1313,43.2,0,None,68.6,6,4.9,Full,36.0,33.5,1
a7bc26c7,West Bengal,Howrah,Industrial Corridor,3.76,48,1163,78.4,1,Under Hearing,67.3,0,80.8,Partial,20.1,26.6,0
7aca7566,West Bengal,Durgapur,Urban Development,3.46,103,845,69.9,0,None,55.6,1,56.8,Full,88.6,44.4,0
283b7bd6,Tamil Nadu,Coimbatore,Railway,24.08,25,1148,90.4,1,Resolved,58.0,3,16.3,Partial,58.9,44.3,0
668bb99a,Bihar,Gaya,Urban Development,9.51,100,1244,68.6,0,None,43.2,4,64.2,Full,87.3,39.2,1
56c661e0,Maharashtra,Thane,Railway,4.91,251,566,72.0,0,None,42.4,3,123.0,Partial,79.5,30.0,1
85330365,West Bengal,Durgapur,Irrigation,3.79,14,1274,19.3,1,Filed,61.5,1,28.4,Not Started,30.0,56.3,1
cd410714,Maharashtra,Aurangabad,Urban Development,6.85,229,231,71.5,0,None,26.1,2,30.8,Partial,23.7,32.6,0
947ad07c,West Bengal,Durgapur,Urban Development,23.38,5,1403,65.4,1,Filed,39.9,3,16.7,Partial,47.9,34.0,0
ae6bc038,Tamil Nadu,Madurai,Irrigation,5.11,18,135,46.4,0,None,44.9,1,18.3,Not Started,16.3,18.2,1
e2322a95,Tamil Nadu,Coimbatore,Industrial Corridor,7.2,5,438,39.2,0,None,68.6,3,15.5,Full,46.1,22.5,0
f815b294,Tamil Nadu,Madurai,Highway,19.26,55,351,29.2,1,Resolved,59.9,2,48.5,Full,77.9,16.2,1
cfe31455,Odisha,Rourkela,Power Transmission,11.22,15,284,74.8,0,None,83.7,1,12.1,Not Started,54.0,38.7,0
12f2c819,Uttar Pradesh,Varanasi,Railway,1.82,10,435,85.8,0,None,80.7,2,7.7,Not Started,44.4,32.0,0
29556a7f,Maharashtra,Thane,Railway,8.44,68,347,39.4,0,None,49.0,1,33.3,Partial,60.6,29.7,1
ab8491b5,Uttar Pradesh,Lucknow,Power Transmission,26.42,64,1446,70.2,0,None,29.0,2,31.1,Partial,57.3,20.0,0
01e421f8,Odisha,Bhubaneswar,Power Transmission,32.61,42,1436,47.0,1,Under Hearing,27.4,3,53.2,Full,69.7,50.8,1
3d410e98,Tamil Nadu,Salem,Power Transmission,20.15,90,221,75.4,0,None,32.0,1,22.4,Not Started,75.3,5.0,1
b5eb69f7,Madhya Pradesh,Gwalior,Irrigation,8.4,29,1153,51.8,0,None,33.1,3,20.8,Partial,62.0,32.9,0
479c1a94,Madhya Pradesh,Bhopal,Irrigation,15.81,40,892,43.9,1,Resolved,32.7,4,48.8,Full,9.3,39.8,0
9774d1e2,Tamil Nadu,Chennai,Irrigation,30.5,35,1186,70.8,1,Filed,18.4,2,9.1,Not Started,86.0,22.0,1
7e44c323,Uttar Pradesh,Meerut,Irrigation,2.92,130,660,42.7,2,Under Hearing,94.7,2,44.1,Full,96.3,51.6,1
5544f02d,Maharashtra,Nashik,Highway,18.59,28,1110,41.7,0,None,76.6,1,38.6,Not Started,64.8,14.6,1
3f8ac777,Madhya Pradesh,Gwalior,Power Transmission,1.96,8,151,75.3,0,None,67.1,5,68.9,Partial,49.5,34.0,0
85aaf50b,West Bengal,Kolkata,Highway,60.46,74,540,36.0,0,None,83.2,1,21.7,Partial,89.5,31.8,0
10e90fbe,Uttar Pradesh,Meerut,Power Transmission,22.57,51,507,51.5,0,None,19.7,2,9.1,Partial,51.0,27.8,1
c54fb597,Odisha,Bhubaneswar,Industrial Corridor,58.53,26,144,53.3,1,Under Hearing,44.5,2,11.2,Full,62.0,32.8,0
5b7b9a0f,Odisha,Rourkela,Power Transmission,5.39,38,1220,66.9,1,Filed,39.3,2,19.8,Partial,57.1,41.7,1
b1f3ea37,Karnataka,Bengaluru,Power Transmission,7.63,64,578,85.0,0,None,52.1,2,11.0,Partial,23.1,31.8,0
38c44618,Odisha,Rourkela,Industrial Corridor,3.11,111,1279,14.7,0,None,16.4,1,40.2,Full,32.2,58.2,0
6639bea5,Madhya Pradesh,Indore,Railway,11.98,4,86,60.4,0,None,43.0,3,45.5,Partial,86.1,25.5,1
488df044,Tamil Nadu,Coimbatore,Industrial Corridor,18.55,29,396,76.2,1,Stay Order,26.5,3,33.5,Not Started,64.6,32.5,0
2de8676f,Gujarat,Rajkot,Irrigation,3.37,5,589,67.2,0,None,21.1,2,8.4,Partial,58.3,14.9,1
47e3ce20,Rajasthan,Jaipur,Power Transmission,14.93,87,409,73.3,0,None,68.1,3,24.3,Full,31.9,14.5,0
768152d3,Odisha,Bhubaneswar,Railway,3.7,14,595,53.4,3,Under Hearing,59.5,5,26.7,Full,66.1,43.7,1
2dc2a043,Rajasthan,Jaipur,Irrigation,17.14,46,1474,56.7,1,Under Hearing,63.1,1,28.3,Full,65.3,5.0,0
4652d08f,Tamil Nadu,Salem,Railway,76.52,128,1285,69.9,1,Filed,46.4,2,27.0,Full,63.4,66.7,0
633ff4aa,Karnataka,Belagavi,Power Transmission,31.14,11,1470,50.8,2,Resolved,25.5,4,27.5,Full,71.1,45.0,0
6df475fb,Odisha,Bhubaneswar,Power Transmission,41.25,27,677,59.2,0,None,58.0,3,16.7,Not Started,52.0,37.2,1
1095c753,Maharashtra,Aurangabad,Railway,5.43,47,270,19.9,2,Under Hearing,49.2,3,9.5,Partial,65.8,31.8,1
8dd1f5c2,West Bengal,Howrah,Industrial Corridor,7.16,53,888,76.3,1,Filed,50.1,7,58.1,Partial,90.9,22.2,1
a57a6b45,Tamil Nadu,Madurai,Power Transmission,12.03,26,895,24.5,1,Under Hearing,75.8,4,18.1,Not Started,49.2,24.0,1
f5ef37a1,Gujarat,Surat,Power Transmission,12.15,66,468,84.6,0,None,66.6,4,13.5,Partial,79.3,45.6,1
62a34990,Odisha,Cuttack,Power Transmission,13.62,308,161,69.4,0,None,37.1,2,11.8,Full,43.7,28.8,0
5205d143,Tamil Nadu,Coimbatore,Irrigation,1.48,36,482,51.1,1,Under Hearing,45.4,4,18.1,Partial,64.5,43.2,1
78eb9803,West Bengal,Kolkata,Power Transmission,10.55,6,1372,48.8,1,Resolved,42.8,0,6.4,Full,47.8,36.5,0
3e29404c,Gujarat,Ahmedabad,Urban Development,13.11,68,291,40.2,1,Under Hearing,9.1,2,14.9,Partial,36.1,5.0,1
374fe9dd,Maharashtra,Aurangabad,Power Transmission,70.31,45,855,30.3,0,None,31.7,5,15.9,Not Started,77.6,27.6,0
01f399cd,Uttar Pradesh,Kanpur,Power Transmission,4.46,86,1304,53.0,1,Filed,64.6,3,24.6,Not Started,67.7,58.8,0
507664c8,Gujarat,Ahmedabad,Power Transmission,7.34,44,998,31.5,0,None,78.3,3,13.5,Not Started,87.1,39.4,0
81264d4a,Odisha,Bhubaneswar,Railway,5.21,11,295,29.7,0,None,80.6,3,97.6,Not Started,62.9,51.4,1
5bfd86db,Bihar,Gaya,Railway,8.71,11,871,63.4,1,Under Hearing,51.1,2,49.7,Not Started,41.6,47.0,1
324a7ed6,Madhya Pradesh,Gwalior,Irrigation,2.22,350,325,31.9,0,None,20.5,2,32.0,Full,73.0,20.1,0
bc562bf1,Maharashtra,Aurangabad,Urban Development,22.77,29,1142,73.1,2,Under Hearing,52.8,2,50.3,Partial,47.4,13.5,1
81481fd0,Karnataka,Mysuru,Power Transmission,108.37,88,320,84.1,0,None,30.2,1,13.0,Not Started,69.4,57.6,1
c57ef322,West Bengal,Durgapur,Urban Development,6.81,24,1405,55.1,0,None,88.9,1,23.7,Partial,42.3,33.7,0
23b86e6e,Gujarat,Ahmedabad,Irrigation,4.59,137,242,42.8,0,None,58.6,1,38.3,Not Started,58.8,56.0,1
92a2c875,Uttar Pradesh,Kanpur,Railway,7.48,164,1080,46.8,0,None,34.2,4,30.8,Partial,68.3,40.7,1
a7e4afe2,West Bengal,Howrah,Urban Development,27.56,209,923,62.3,2,Resolved,48.4,2,36.1,Not Started,35.9,73.2,1
18b687b7,Gujarat,Vadodara,Power Transmission,29.43,72,572,77.8,1,Stay Order,46.6,5,44.9,Not Started,26.7,36.1,1
f0473b9b,Maharashtra,Thane,Highway,15.75,47,915,23.2,0,None,8.8,1,9.9,Full,52.6,44.0,0
84e67f11,Odisha,Cuttack,Irrigation,12.35,79,231,67.0,0,None,18.2,3,17.3,Full,11.8,49.8,1
b14748f2,Karnataka,Bengaluru,Irrigation,3.72,52,1443,57.5,1,Filed,30.2,4,40.4,Partial,46.5,24.4,0
ac3eec3a,West Bengal,Howrah,Railway,29.25,261,1189,46.1,0,None,46.8,1,13.5,Not Started,76.6,20.2,0
a6b6edd2,Tamil Nadu,Madurai,Power Transmission,11.71,58,404,25.3,2,Under Hearing,22.9,3,12.0,Partial,32.7,47.4,1
ca0139ae,West Bengal,Siliguri,Highway,33.51,45,577,22.0,0,None,58.5,1,47.2,Partial,49.4,38.3,0
9735f345,West Bengal,Howrah,Highway,20.59,192,434,68.0,0,None,55.5,1,15.7,Full,78.3,42.1,0
b1a08cdb,Karnataka,Bengaluru,Urban Development,9.12,37,330,64.5,1,Filed,63.3,2,4.0,Partial,73.5,32.0,0
1effc6a8,Odisha,Bhubaneswar,Power Transmission,46.71,115,509,60.7,1,Resolved,29.7,1,29.8,Partial,10.8,42.6,1
5b09a230,Madhya Pradesh,Bhopal,Urban Development,12.03,69,1267,41.5,0,None,64.0,1,14.8,Partial,52.8,57.5,0
8acb8047,Madhya Pradesh,Gwalior,Railway,9.42,429,1142,83.9,0,None,26.3,2,19.4,Partial,78.9,5.0,0
a66c306c,Odisha,Cuttack,Power Transmission,16.33,59,429,38.2,0,None,72.0,4,18.4,Full,19.2,29.9,1
96f9f741,Tamil Nadu,Madurai,Highway,1.61,21,788,40.6,0,None,50.4,0,53.4,Not Started,68.1,13.9,0
34c89644,Rajasthan,Jodhpur,Urban Development,9.33,84,623,63.3,0,None,59.1,3,61.9,Partial,82.5,22.1,0
586497a3,Bihar,Muzaffarpur,Urban Development,4.96,21,176,59.3,1,Filed,14.1,4,6.1,Not Started,48.4,36.1,1
a766d390,Bihar,Patna,Irrigation,2.01,37,1310,92.8,2,Under Hearing,6.2,4,6.7,Not Started,95.3,32.8,1
2039283a,Uttar Pradesh,Varanasi,Highway,54.21,99,979,41.5,2,Under Hearing,43.7,6,13.0,Full,40.2,28.1,1
eb22752b,Maharashtra,Nagpur,Irrigation,13.7,23,586,38.4,0,None,17.7,2,13.2,Full,21.0,37.9,1
8026bb83,Tamil Nadu,Chennai,Railway,6.92,56,1087,81.1,2,Under Hearing,36.5,4,17.0,Partial,77.3,37.5,1
912c4b58,Uttar Pradesh,Varanasi,Railway,28.48,62,362,26.3,3,Resolved,89.0,2,14.7,Full,80.7,36.0,0
bebb5c0e,Karnataka,Mysuru,Power Transmission,22.89,16,850,90.6,2,Resolved,18.3,3,17.0,Full,89.0,22.8,1
95417b50,West Bengal,Kolkata,Urban Development,6.2,9,442,32.5,1,Stay Order,54.0,2,26.0,Not Started,62.0,22.2,1
77a52455,Gujarat,Surat,Urban Development,14.2,6,555,55.0,1,Under Hearing,8.4,1,14.7,Partial,26.2,52.0,1
896f27ca,West Bengal,Howrah,Highway,19.23,25,707,21.4,2,Under Hearing,2.8,2,29.5,Full,71.4,13.3,1
5c6d0ffc,Odisha,Rourkela,Industrial Corridor,3.06,6,694,89.3,3,Filed,15.2,4,33.5,Partial,41.2,23.3,1
5ecb9215,Gujarat,Rajkot,Urban Development,6.35,85,1156,31.8,0,None,90.0,2,21.1,Not Started,38.5,23.4,0
c6cef7b4,Gujarat,Surat,Industrial Corridor,5.72,40,1037,25.4,0,None,81.7,0,6.3,Full,46.6,52.9,0
2bd50516,Gujarat,Vadodara,Power Transmission,38.06,182,1097,24.0,2,Filed,62.5,2,5.5,Partial,75.6,54.1,0
dd5f8f32,West Bengal,Kolkata,Highway,7.77,70,1396,23.4,0,None,25.2,3,19.4,Full,59.0,29.6,0
eefcad1c,Tamil Nadu,Chennai,Irrigation,6.48,48,1042,83.0,0,None,72.8,5,10.0,Partial,57.0,36.0,1
fa4a175e,Tamil Nadu,Coimbatore,Highway,7.56,473,1269,58.2,1,Resolved,59.2,2,12.9,Not Started,85.9,21.4,1
331b3d1c,Odisha,Bhubaneswar,Urban Development,10.27,188,181,68.6,0,None,58.6,1,40.8,Not Started,45.8,38.7,1
400b21a8,Odisha,Cuttack,Industrial Corridor,2.92,57,579,38.6,0,None,37.8,3,41.9,Full,53.6,49.4,0
88cbeff5,Tamil Nadu,Madurai,Power Transmission,10.91,15,1400,11.5,0,None,19.6,1,21.0,Full,40.8,54.1,1
c1f00758,Maharashtra,Aurangabad,Industrial Corridor,3.76,60,1041,41.9,0,None,56.4,4,68.9,Not Started,27.2,7.3,1
31bee1e3,Karnataka,Hubballi,Railway,27.16,61,1476,95.7,0,None,71.7,4,16.0,Not Started,76.8,39.4,0
cb5c30fe,West Bengal,Durgapur,Urban Development,49.96,32,157,46.2,1,Filed,73.6,5,17.1,Partial,30.3,51.1,1
eb043453,Maharashtra,Aurangabad,Highway,47.61,23,1446,27.9,0,None,42.5,0,11.1,Full,68.7,15.1,0
be063096,Karnataka,Belagavi,Highway,425.83,118,1470,80.7,5,Resolved,32.9,6,19.8,Full,66.9,39.0,0
e7b40e41,Karnataka,Belagavi,Irrigation,33.06,56,464,59.3,1,Under Hearing,81.4,3,8.1,Partial,71.6,19.4,0
000bb994,Karnataka,Hubballi,Railway,21.68,3,1120,81.8,1,Filed,22.0,3,47.7,Full,12.8,50.2,1
bf24ec23,Uttar Pradesh,Agra,Urban Development,6.45,96,97,81.0,2,Under Hearing,69.3,4,19.6,Full,39.9,39.0,1
93ad4ece,Bihar,Patna,Power Transmission,5.57,4,948,64.7,1,Under Hearing,30.2,3,34.2,Full,49.6,37.1,0
b6a96c00,Bihar,Bhagalpur,Urban Development,2.96,98,1303,61.1,0,None,39.9,1,49.1,Partial,59.4,37.0,1
3cfbcb96,West Bengal,Kolkata,Power Transmission,10.81,47,1196,46.7,0,None,44.8,1,8.3,Full,58.3,23.4,1
53ee653a,Madhya Pradesh,Jabalpur,Urban Development,9.59,17,1070,14.9,0,None,32.9,1,43.2,Partial,74.4,5.6,0
e91d9bb1,Bihar,Gaya,Urban Development,3.81,17,1022,58.2,0,None,6.3,3,22.6,Full,91.1,38.0,1
aeef2863,Gujarat,Surat,Power Transmission,34.6,170,30,44.1,1,Resolved,17.6,4,10.5,Partial,60.3,29.7,1
1ff516fc,Karnataka,Belagavi,Highway,10.72,87,860,40.6,0,None,49.1,1,31.9,Full,43.5,44.6,0
52727478,Odisha,Cuttack,Urban Development,4.7,53,1112,61.4,1,Resolved,55.1,0,83.6,Not Started,75.3,63.2,1
dd753222,Tamil Nadu,Madurai,Highway,7.05,8,1112,63.9,0,None,44.4,2,32.0,Full,72.9,41.7,1
c8874f0a,Maharashtra,Pune,Highway,21.33,48,621,30.7,0,None,42.1,1,20.6,Full,70.2,30.4,1
47644198,Tamil Nadu,Chennai,Industrial Corridor,93.54,183,952,39.5,1,Resolved,77.4,1,89.3,Full,80.8,54.3,0
b6a0680e,Tamil Nadu,Coimbatore,Highway,2.06,13,386,72.2,0,None,38.4,4,36.0,Not Started,41.2,34.5,1
9a197250,Uttar Pradesh,Varanasi,Irrigation,35.38,36,484,63.1,2,Filed,57.6,5,21.3,Full,48.7,21.2,1
771ed292,West Bengal,Durgapur,Power Transmission,8.16,306,1079,44.0,1,Resolved,37.7,2,16.1,Not Started,55.3,61.1,0
6987fae4,Uttar Pradesh,Kanpur,Railway,48.16,18,1038,41.0,1,Resolved,15.5,2,24.0,Partial,51.6,26.1,0
c54db046,Odisha,Cuttack,Highway,48.71,96,944,58.5,1,Filed,16.7,2,40.2,Partial,17.9,8.7,0
231450ca,Gujarat,Surat,Industrial Corridor,73.97,34,257,85.0,1,Under Hearing,41.1,5,23.8,Full,61.2,54.8,1
bc0cae06,Karnataka,Hubballi,Industrial Corridor,10.74,86,1306,51.2,0,None,35.8,3,43.6,Partial,49.5,18.2,1
46ea00f4,West Bengal,Siliguri,Industrial Corridor,41.6,145,856,20.5,3,Filed,56.0,3,13.4,Not Started,73.3,33.5,1
21870e9b,Tamil Nadu,Madurai,Railway,32.48,31,512,20.1,1,Under Hearing,23.7,2,15.5,Partial,36.5,6.1,1
1f03300d,Madhya Pradesh,Bhopal,Irrigation,23.84,76,556,61.6,1,Filed,60.4,1,11.1,Partial,38.3,24.8,1
bac439d6,Tamil Nadu,Coimbatore,Irrigation,22.89,336,1258,54.1,0,None,65.2,3,26.8,Full,56.3,45.6,1
538782e2,Bihar,Patna,Railway,59.83,39,1309,69.2,1,Resolved,30.4,3,57.7,Not Started,72.1,5.8,1
00a5db7f,Bihar,Patna,Railway,27.26,35,1467,50.3,1,Under Hearing,40.5,3,41.1,Not Started,67.8,32.0,1
5e7cf2d2,Gujarat,Rajkot,Irrigation,14.18,48,1428,59.4,0,None,33.2,6,5.3,Partial,57.7,54.3,1
abcd570b,West Bengal,Siliguri,Highway,13.48,27,770,31.8,0,None,53.4,5,24.8,Partial,58.0,25.0,1
715a8a80,Maharashtra,Thane,Irrigation,8.89,67,1203,83.8,0,None,63.3,1,18.0,Not Started,23.3,29.0,0
a91a9564,West Bengal,Howrah,Railway,15.64,129,119,31.2,1,Under Hearing,29.0,5,9.5,Full,44.4,43.9,1
bcf9bd4c,Maharashtra,Nashik,Irrigation,37.42,24,1086,82.6,1,Under Hearing,4.9,1,49.6,Full,46.6,25.7,1
8c8953a1,Maharashtra,Nashik,Power Transmission,8.84,86,549,15.6,1,Filed,44.7,3,56.6,Partial,97.8,29.4,1
00919116,Odisha,Bhubaneswar,Highway,69.09,54,1214,63.6,0,None,36.5,2,9.4,Partial,43.7,39.9,0
6414e231,Madhya Pradesh,Gwalior,Power Transmission,7.73,102,562,47.2,0,None,12.2,3,8.0,Full,20.5,58.3,1
5f26588b,Bihar,Muzaffarpur,Irrigation,20.14,14,138,40.2,2,Resolved,50.6,0,9.2,Full,78.1,31.8,1
a7b25058,Rajasthan,Kota,Highway,3.54,6,32,81.0,1,Resolved,50.7,3,62.2,Full,84.4,59.9,0
9d73c204,Odisha,Cuttack,Railway,8.43,102,838,71.4,0,None,61.4,4,22.4,Full,47.7,37.3,1
8f8593b8,Gujarat,Rajkot,Railway,5.36,44,1450,28.9,0,None,52.6,3,64.3,Partial,54.4,13.0,0
df372571,West Bengal,Siliguri,Highway,113.48,475,1302,28.8,1,Under Hearing,71.8,0,19.9,Partial,62.6,34.0,1
6c72f9a4,Bihar,Gaya,Irrigation,7.69,22,1259,31.8,1,Filed,61.7,2,18.7,Not Started,61.3,38.4,0
ca5bb688,Tamil Nadu,Salem,Industrial Corridor,9.15,296,734,22.1,0,None,65.4,0,25.8,Full,44.7,36.7,1
8f09771b,Gujarat,Ahmedabad,Railway,20.05,49,904,52.9,1,Under Hearing,43.2,4,32.1,Not Started,42.5,32.3,1
a04ae1bf,Madhya Pradesh,Indore,Railway,4.08,57,176,74.5,0,None,31.5,1,12.5,Full,24.8,52.5,0
c6136d8f,Tamil Nadu,Madurai,Power Transmission,17.04,94,736,53.2,1,Resolved,56.3,2,23.1,Full,56.5,5.0,1
e91181b8,Karnataka,Hubballi,Railway,2.14,31,87,69.4,1,Stay Order,10.1,1,8.2,Partial,73.3,9.1,1
b420df12,Rajasthan,Kota,Railway,25.61,27,960,74.6,2,Stay Order,51.1,2,15.4,Partial,70.0,41.9,1
259e02a9,Bihar,Gaya,Urban Development,2.66,15,1282,24.3,2,Stay Order,49.3,3,28.1,Full,36.5,57.9,1
3617d3d2,Karnataka,Belagavi,Railway,12.48,49,612,24.8,1,Under Hearing,45.2,4,80.5,Partial,77.5,55.2,1
28de9008,Maharashtra,Thane,Irrigation,8.59,17,1491,68.2,3,Filed,38.3,0,45.1,Not Started,90.1,49.5,1
b90ea8ca,Karnataka,Mysuru,Railway,17.73,148,1428,86.4,0,None,29.3,3,17.4,Partial,57.4,31.3,0
e368006f,Uttar Pradesh,Lucknow,Power Transmission,13.55,85,1354,41.9,0,None,70.4,1,14.2,Full,68.7,32.7,1
3bc30165,Karnataka,Mysuru,Urban Development,9.97,37,1147,83.1,0,None,24.9,2,32.0,Full,93.5,19.9,0
96bb8436,Odisha,Bhubaneswar,Highway,5.98,589,87,63.8,1,Resolved,70.5,4,39.6,Partial,52.0,42.3,0
3223e32d,Maharashtra,Nagpur,Power Transmission,19.59,76,529,73.9,1,Under Hearing,18.8,3,21.7,Partial,60.8,13.4,1
a05dd5e5,Bihar,Patna,Highway,1.99,264,652,67.6,2,Stay Order,29.7,4,78.3,Full,75.1,27.1,1
15effb28,Rajasthan,Jodhpur,Irrigation,7.52,121,135,23.0,1,Resolved,92.1,4,85.3,Not Started,53.0,31.3,1
f9e08ad7,Tamil Nadu,Chennai,Irrigation,6.6,46,1381,74.1,1,Filed,18.6,2,62.9,Full,90.3,29.4,0
38bbc07f,Madhya Pradesh,Gwalior,Highway,4.94,7,968,63.7,1,Filed,40.9,5,34.9,Partial,63.1,22.2,1
66157bbb,West Bengal,Durgapur,Industrial Corridor,11.12,19,1441,9.1,0,None,48.5,0,13.8,Partial,81.0,38.4,0
bfe7a56c,Madhya Pradesh,Indore,Power Transmission,8.63,200,46,47.0,0,None,79.4,3,22.6,Partial,36.3,52.0,1
432eb4c4,Uttar Pradesh,Varanasi,Railway,5.42,21,514,14.9,0,None,39.9,2,37.3,Partial,62.5,37.1,1
e8951859,Madhya Pradesh,Bhopal,Irrigation,16.81,37,551,7.2,1,Filed,90.6,3,29.0,Partial,41.3,24.6,0
87d54413,Rajasthan,Jaipur,Urban Development,20.99,94,1284,25.3,0,None,81.1,4,17.0,Partial,80.5,44.0,1
a3477f83,Rajasthan,Udaipur,Railway,31.07,51,1063,26.5,3,Filed,11.9,3,56.7,Full,81.4,43.6,1
69f5491b,Madhya Pradesh,Bhopal,Highway,12.23,39,631,60.2,1,Under Hearing,48.8,6,26.5,Partial,5.9,61.8,1
9d7276ef,Maharashtra,Pune,Highway,18.74,134,798,26.8,0,None,50.9,1,15.5,Full,79.5,36.2,0
e758b920,Gujarat,Surat,Urban Development,5.51,91,858,94.9,0,None,48.5,3,27.5,Full,68.3,55.7,0
9df5e36b,Bihar,Patna,Power Transmission,15.73,7,1370,77.3,1,Filed,92.0,1,3.8,Partial,9.7,30.3,0
1c5b9de5,Rajasthan,Jaipur,Power Transmission,28.28,21,533,40.5,0,None,34.4,4,51.2,Partial,54.3,29.4,1
20c0e7c3,Karnataka,Mysuru,Industrial Corridor,7.38,24,1462,37.6,0,None,45.8,3,11.1,Partial,83.4,16.2,0
209cf09e,Gujarat,Rajkot,Highway,43.84,8,606,62.5,1,Stay Order,63.1,2,52.4,Partial,51.7,40.8,1
29e8c191,Tamil Nadu,Coimbatore,Highway,12.5,20,419,20.9,0,None,66.5,1,9.8,Full,54.2,47.7,1
b6a54123,Karnataka,Mysuru,Power Transmission,12.55,55,306,39.6,0,None,84.3,7,5.9,Not Started,66.5,38.3,0
d56e4603,Rajasthan,Jaipur,Urban Development,4.12,138,1033,63.2,0,None,36.2,1,74.1,Full,18.0,53.3,1
603a4057,Uttar Pradesh,Kanpur,Industrial Corridor,36.15,177,1188,42.7,0,None,24.7,4,38.4,Full,49.0,55.8,1
bd049284,Gujarat,Rajkot,Railway,10.66,236,757,69.8,1,Under Hearing,18.6,2,3.2,Not Started,38.0,38.7,1
0958aad8,West Bengal,Siliguri,Railway,5.25,33,252,39.7,1,Stay Order,28.5,0,9.3,Partial,81.2,24.6,1
adcbad3c,Bihar,Muzaffarpur,Highway,49.39,216,903,58.1,1,Filed,50.3,4,11.1,Partial,86.6,34.8,1
642b7e60,Bihar,Gaya,Urban Development,17.7,276,260,52.3,3,Filed,21.5,5,25.2,Partial,54.6,34.3,1
2c450140,Maharashtra,Nagpur,Power Transmission,17.41,27,111,57.0,0,None,68.3,4,16.3,Not Started,93.3,55.9,0
ec6fa5e0,Uttar Pradesh,Meerut,Urban Development,42.04,38,1223,52.5,1,Resolved,62.3,1,39.5,Full,58.6,36.3,0
d77af019,Odisha,Rourkela,Industrial Corridor,36.17,68,675,46.7,0,None,40.4,0,20.3,Full,52.4,39.3,0
16ddd15a,Maharashtra,Thane,Urban Development,8.58,77,155,80.3,1,Under Hearing,35.1,7,51.9,Full,98.6,64.7,1
94ab519a,Tamil Nadu,Chennai,Urban Development,26.82,130,1163,47.3,0,None,43.5,2,19.7,Full,74.5,31.6,1
f45657e9,Tamil Nadu,Madurai,Highway,6.93,32,259,63.4,0,None,63.4,3,29.9,Full,52.4,28.0,0
ae190262,Tamil Nadu,Madurai,Urban Development,11.81,30,1167,68.6,1,Stay Order,28.7,3,26.4,Not Started,70.1,48.6,1
88771ccc,Rajasthan,Kota,Irrigation,3.13,56,454,66.7,1,Resolved,25.8,0,33.9,Partial,14.1,18.4,1
0483bbf4,Odisha,Bhubaneswar,Irrigation,9.6,11,158,72.6,2,Under Hearing,50.0,1,10.5,Full,40.4,5.0,1
8c6b9693,Bihar,Muzaffarpur,Highway,5.53,110,389,73.9,1,Resolved,14.5,0,106.4,Partial,73.2,20.9,1
0f59c6b6,Madhya Pradesh,Bhopal,Railway,5.69,201,976,69.2,0,None,56.3,2,16.8,Partial,61.6,5.0,0
0997d22a,Uttar Pradesh,Varanasi,Highway,36.78,27,878,70.1,0,None,39.1,4,13.7,Not Started,62.7,20.6,1
2f8ec6fa,Madhya Pradesh,Bhopal,Irrigation,10.67,14,509,81.3,0,None,24.9,2,54.9,Partial,63.7,36.6,1
52f96e0e,Maharashtra,Thane,Irrigation,32.75,14,936,11.8,0,None,21.7,8,42.8,Full,75.3,50.9,1
da08cf3d,Bihar,Patna,Railway,22.05,79,1334,26.5,2,Under Hearing,25.3,4,2.7,Partial,60.4,24.1,1
4ce65be1,Karnataka,Mysuru,Irrigation,0.68,51,1493,7.1,1,Under Hearing,90.1,2,11.5,Partial,60.7,35.8,0
bab4f49f,Tamil Nadu,Chennai,Power Transmission,90.63,24,1220,91.9,2,Filed,70.0,2,16.3,Not Started,74.3,25.1,1
9c02fe9b,Madhya Pradesh,Gwalior,Railway,11.68,14,987,40.9,0,None,52.3,0,7.3,Partial,71.7,28.8,0
b1e00585,Madhya Pradesh,Jabalpur,Railway,7.76,6,1015,25.0,0,None,71.1,2,25.5,Partial,45.3,26.2,0
60d6a589,Karnataka,Bengaluru,Railway,33.67,45,1230,38.4,4,Stay Order,24.0,4,16.9,Partial,73.1,33.4,1
fc6e0e23,Uttar Pradesh,Varanasi,Irrigation,7.72,32,652,74.1,0,None,51.0,3,17.9,Not Started,40.4,5.0,0
1d660f40,West Bengal,Durgapur,Urban Development,2.92,114,356,20.3,0,None,60.4,4,25.5,Partial,72.3,41.1,1
91481c79,Gujarat,Vadodara,Urban Development,1.69,16,302,48.1,0,None,74.3,2,37.8,Partial,66.8,51.0,1
03d739f8,Maharashtra,Nagpur,Railway,17.88,22,153,67.6,3,Under Hearing,66.0,2,70.9,Partial,80.8,49.7,0
fcc13a53,Tamil Nadu,Salem,Industrial Corridor,293.34,174,1367,92.0,5,Under Hearing,52.8,2,6.4,Full,57.9,48.9,0
baf7da10,Maharashtra,Aurangabad,Power Transmission,35.67,6,568,31.9,0,None,18.7,1,36.3,Full,49.1,25.2,1
910a9bbc,Karnataka,Bengaluru,Urban Development,34.85,98,760,90.8,2,Resolved,77.9,3,4.1,Not Started,75.3,30.7,0
411bc131,Odisha,Cuttack,Highway,1.16,68,1470,26.7,0,None,49.1,1,21.9,Partial,52.8,14.2,1
259957c5,Bihar,Bhagalpur,Irrigation,6.8,47,234,77.3,2,Filed,75.4,3,19.5,Full,30.8,40.1,0
99d5132b,Uttar Pradesh,Meerut,Industrial Corridor,48.73,23,531,49.6,0,None,57.9,2,15.1,Partial,24.6,5.0,1
cad2e37a,Odisha,Bhubaneswar,Industrial Corridor,51.19,205,1057,90.8,1,Resolved,33.9,1,37.4,Full,40.1,41.0,1
0803f01c,Tamil Nadu,Chennai,Industrial Corridor,0.5,17,1264,22.1,1,Under Hearing,82.3,3,26.3,Partial,36.6,32.1,1
d7f84256,Odisha,Cuttack,Irrigation,12.46,31,1074,29.1,2,Filed,47.8,4,29.9,Partial,63.9,47.5,1
2234cdb0,Gujarat,Vadodara,Industrial Corridor,5.82,108,299,74.7,1,Resolved,65.7,6,12.1,Partial,86.8,34.5,0
aa5e2e7b,Bihar,Patna,Urban Development,11.3,184,1240,51.8,0,None,50.0,3,21.6,Partial,22.6,22.4,0
b175efa3,Karnataka,Belagavi,Industrial Corridor,13.55,33,795,12.5,0,None,74.7,0,11.2,Partial,50.9,28.8,0
abde96cf,Tamil Nadu,Chennai,Highway,33.99,27,308,27.3,2,Filed,28.3,3,30.7,Partial,78.4,45.0,1
5e9a6eec,Bihar,Bhagalpur,Power Transmission,1.44,121,880,8.9,1,Resolved,18.4,2,14.2,Full,50.0,52.8,0
503269e0,Odisha,Cuttack,Irrigation,7.09,126,1481,54.1,0,None,37.4,1,1.2,Full,90.7,40.9,1
484deeb1,West Bengal,Siliguri,Urban Development,15.7,37,1273,62.1,0,None,82.4,3,23.4,Partial,35.8,45.6,0
6eb28547,Madhya Pradesh,Gwalior,Railway,36.63,87,1345,66.8,0,None,57.0,3,61.4,Full,74.4,14.3,1
3db773e8,Odisha,Rourkela,Irrigation,38.12,27,1244,89.6,1,Under Hearing,47.3,2,19.1,Partial,39.6,49.8,1
8169ef8c,Rajasthan,Udaipur,Power Transmission,48.86,33,169,86.6,1,Under Hearing,47.9,2,63.8,Partial,39.8,51.9,1
0600d06c,Odisha,Rourkela,Railway,13.41,43,1123,98.5,2,Filed,84.6,4,22.9,Partial,62.6,24.8,0
76bc56c8,Tamil Nadu,Madurai,Highway,19.63,52,1389,56.1,1,Under Hearing,41.3,6,14.6,Not Started,50.0,51.4,1
6fe9830c,Bihar,Gaya,Power Transmission,35.6,40,276,67.6,0,None,36.6,3,31.3,Not Started,94.5,55.2,0
7716db2a,Karnataka,Bengaluru,Urban Development,32.03,14,416,67.8,1,Stay Order,59.7,3,17.8,Partial,48.3,40.3,1
5ef82adb,Gujarat,Vadodara,Railway,5.35,89,655,53.5,1,Filed,42.4,1,37.0,Partial,95.5,57.4,1
42ec1d33,Karnataka,Hubballi,Industrial Corridor,29.3,210,1300,80.4,0,None,57.4,2,14.2,Not Started,55.3,40.2,1
c2093f35,Bihar,Gaya,Railway,7.0,35,1030,35.7,0,None,51.2,1,49.7,Partial,79.5,34.6,1
a8bb3804,Odisha,Cuttack,Highway,24.24,50,1479,44.4,0,None,36.8,1,24.7,Not Started,74.2,8.9,1
15a70da4,Uttar Pradesh,Varanasi,Railway,6.35,20,227,86.9,0,None,37.9,1,29.5,Full,26.3,43.5,1
a4f9ee40,West Bengal,Kolkata,Urban Development,0.76,447,1267,76.0,1,Under Hearing,20.8,3,32.5,Full,76.2,51.9,1
523108eb,West Bengal,Siliguri,Highway,12.08,4,310,53.4,1,Under Hearing,0.9,4,18.5,Not Started,73.7,6.4,1
68ab7cb9,Bihar,Muzaffarpur,Highway,10.95,235,937,31.7,3,Resolved,82.3,1,6.4,Not Started,21.8,5.0,1
b53a5895,Karnataka,Mysuru,Irrigation,22.97,4,463,17.3,0,None,39.0,2,9.5,Partial,67.1,36.8,1
f8996537,Bihar,Muzaffarpur,Railway,24.96,18,1017,70.2,0,None,77.5,5,44.8,Partial,37.7,45.4,1
01b05a4b,Tamil Nadu,Chennai,Power Transmission,4.75,2,659,32.2,2,Under Hearing,59.5,1,16.9,Not Started,43.4,41.2,1
48ad2394,Uttar Pradesh,Varanasi,Power Transmission,8.01,48,599,62.9,1,Resolved,65.1,3,11.3,Partial,81.0,26.5,0
573120a6,Gujarat,Rajkot,Irrigation,14.18,28,736,13.7,1,Resolved,48.6,2,25.0,Partial,80.2,45.5,1
810fc8ce,Madhya Pradesh,Indore,Irrigation,15.9,32,1341,53.1,0,None,62.4,3,28.5,Partial,62.6,32.3,1
c96906c2,Odisha,Bhubaneswar,Irrigation,13.33,54,1073,50.9,0,None,70.7,1,37.7,Full,38.6,46.4,0
c5e8ecac,Bihar,Patna,Irrigation,5.55,46,180,72.9,0,None,11.6,2,12.8,Partial,30.6,25.4,0
bce7e652,Tamil Nadu,Salem,Power Transmission,14.08,23,424,42.0,0,None,14.0,7,15.6,Full,29.2,71.2,1
cc430216,Madhya Pradesh,Bhopal,Railway,23.37,81,1494,23.5,0,None,42.6,4,28.1,Not Started,94.5,53.9,1
810978c1,Madhya Pradesh,Indore,Industrial Corridor,2.65,8,988,81.5,1,Stay Order,84.4,3,26.9,Partial,59.5,23.1,0
9c261d69,Karnataka,Belagavi,Industrial Corridor,32.85,16,403,75.8,1,Under Hearing,30.5,4,26.2,Full,54.1,18.6,1
91f686b4,Madhya Pradesh,Jabalpur,Irrigation,8.19,59,1154,37.7,1,Resolved,36.8,3,10.2,Not Started,80.8,37.0,1
4bf72a3f,Madhya Pradesh,Gwalior,Power Transmission,34.79,34,741,51.3,1,Under Hearing,91.3,2,54.2,Partial,71.6,19.2,1
0030d416,Uttar Pradesh,Varanasi,Highway,11.58,91,1473,68.5,1,Filed,54.8,2,25.3,Partial,73.6,30.9,1
5589ea07,Rajasthan,Kota,Railway,20.79,122,157,83.0,0,None,63.6,1,34.8,Not Started,93.7,49.7,1
5fca84f2,Gujarat,Rajkot,Urban Development,5.26,111,534,6.1,0,None,86.1,3,51.1,Full,25.5,38.5,0
ff2ade2a,Karnataka,Bengaluru,Highway,8.96,3,1380,82.0,0,None,68.8,6,35.5,Partial,53.3,35.6,1
136bbf13,Odisha,Cuttack,Railway,12.55,25,1011,79.7,1,Filed,50.8,4,23.6,Full,36.5,47.1,0
762d7e50,Karnataka,Belagavi,Power Transmission,23.94,198,151,13.6,0,None,65.7,1,16.1,Full,11.7,55.5,0
208267e4,Uttar Pradesh,Agra,Urban Development,3.35,42,1316,64.9,0,None,64.0,0,19.2,Full,39.1,44.8,0
c5f0b399,Uttar Pradesh,Lucknow,Power Transmission,8.65,91,515,71.6,0,None,74.7,0,31.5,Partial,13.0,25.9,0
7d7cbd3a,Tamil Nadu,Madurai,Power Transmission,52.94,25,977,66.6,1,Filed,15.5,1,20.0,Partial,9.7,5.0,0
e26e90b2,West Bengal,Howrah,Industrial Corridor,4.89,40,1113,80.6,0,None,15.7,2,8.3,Partial,46.4,43.4,0
c025de4d,Maharashtra,Nagpur,Power Transmission,13.08,135,1151,80.8,1,Filed,72.7,8,30.7,Not Started,45.6,30.4,1
099e4c0e,West Bengal,Siliguri,Urban Development,76.39,20,1054,59.3,0,None,77.0,0,41.9,Not Started,66.9,40.5,0
958b0e31,Karnataka,Bengaluru,Irrigation,28.86,48,1413,67.2,0,None,35.6,4,20.7,Partial,69.9,5.0,1
55a3f771,Bihar,Patna,Power Transmission,4.0,30,1276,40.1,1,Filed,77.0,2,22.6,Not Started,56.3,21.5,1
1fd0daee,Maharashtra,Aurangabad,Power Transmission,25.13,41,293,37.8,1,Filed,27.7,3,57.2,Not Started,43.3,12.5,1
28d3d2e1,West Bengal,Howrah,Power Transmission,8.57,275,645,39.9,0,None,18.8,3,70.6,Full,40.3,32.1,1
88f7918c,Tamil Nadu,Madurai,Power Transmission,8.89,74,779,77.5,1,Stay Order,93.3,3,67.4,Full,24.2,26.4,0
e1e9494a,Madhya Pradesh,Jabalpur,Power Transmission,7.02,93,1329,56.1,2,Stay Order,45.6,0,24.3,Not Started,46.3,25.4,1
d8a90465,Uttar Pradesh,Lucknow,Urban Development,3.17,32,114,76.1,1,Filed,68.7,3,43.2,Not Started,73.3,5.0,1
7d352ece,Karnataka,Bengaluru,Highway,12.73,31,923,43.4,2,Under Hearing,70.2,1,19.9,Full,22.9,29.3,1
54a5484b,Bihar,Gaya,Industrial Corridor,6.9,11,559,3.4,1,Filed,56.2,3,14.9,Full,50.0,36.5,0
988d01ea,West Bengal,Durgapur,Irrigation,10.27,60,1499,21.1,2,Under Hearing,43.3,4,16.2,Full,86.4,37.3,1
f4ce35b6,Karnataka,Bengaluru,Industrial Corridor,5.91,97,602,43.5,1,Resolved,69.3,0,49.0,Full,59.9,32.8,1
0866ffc9,Odisha,Cuttack,Urban Development,2.87,15,476,51.8,1,Filed,66.4,4,37.2,Partial,85.6,28.1,0
849009da,Bihar,Muzaffarpur,Power Transmission,45.89,6,905,36.1,1,Under Hearing,17.7,1,11.1,Partial,87.7,37.4,1
0ced7a27,Madhya Pradesh,Jabalpur,Urban Development,10.94,272,1131,67.5,0,None,42.1,1,9.4,Partial,16.2,31.1,0
f41d6c26,West Bengal,Howrah,Industrial Corridor,10.8,62,1098,77.9,3,Filed,90.8,4,11.2,Full,70.1,7.6,1
0278d181,Tamil Nadu,Chennai,Power Transmission,8.45,17,1106,54.1,1,Under Hearing,29.0,3,1.6,Partial,36.4,22.3,1
1a954cec,Karnataka,Bengaluru,Highway,12.8,194,449,69.8,1,Under Hearing,94.5,1,26.6,Full,49.5,33.8,1
e8d60192,Maharashtra,Nagpur,Railway,14.62,9,659,72.9,1,Resolved,21.1,4,21.8,Partial,27.8,30.0,0
d9fa4405,Madhya Pradesh,Gwalior,Highway,36.08,57,1315,20.7,0,None,19.9,3,19.3,Full,76.0,32.8,0
5b7dc8b6,Uttar Pradesh,Meerut,Irrigation,1.38,15,520,60.2,1,Resolved,13.6,2,24.6,Full,59.7,44.6,0
6687da50,Karnataka,Bengaluru,Railway,2.59,144,196,27.3,0,None,74.5,3,53.6,Partial,3.2,41.2,0
0741fdd6,Karnataka,Bengaluru,Urban Development,7.82,35,158,83.5,3,Under Hearing,39.5,2,22.4,Full,13.4,39.3,1
c4e08ba8,Odisha,Rourkela,Railway,1.59,24,1067,67.4,1,Filed,75.1,1,9.0,Partial,60.5,55.2,1
441afaa4,Odisha,Rourkela,Power Transmission,7.25,95,1275,33.2,0,None,77.0,2,75.7,Partial,52.2,58.1,1
6df66f38,Gujarat,Rajkot,Railway,186.53,260,537,87.2,1,Filed,69.0,8,47.6,Not Started,72.6,34.0,1
fbc5d764,Bihar,Muzaffarpur,Irrigation,22.97,302,590,87.8,1,Under Hearing,49.5,2,25.5,Full,42.2,36.5,0
f9d6aa62,Bihar,Bhagalpur,Urban Development,4.19,84,1031,78.1,2,Under Hearing,65.3,1,24.9,Full,69.7,40.2,0
42df66c8,Madhya Pradesh,Bhopal,Highway,25.55,178,1313,66.9,1,Filed,47.8,2,16.6,Partial,65.5,29.2,1
1666f436,Uttar Pradesh,Meerut,Power Transmission,44.86,1046,955,82.0,0,None,70.6,2,27.8,Partial,56.6,41.5,0
14e0ad8c,Gujarat,Ahmedabad,Irrigation,2.99,19,1363,66.3,0,None,25.4,0,10.4,Full,70.7,25.9,0
7b59d8df,Tamil Nadu,Madurai,Highway,11.84,26,586,44.3,1,Filed,64.0,2,23.2,Not Started,88.0,31.6,1
5bde2e34,Karnataka,Bengaluru,Power Transmission,13.39,63,1345,48.5,1,Stay Order,47.4,6,7.2,Not Started,81.2,36.8,1
512d24ec,Rajasthan,Jaipur,Railway,22.51,91,235,38.2,0,None,57.0,3,9.2,Not Started,55.3,48.3,1
8672e1fc,West Bengal,Kolkata,Power Transmission,3.82,287,878,88.4,0,None,47.9,3,43.8,Full,31.3,27.4,0
4cf1b42d,Karnataka,Belagavi,Highway,4.49,49,770,50.2,2,Stay Order,41.6,3,3.6,Full,65.5,30.6,1
806799db,Odisha,Bhubaneswar,Power Transmission,33.0,74,58,62.3,1,Under Hearing,28.0,2,83.0,Not Started,8.8,28.7,1
7b66c47d,Maharashtra,Pune,Irrigation,4.27,51,567,60.2,0,None,23.2,4,22.5,Not Started,40.9,40.5,1
1a7c5991,Tamil Nadu,Coimbatore,Urban Development,2.89,264,325,27.3,1,Resolved,13.3,1,12.6,Partial,57.9,44.2,1
39328992,West Bengal,Durgapur,Urban Development,8.4,34,1005,57.1,1,Stay Order,88.9,3,27.0,Full,41.7,13.0,0
1964dcfc,Odisha,Rourkela,Irrigation,11.83,204,221,25.4,0,None,18.4,3,33.1,Full,54.1,23.1,0
7c5d29a6,West Bengal,Durgapur,Railway,14.29,82,160,78.8,0,None,21.9,3,15.8,Full,69.5,29.1,0
0c2fba2a,Uttar Pradesh,Kanpur,Industrial Corridor,13.52,15,1165,36.4,1,Resolved,40.3,3,13.0,Full,81.3,29.3,1
0d5acc80,West Bengal,Kolkata,Urban Development,29.76,135,1090,65.5,2,Filed,5.2,1,20.3,Not Started,82.6,39.3,1
1658aa36,Karnataka,Mysuru,Industrial Corridor,17.23,50,1250,85.4,0,None,86.3,5,22.0,Full,97.1,16.1,0
dbfa954f,Uttar Pradesh,Varanasi,Railway,17.48,67,1413,70.2,1,Under Hearing,20.1,1,42.7,Partial,43.1,38.3,0
840ef52a,West Bengal,Howrah,Irrigation,6.56,17,239,56.7,0,None,72.6,8,30.4,Not Started,57.6,41.1,0
07dcf27c,Odisha,Rourkela,Industrial Corridor,6.75,73,738,63.6,0,None,65.0,1,16.9,Partial,76.7,20.6,0
bbce5773,Tamil Nadu,Coimbatore,Highway,142.06,103,855,61.0,3,Stay Order,65.8,5,19.4,Partial,42.8,37.5,1
a37f45c1,Maharashtra,Thane,Urban Development,18.76,326,1355,59.3,1,Filed,78.3,1,75.7,Partial,27.1,15.0,1
fcd1d116,Uttar Pradesh,Kanpur,Urban Development,4.32,29,717,48.1,0,None,26.1,3,20.0,Partial,44.8,24.3,1
aa2acd6a,Uttar Pradesh,Meerut,Highway,21.15,103,1429,94.9,1,Stay Order,62.4,2,18.3,Full,90.4,13.7,0
ad46c5fb,Odisha,Rourkela,Railway,6.34,23,360,57.3,1,Filed,75.8,4,55.3,Full,11.9,50.7,1
df506123,Tamil Nadu,Salem,Highway,32.45,40,169,97.4,1,Filed,19.6,4,23.4,Full,63.8,43.5,1
ab6e2b66,West Bengal,Durgapur,Industrial Corridor,1.86,8,374,44.2,0,None,80.9,0,50.8,Full,48.9,60.9,1
6b60d50f,Maharashtra,Nashik,Power Transmission,79.72,29,231,69.8,3,Resolved,30.7,5,20.4,Full,60.7,38.8,1
e3562cee,West Bengal,Kolkata,Railway,21.95,121,672,38.8,0,None,82.7,1,37.6,Partial,72.3,31.9,1
17ee4245,Uttar Pradesh,Agra,Highway,13.48,19,988,78.1,0,None,35.6,3,26.5,Full,83.2,27.3,0
2aa3c8da,West Bengal,Kolkata,Power Transmission,3.1,74,752,52.6,0,None,74.2,2,1.2,Full,92.5,41.6,1
67300aad,Uttar Pradesh,Agra,Highway,16.11,60,1462,84.4,0,None,6.0,2,22.1,Full,48.8,13.5,1
81f62999,Tamil Nadu,Salem,Power Transmission,7.56,83,531,27.3,0,None,24.3,1,27.5,Partial,29.7,66.3,1
186c9245,Madhya Pradesh,Indore,Industrial Corridor,21.54,183,307,72.4,0,None,60.4,1,53.6,Not Started,38.0,21.4,0
63d37653,Rajasthan,Jodhpur,Highway,15.92,38,353,26.8,0,None,54.8,3,69.7,Not Started,87.7,62.3,1
055f2cbb,Karnataka,Belagavi,Industrial Corridor,8.62,72,1228,42.2,0,None,20.8,1,13.3,Partial,25.3,26.6,0
176d3aff,Tamil Nadu,Coimbatore,Power Transmission,4.44,111,926,66.2,0,None,63.4,4,98.4,Not Started,64.9,22.9,1
cc7d8097,Uttar Pradesh,Varanasi,Highway,30.93,54,1411,65.2,0,None,91.5,1,28.1,Partial,71.5,26.2,0
d9917ca3,Uttar Pradesh,Meerut,Industrial Corridor,7.05,30,221,13.3,0,None,20.2,3,36.0,Full,67.5,40.1,1
7b892b21,Odisha,Rourkela,Irrigation,12.15,24,559,83.1,0,None,72.2,6,29.0,Full,36.8,25.2,0
dbc32831,Uttar Pradesh,Agra,Irrigation,46.45,76,804,41.2,2,Resolved,78.4,2,37.8,Not Started,65.8,47.9,0
c928a14d,Maharashtra,Pune,Industrial Corridor,46.05,12,1453,46.0,2,Under Hearing,31.2,4,20.6,Full,86.9,24.2,1
f40fcd10,Uttar Pradesh,Varanasi,Urban Development,22.75,19,293,57.5,0,None,32.0,1,8.9,Partial,60.7,33.9,1
2c069d09,Odisha,Cuttack,Power Transmission,4.13,46,1307,90.4,0,None,39.7,3,39.5,Partial,85.5,36.9,0
67c2a06a,Gujarat,Surat,Industrial Corridor,14.36,17,812,80.2,1,Under Hearing,80.5,4,9.5,Full,43.9,32.3,1
afc14d2f,Madhya Pradesh,Gwalior,Highway,1.61,75,757,73.3,0,None,53.1,2,42.9,Full,85.5,50.0,1
9edbe619,Karnataka,Hubballi,Industrial Corridor,6.53,6,157,7.4,0,None,37.3,2,31.5,Full,36.2,25.6,1
8dcd139d,Odisha,Rourkela,Irrigation,1.32,25,1108,45.6,0,None,45.0,0,22.6,Partial,81.0,18.5,0
6589a206,Tamil Nadu,Coimbatore,Urban Development,20.02,34,1326,67.4,0,None,9.4,2,11.6,Full,14.4,47.8,1
6abe3472,Rajasthan,Jaipur,Highway,36.8,5,352,70.4,0,None,55.8,1,7.4,Full,21.1,51.0,0
c9614773,West Bengal,Durgapur,Power Transmission,27.6,7,43,70.5,1,Under Hearing,39.1,1,67.3,Full,46.7,28.7,1
3b328896,Rajasthan,Udaipur,Industrial Corridor,7.53,109,826,35.4,3,Resolved,30.5,4,26.7,Not Started,52.8,43.0,1
4276aecd,Odisha,Rourkela,Irrigation,26.99,45,574,69.1,0,None,65.6,0,17.4,Full,32.8,14.4,0
6cde33c7,West Bengal,Kolkata,Highway,34.48,54,646,25.7,1,Under Hearing,18.2,1,10.9,Not Started,39.9,26.7,1
250a7ec7,Karnataka,Mysuru,Power Transmission,22.22,678,98,36.2,0,None,91.3,4,53.1,Full,38.3,45.7,1
4b91c7ef,West Bengal,Siliguri,Irrigation,10.16,97,1250,59.8,1,Under Hearing,21.1,5,28.9,Full,33.1,20.3,0
ef3a2e70,West Bengal,Durgapur,Power Transmission,8.43,32,871,62.5,1,Filed,92.2,5,23.7,Not Started,69.3,39.4,0
64e5afc3,Maharashtra,Pune,Urban Development,5.16,205,428,6.8,0,None,24.5,6,34.9,Not Started,26.9,37.6,0
e32295ec,Rajasthan,Jodhpur,Railway,13.64,6,1115,60.3,0,None,48.5,3,28.4,Not Started,65.4,5.0,0
9b715413,Madhya Pradesh,Indore,Highway,6.68,33,533,24.8,0,None,73.5,3,16.7,Partial,52.9,29.4,0
2c73a144,Madhya Pradesh,Jabalpur,Highway,4.37,105,148,41.8,0,None,26.2,5,18.7,Not Started,66.1,25.8,1
0c529166,Rajasthan,Jaipur,Urban Development,13.0,99,808,46.7,1,Stay Order,27.7,5,9.9,Partial,88.7,35.6,1
6febb7f9,West Bengal,Kolkata,Irrigation,8.82,14,349,75.2,2,Resolved,44.9,2,29.9,Partial,45.7,22.0,0
f84fff58,Gujarat,Vadodara,Power Transmission,7.61,53,1200,86.6,0,None,54.7,3,26.5,Not Started,63.3,45.8,0
2db9a292,Karnataka,Belagavi,Irrigation,5.48,38,380,99.6,0,None,25.2,3,26.7,Partial,64.7,16.3,1
256759f3,Odisha,Rourkela,Irrigation,46.42,9,524,67.4,1,Under Hearing,47.1,0,28.1,Full,43.5,46.0,0
c927cd9f,Tamil Nadu,Madurai,Highway,8.88,108,718,63.6,1,Under Hearing,93.8,3,14.9,Not Started,91.7,37.9,1
2bf4b417,West Bengal,Kolkata,Urban Development,9.79,27,1282,54.9,0,None,76.7,2,5.9,Partial,89.1,10.4,1
ef908592,Madhya Pradesh,Bhopal,Urban Development,18.55,53,1230,39.3,1,Filed,71.6,1,19.7,Not Started,59.4,38.2,1
01fe1608,Tamil Nadu,Salem,Industrial Corridor,10.52,38,344,80.0,1,Resolved,24.4,2,80.1,Full,74.3,26.6,0
40eecbe3,Karnataka,Bengaluru,Urban Development,28.06,61,736,94.3,0,None,75.5,4,67.7,Partial,65.5,35.7,0
8fa4d57c,Uttar Pradesh,Varanasi,Industrial Corridor,2.43,41,443,84.8,0,None,56.5,2,77.0,Not Started,55.7,39.7,1
7cd29fc5,Odisha,Cuttack,Railway,27.36,14,211,62.9,1,Under Hearing,71.7,0,78.3,Full,67.0,44.7,1
7eb70680,Madhya Pradesh,Gwalior,Irrigation,82.26,63,1395,11.8,4,Stay Order,45.8,0,25.3,Full,45.0,63.7,1
c6fa6ea9,Bihar,Patna,Urban Development,5.32,85,1251,35.0,0,None,57.3,3,30.7,Full,79.9,71.2,1
b5e75899,Rajasthan,Udaipur,Urban Development,1.63,52,727,73.9,0,None,59.8,1,22.0,Partial,31.3,19.5,1
fbe4a65a,Uttar Pradesh,Varanasi,Highway,2.31,65,1416,82.5,0,None,62.4,3,30.0,Not Started,57.3,31.4,0
4a7d8317,West Bengal,Durgapur,Urban Development,10.12,55,42,66.8,0,None,32.5,1,11.3,Partial,42.6,20.4,0
b47bf2c9,Odisha,Rourkela,Irrigation,2.59,30,471,55.1,0,None,62.7,2,11.2,Partial,76.1,21.5,1
6588152c,Odisha,Cuttack,Industrial Corridor,21.65,92,1357,65.1,1,Filed,37.2,2,41.9,Not Started,42.8,26.2,1
8acc810a,Gujarat,Surat,Highway,9.1,100,962,80.7,0,None,52.4,2,7.5,Partial,55.1,14.5,0
b937b7b3,Karnataka,Belagavi,Railway,25.77,22,695,70.0,1,Stay Order,30.0,1,15.8,Partial,53.1,47.3,1
796617eb,Gujarat,Surat,Industrial Corridor,2.69,103,1000,12.3,0,None,44.1,3,12.6,Partial,52.8,26.6,1
4ba1ad97,Gujarat,Ahmedabad,Power Transmission,41.82,62,1249,41.9,1,Under Hearing,30.7,1,23.0,Partial,34.4,46.0,1
714aae6d,Karnataka,Bengaluru,Railway,12.41,130,1401,63.7,0,None,16.5,2,19.6,Full,77.7,16.8,0
be4c972c,Uttar Pradesh,Agra,Urban Development,17.93,5,1485,55.4,1,Filed,89.6,4,36.7,Partial,52.8,35.9,1
d5ccd5f3,Odisha,Cuttack,Power Transmission,1.89,14,78,41.2,0,None,53.9,4,7.7,Full,76.8,65.7,0
20af2370,Odisha,Bhubaneswar,Railway,21.35,80,182,12.0,0,None,40.0,2,20.2,Not Started,34.2,46.1,0
f8a6b6b2,Gujarat,Surat,Industrial Corridor,4.52,44,335,75.5,1,Stay Order,64.7,3,38.8,Full,48.0,12.2,1
0593fe51,Uttar Pradesh,Varanasi,Industrial Corridor,3.56,121,1304,41.5,0,None,14.0,1,0.7,Partial,47.0,55.4,1
4f4603c3,Karnataka,Bengaluru,Railway,30.38,131,269,84.0,1,Under Hearing,17.1,2,55.0,Not Started,22.9,48.4,1
bb9c00e6,Gujarat,Ahmedabad,Highway,27.0,54,927,47.2,2,Under Hearing,68.9,5,58.8,Partial,65.8,63.3,1
b1b309ae,Bihar,Patna,Highway,8.62,15,1103,67.6,0,None,60.5,0,13.7,Partial,42.4,26.0,1
8a22a18c,Gujarat,Rajkot,Urban Development,5.45,144,106,65.1,1,Under Hearing,26.9,1,10.5,Partial,41.7,18.4,1
13ce1843,West Bengal,Howrah,Railway,43.66,11,1379,81.6,2,Stay Order,49.5,4,18.6,Not Started,37.1,53.9,1
535b3a5b,Bihar,Muzaffarpur,Irrigation,16.5,16,309,54.5,1,Resolved,36.1,4,43.0,Partial,44.6,28.8,0
9a993bc8,Tamil Nadu,Madurai,Irrigation,37.51,16,725,36.7,1,Resolved,61.9,3,4.7,Partial,45.2,21.9,0
dc1f0123,Madhya Pradesh,Bhopal,Railway,7.6,74,999,36.9,2,Under Hearing,39.8,2,21.1,Full,65.0,44.1,1
eab68d2f,Karnataka,Bengaluru,Urban Development,2.66,51,1147,37.8,0,None,79.5,3,8.8,Partial,14.1,15.9,0
4eddde59,Madhya Pradesh,Bhopal,Highway,18.39,52,378,81.1,1,Under Hearing,46.0,0,32.1,Partial,36.0,19.5,1
35146a0d,Odisha,Rourkela,Railway,12.35,4,490,75.2,1,Under Hearing,33.0,6,4.9,Full,69.3,17.6,0
e1b14d9c,Tamil Nadu,Madurai,Industrial Corridor,7.42,8,1225,99.0,2,Under Hearing,29.3,3,34.7,Not Started,18.8,49.4,1
2e7866fa,Rajasthan,Kota,Irrigation,41.41,21,116,11.4,1,Under Hearing,25.6,1,42.3,Full,50.3,23.8,0
f2513592,Karnataka,Hubballi,Power Transmission,7.44,166,379,67.9,1,Under Hearing,45.2,9,40.0,Not Started,77.4,40.1,1
6e4d155b,West Bengal,Howrah,Industrial Corridor,1.8,225,1210,44.7,2,Filed,31.5,2,22.6,Not Started,27.7,40.3,1
ae28a539,Maharashtra,Aurangabad,Railway,28.25,13,1160,21.3,0,None,5.7,7,36.2,Not Started,66.3,29.8,1
557224d8,Maharashtra,Aurangabad,Irrigation,44.82,128,261,24.6,1,Under Hearing,12.8,4,55.1,Not Started,39.3,5.8,1
149df87d,Odisha,Cuttack,Urban Development,8.65,103,1212,78.3,0,None,82.4,2,16.5,Full,82.0,45.6,0
4d01f13d,West Bengal,Howrah,Irrigation,4.12,111,218,90.0,2,Under Hearing,50.9,3,29.8,Not Started,86.7,41.0,1
da868536,West Bengal,Siliguri,Irrigation,111.58,49,770,39.6,3,Filed,51.7,1,18.5,Partial,50.4,40.4,0
4ba010fd,Karnataka,Hubballi,Railway,2.36,14,449,79.9,1,Filed,56.4,4,22.3,Not Started,76.1,40.1,1
7e70bfd6,Maharashtra,Nagpur,Railway,21.34,26,873,63.1,0,None,15.2,3,21.7,Partial,31.9,40.3,0
84eed09b,Karnataka,Mysuru,Industrial Corridor,4.8,252,992,56.1,1,Under Hearing,8.1,3,33.0,Not Started,64.3,29.5,1
c42a75dc,Tamil Nadu,Madurai,Irrigation,15.04,36,621,33.8,0,None,51.2,2,9.1,Full,45.4,46.0,0
7173e9b2,Uttar Pradesh,Lucknow,Highway,2.74,29,648,38.2,2,Resolved,50.8,1,12.2,Full,65.5,24.5,1
2b544edf,Madhya Pradesh,Bhopal,Irrigation,48.75,6,1458,60.9,2,Under Hearing,32.4,2,20.1,Partial,75.4,34.4,0
dcf1b3c8,Madhya Pradesh,Bhopal,Highway,48.04,159,611,59.2,3,Stay Order,32.5,0,30.2,Not Started,65.0,48.1,1
bb1a8799,Madhya Pradesh,Bhopal,Highway,44.16,48,1075,66.8,0,None,34.1,3,7.7,Partial,58.1,30.4,1
4452ac5b,Uttar Pradesh,Meerut,Highway,2.72,36,1204,81.5,0,None,30.7,1,22.0,Partial,91.2,58.8,0
c5a101ab,Rajasthan,Udaipur,Industrial Corridor,20.34,22,1295,64.7,0,None,31.2,3,6.2,Not Started,57.7,37.3,1
460d6ba9,Uttar Pradesh,Kanpur,Power Transmission,21.81,61,1175,58.3,3,Under Hearing,72.3,1,7.1,Partial,50.6,27.9,1
337160c6,Odisha,Bhubaneswar,Irrigation,4.57,6,159,58.7,1,Under Hearing,62.8,2,19.1,Partial,80.7,19.7,1
d6bcdb76,Tamil Nadu,Coimbatore,Power Transmission,64.72,18,286,65.6,0,None,33.7,4,34.0,Full,78.8,21.4,0
b6e8d51c,Madhya Pradesh,Gwalior,Railway,4.11,10,846,58.9,0,None,11.4,3,72.1,Partial,44.4,44.6,0
1d743b9a,Uttar Pradesh,Lucknow,Power Transmission,20.21,71,673,46.4,1,Under Hearing,83.9,2,46.5,Full,6.0,21.3,1
5bb14c26,Maharashtra,Pune,Urban Development,24.48,157,536,36.8,1,Filed,41.3,3,4.2,Not Started,75.0,55.5,1
714a6925,Gujarat,Ahmedabad,Urban Development,5.41,30,571,15.1,0,None,79.4,1,40.5,Partial,47.0,24.7,1
63246d98,Uttar Pradesh,Varanasi,Urban Development,17.29,60,799,58.9,0,None,67.6,1,16.2,Partial,81.1,50.3,0
35455f20,Uttar Pradesh,Meerut,Highway,28.2,90,558,66.4,0,None,28.9,3,39.4,Partial,82.1,27.0,1
019b8aa9,Karnataka,Belagavi,Urban Development,8.74,107,326,50.4,0,None,21.1,4,64.8,Partial,54.5,28.3,1
7d3390f2,Odisha,Bhubaneswar,Highway,38.03,49,1296,48.5,1,Filed,15.4,1,38.0,Not Started,89.9,49.0,1
277c0ff8,Rajasthan,Jaipur,Power Transmission,3.02,62,1093,67.8,0,None,31.2,2,83.2,Not Started,72.0,35.1,0
42260653,West Bengal,Siliguri,Industrial Corridor,40.48,24,296,74.5,1,Filed,56.6,0,4.2,Partial,58.8,47.2,1
c04cff2e,West Bengal,Siliguri,Highway,91.05,69,993,33.4,0,None,50.5,6,36.4,Full,98.4,53.1,0
1ae9e22b,Bihar,Muzaffarpur,Urban Development,11.92,752,707,36.6,0,None,23.3,2,7.7,Not Started,54.7,10.5,0
1bf04384,Karnataka,Bengaluru,Railway,23.04,123,850,47.4,1,Filed,33.2,1,58.2,Not Started,83.2,54.9,1
33823989,Maharashtra,Nagpur,Industrial Corridor,32.41,82,60,17.5,0,None,67.8,5,74.5,Partial,48.8,43.8,1
56053fdb,West Bengal,Kolkata,Power Transmission,13.84,124,1115,50.7,0,None,73.7,3,74.5,Not Started,35.0,46.7,0
2dbc162a,Tamil Nadu,Coimbatore,Railway,19.2,37,220,83.9,0,None,32.7,0,4.4,Partial,46.7,42.4,0
067f4841,Rajasthan,Jaipur,Railway,6.71,7,1309,64.3,0,None,20.6,4,10.9,Not Started,86.7,28.2,0
5fff7c8a,Karnataka,Bengaluru,Urban Development,9.73,91,436,23.5,1,Under Hearing,89.4,4,6.9,Not Started,51.0,60.6,1
3b387deb,Gujarat,Vadodara,Irrigation,11.06,37,1433,54.5,1,Resolved,52.4,3,28.0,Full,70.0,22.7,0
45303171,Bihar,Muzaffarpur,Highway,6.56,103,1464,70.0,0,None,24.6,3,24.9,Partial,64.5,45.2,0
ad4c4c53,Gujarat,Ahmedabad,Railway,4.58,113,549,44.4,1,Resolved,45.1,4,7.4,Partial,53.7,20.9,1
e97520c1,Maharashtra,Aurangabad,Irrigation,4.5,88,702,46.0,1,Filed,35.0,4,5.6,Partial,63.5,49.2,1
bdd60dc3,Uttar Pradesh,Agra,Urban Development,2.05,356,410,43.7,1,Under Hearing,60.1,5,8.9,Partial,77.9,54.8,1
c271409d,Rajasthan,Kota,Railway,1.65,20,316,38.8,0,None,19.7,3,11.5,Full,48.4,47.5,0
004726fc,Bihar,Gaya,Irrigation,6.15,142,131,44.3,0,None,39.5,4,21.6,Partial,47.5,55.6,1
22b7964c,Rajasthan,Kota,Industrial Corridor,15.74,23,1477,47.6,0,None,49.5,1,28.8,Partial,73.6,5.0,1
5c226ed3,Karnataka,Bengaluru,Railway,3.8,235,688,28.5,0,None,67.9,2,50.5,Not Started,66.9,24.5,0
5ce114a8,Madhya Pradesh,Jabalpur,Irrigation,14.12,198,632,40.9,0,None,84.6,5,56.9,Partial,83.3,7.1,1
0f1a6a61,West Bengal,Durgapur,Irrigation,8.3,573,579,45.1,1,Resolved,28.4,3,38.9,Partial,47.4,67.8,0
447738ca,West Bengal,Kolkata,Power Transmission,7.05,31,1070,45.4,1,Under Hearing,58.9,4,70.8,Full,35.4,26.1,0
01bd8168,Odisha,Bhubaneswar,Urban Development,23.34,334,157,84.0,0,None,47.4,1,6.6,Full,32.6,7.8,0
471dfda4,Rajasthan,Jaipur,Irrigation,6.41,31,90,70.7,0,None,67.8,1,9.6,Partial,49.7,39.4,1
e24c9d2d,Rajasthan,Jaipur,Urban Development,11.87,6,692,76.3,0,None,60.4,1,35.8,Partial,72.6,17.2,0
28541769,Odisha,Rourkela,Industrial Corridor,57.26,274,624,53.6,0,None,4.9,5,43.0,Full,37.9,52.9,1
a1907b01,Tamil Nadu,Chennai,Highway,8.36,73,724,82.1,0,None,18.9,2,44.2,Not Started,65.9,14.0,0
b0a5fb6c,West Bengal,Kolkata,Highway,68.85,24,806,81.9,0,None,56.1,7,3.5,Not Started,81.5,39.3,0
f0c7512c,Rajasthan,Udaipur,Urban Development,15.03,334,1469,85.0,1,Stay Order,39.8,2,28.9,Partial,66.1,47.8,1
4cd0f9c0,Bihar,Muzaffarpur,Urban Development,14.83,12,110,41.8,1,Under Hearing,72.7,3,17.4,Partial,89.2,46.3,1
189e561d,Uttar Pradesh,Lucknow,Industrial Corridor,84.3,18,1432,75.2,1,Resolved,18.6,1,84.7,Not Started,43.4,61.8,0
a01ab71f,Karnataka,Bengaluru,Highway,27.43,138,736,83.1,0,None,35.7,0,27.4,Not Started,59.6,64.2,1
132d5985,Maharashtra,Pune,Railway,13.94,41,570,74.1,0,None,37.1,1,9.3,Partial,72.1,19.2,0
08834538,Karnataka,Belagavi,Industrial Corridor,2.9,81,102,53.8,0,None,38.9,4,51.6,Partial,13.9,15.3,1
39901d40,West Bengal,Kolkata,Power Transmission,31.27,54,1485,33.9,0,None,22.6,3,34.1,Full,87.5,25.1,0
0b231093,Tamil Nadu,Chennai,Highway,2.87,2,823,94.8,0,None,71.3,2,21.7,Partial,64.4,28.1,1
f35e103b,Bihar,Bhagalpur,Railway,1.27,21,421,59.9,1,Resolved,19.0,4,75.1,Partial,89.7,42.6,1
a03b9ad6,Uttar Pradesh,Lucknow,Industrial Corridor,15.08,74,478,72.3,0,None,66.2,2,32.6,Partial,73.8,21.9,0
168b24b4,Madhya Pradesh,Jabalpur,Power Transmission,16.51,5,334,44.6,0,None,40.9,4,26.8,Full,77.6,21.7,0
a0da7650,Tamil Nadu,Salem,Railway,8.9,74,1197,61.6,0,None,8.5,6,43.7,Not Started,67.0,28.7,0
951539ab,Odisha,Cuttack,Railway,9.73,129,233,54.1,0,None,35.8,5,14.2,Full,93.9,55.4,0
9df83873,West Bengal,Howrah,Industrial Corridor,19.88,21,915,46.9,0,None,49.5,2,32.7,Full,60.2,20.7,1
50128756,Karnataka,Belagavi,Highway,22.32,28,123,39.0,1,Filed,32.9,1,26.1,Partial,50.5,33.5,1
f605f77a,Karnataka,Hubballi,Urban Development,12.02,124,1098,36.9,0,None,23.0,4,11.6,Partial,99.0,55.3,1
d590b3e1,Tamil Nadu,Chennai,Power Transmission,12.63,369,48,43.9,1,Filed,17.3,1,70.7,Partial,42.5,30.9,1
17ea3d07,Karnataka,Hubballi,Urban Development,4.43,27,1063,57.3,0,None,49.6,2,36.5,Not Started,81.8,27.9,1
762c8fa2,Maharashtra,Nashik,Industrial Corridor,11.67,34,359,21.5,0,None,88.5,2,9.7,Full,75.8,10.1,1
7a661ac9,Madhya Pradesh,Jabalpur,Railway,4.08,192,690,47.2,1,Stay Order,98.9,1,32.0,Full,71.0,26.0,1
e86760d3,Gujarat,Vadodara,Highway,3.3,4,1180,50.9,0,None,28.3,3,16.4,Partial,77.1,24.5,0
238aa76a,West Bengal,Siliguri,Highway,57.87,29,262,45.5,0,None,82.4,2,34.8,Full,63.7,25.1,0
bf1e1191,Bihar,Gaya,Urban Development,27.8,14,93,54.6,0,None,19.6,2,36.3,Not Started,67.6,36.4,1
61e78d9b,Gujarat,Vadodara,Irrigation,48.79,41,95,60.4,4,Filed,31.9,2,59.1,Partial,92.8,50.5,1
11f4c7cf,Madhya Pradesh,Jabalpur,Highway,6.01,22,1454,68.9,1,Resolved,68.2,2,8.2,Full,74.5,52.0,0
0d33d91e,Karnataka,Hubballi,Industrial Corridor,26.58,34,844,38.1,0,None,17.6,1,24.1,Partial,29.4,30.0,1
fbbf001d,Rajasthan,Jaipur,Urban Development,6.43,402,992,88.5,0,None,57.7,5,18.9,Partial,38.7,29.1,1
57018a49,Gujarat,Rajkot,Urban Development,11.37,119,332,53.6,1,Resolved,52.4,2,21.7,Not Started,7.0,47.9,1
0003bb71,Uttar Pradesh,Varanasi,Industrial Corridor,18.46,10,1343,83.9,1,Stay Order,76.2,1,13.0,Partial,92.6,42.4,0
bb7291dc,Odisha,Cuttack,Irrigation,2.87,230,141,92.2,1,Under Hearing,27.1,3,78.7,Full,70.9,40.9,1
4ab9f26c,Madhya Pradesh,Gwalior,Irrigation,27.11,93,395,48.1,1,Filed,70.3,0,4.7,Full,31.6,38.1,0
e43375be,Uttar Pradesh,Kanpur,Railway,1.04,150,101,39.6,2,Filed,16.8,3,38.4,Partial,77.6,26.6,1
aa5454cc,West Bengal,Howrah,Power Transmission,41.22,14,1449,85.0,0,None,67.8,2,32.2,Partial,23.9,31.3,1
b2006583,Odisha,Bhubaneswar,Highway,7.93,129,330,68.9,0,None,73.3,5,26.2,Partial,85.5,30.8,1
dff1ca2b,Tamil Nadu,Coimbatore,Urban Development,2.85,57,1309,26.9,2,Stay Order,46.8,1,44.6,Full,74.5,47.9,1
9ddb338b,Karnataka,Belagavi,Irrigation,10.66,132,779,74.9,2,Under Hearing,49.1,5,17.8,Partial,86.6,14.9,1
8f88f4a0,Karnataka,Hubballi,Highway,32.49,25,702,46.7,0,None,47.4,4,53.1,Not Started,68.5,24.4,0
cc1a4aac,Maharashtra,Thane,Power Transmission,10.1,162,1159,39.4,1,Under Hearing,53.2,2,17.5,Not Started,52.5,37.0,1
ab140f04,Odisha,Bhubaneswar,Irrigation,42.31,121,1066,41.7,0,None,31.7,5,23.1,Full,40.2,32.1,1
3d81bbee,Odisha,Bhubaneswar,Industrial Corridor,2.3,118,1128,80.1,1,Resolved,33.1,1,19.0,Full,62.0,57.2,0
937bca17,West Bengal,Durgapur,Urban Development,71.81,77,284,4.7,2,Stay Order,49.0,1,56.0,Partial,70.2,35.5,1
efe1211f,Odisha,Bhubaneswar,Power Transmission,17.69,48,511,64.5,2,Under Hearing,78.6,3,34.4,Full,43.6,27.3,0
634792b4,Bihar,Gaya,Urban Development,10.64,104,693,55.1,1,Stay Order,47.4,2,118.8,Full,46.8,41.8,1
71160c45,Madhya Pradesh,Bhopal,Urban Development,16.39,72,499,46.8,0,None,34.2,2,13.8,Not Started,66.3,7.3,1
86e0192a,Rajasthan,Jaipur,Railway,11.59,75,1247,34.2,0,None,12.8,1,18.4,Not Started,72.2,45.4,1
68c07127,Gujarat,Surat,Power Transmission,4.05,171,749,83.3,0,None,36.6,1,34.7,Not Started,32.6,13.9,1
33b0163d,Tamil Nadu,Chennai,Highway,19.89,74,961,41.1,1,Under Hearing,55.2,3,28.1,Full,74.2,33.0,1
a938ee90,Rajasthan,Kota,Highway,35.33,34,833,29.7,1,Filed,66.1,3,18.0,Full,72.0,24.2,1
f563225d,Madhya Pradesh,Indore,Irrigation,1.42,19,624,44.7,0,None,78.4,2,56.4,Not Started,84.0,46.2,0
b5af01ed,Maharashtra,Nashik,Industrial Corridor,31.15,22,727,35.3,0,None,15.0,2,17.8,Partial,30.3,31.1,1
3a2b78e3,Maharashtra,Thane,Highway,6.59,30,1025,62.7,1,Filed,25.1,3,44.5,Partial,49.5,41.9,0
e19c9003,Odisha,Bhubaneswar,Highway,5.24,16,1293,18.3,0,None,35.5,3,4.1,Partial,91.9,29.8,1
5b0f13a7,Odisha,Bhubaneswar,Industrial Corridor,94.2,34,477,32.7,1,Under Hearing,37.7,5,25.2,Partial,16.6,49.7,1
3b7ec164,Rajasthan,Jaipur,Power Transmission,6.57,48,1261,58.3,1,Filed,36.3,0,4.8,Partial,79.8,44.8,0
6203e5ff,Maharashtra,Nashik,Irrigation,45.29,67,813,19.4,2,Resolved,63.5,1,25.7,Partial,65.7,53.9,0
f82a542e,Uttar Pradesh,Meerut,Irrigation,12.2,229,445,16.7,0,None,81.5,4,20.4,Not Started,90.7,50.0,1
cbbadb19,Uttar Pradesh,Kanpur,Power Transmission,6.22,109,1029,87.7,0,None,43.1,4,18.3,Partial,35.3,30.3,0
f0f53251,Rajasthan,Udaipur,Power Transmission,4.15,39,408,43.2,0,None,58.4,5,8.1,Partial,28.8,9.3,0
6337c3b6,Madhya Pradesh,Gwalior,Power Transmission,10.38,44,1084,51.7,0,None,41.2,2,10.2,Partial,95.9,37.5,0
1c771e20,Maharashtra,Pune,Railway,32.23,80,843,98.6,1,Under Hearing,73.7,4,51.5,Partial,54.6,46.7,1
c5871c8b,Tamil Nadu,Coimbatore,Power Transmission,21.13,204,275,21.9,1,Stay Order,14.9,3,49.9,Partial,78.1,13.1,1
a52ea9dc,Uttar Pradesh,Kanpur,Industrial Corridor,16.84,119,594,41.2,1,Filed,48.7,5,3.8,Full,71.9,43.6,0
3d93b140,Odisha,Rourkela,Highway,3.85,74,1071,50.3,1,Filed,56.2,4,22.5,Partial,70.8,32.2,0
b41c34a8,Maharashtra,Pune,Railway,3.36,72,590,37.8,0,None,30.4,4,29.5,Not Started,74.5,22.6,1
288636ad,West Bengal,Durgapur,Power Transmission,32.04,40,1439,47.0,0,None,39.3,2,79.4,Not Started,35.5,18.5,0
b31feb38,Madhya Pradesh,Gwalior,Railway,41.71,205,1356,68.4,0,None,40.4,3,27.8,Full,55.5,26.4,0
baf7b7fe,Tamil Nadu,Chennai,Power Transmission,3.98,211,980,94.9,1,Stay Order,63.0,2,12.9,Full,33.2,10.1,1
2344b4ca,Odisha,Rourkela,Highway,3.89,72,694,31.2,1,Resolved,44.2,3,10.6,Partial,79.4,18.8,0
47ce60c0,Karnataka,Bengaluru,Railway,17.66,16,396,79.5,0,None,33.4,2,6.5,Partial,44.0,51.8,0
2223cac5,Odisha,Bhubaneswar,Industrial Corridor,5.06,100,1323,55.6,0,None,36.4,2,47.6,Partial,91.8,42.7,1
0a60aa57,Uttar Pradesh,Agra,Industrial Corridor,3.58,49,662,55.3,1,Stay Order,10.7,3,38.8,Partial,72.1,46.9,1
34a9816a,Karnataka,Bengaluru,Industrial Corridor,2.49,48,270,51.9,1,Under Hearing,46.5,1,8.4,Full,47.8,47.5,1
541b0091,Uttar Pradesh,Meerut,Irrigation,5.27,20,1152,9.0,0,None,80.7,0,12.5,Partial,45.1,42.9,0
c2a130c3,West Bengal,Siliguri,Highway,16.13,117,438,87.1,1,Stay Order,50.2,8,21.6,Full,63.1,57.1,1
4b1aec02,West Bengal,Siliguri,Power Transmission,3.39,196,823,64.8,1,Stay Order,42.2,1,37.8,Full,56.8,37.2,1
81c782a9,Maharashtra,Nagpur,Railway,11.37,294,408,27.1,0,None,45.3,4,83.2,Partial,63.4,35.6,1
86f9860a,Uttar Pradesh,Meerut,Irrigation,6.77,119,1309,92.8,0,None,42.4,3,9.1,Not Started,87.9,34.4,1
0c4f35d9,West Bengal,Howrah,Industrial Corridor,25.54,122,1125,18.1,0,None,77.8,2,31.3,Full,26.9,37.8,0
9fbebc4f,Madhya Pradesh,Indore,Urban Development,19.22,25,1068,75.9,1,Under Hearing,78.6,2,19.3,Full,59.8,36.9,1
923801d4,Gujarat,Ahmedabad,Industrial Corridor,5.4,42,798,43.1,0,None,82.1,1,31.8,Full,73.6,28.0,0
f58f3c38,Gujarat,Rajkot,Railway,38.86,133,634,52.8,1,Under Hearing,68.5,3,20.3,Partial,48.5,42.3,1
4f94b36d,Madhya Pradesh,Jabalpur,Irrigation,31.32,198,321,14.4,0,None,11.4,1,17.8,Not Started,60.7,43.0,0
d6a0c7f3,West Bengal,Durgapur,Power Transmission,13.42,11,1069,75.1,1,Stay Order,60.9,2,12.3,Partial,33.2,28.5,1
e70f544b,Rajasthan,Udaipur,Power Transmission,35.33,47,1475,19.5,0,None,71.5,4,17.9,Not Started,24.2,21.5,1
d79bbe78,Tamil Nadu,Salem,Highway,9.37,180,687,19.7,0,None,28.5,3,20.4,Partial,74.6,34.4,1
f84a996a,Rajasthan,Jaipur,Irrigation,2.74,72,314,30.0,0,None,68.0,3,37.1,Partial,78.8,26.8,0
0cde1247,Rajasthan,Jaipur,Irrigation,8.3,195,1208,71.1,0,None,78.3,2,47.0,Full,77.7,42.1,1
78395744,Karnataka,Mysuru,Industrial Corridor,4.55,60,222,96.6,0,None,75.3,2,18.5,Partial,59.9,30.5,0
1980857b,Odisha,Rourkela,Urban Development,3.48,545,642,47.9,1,Under Hearing,84.9,5,17.6,Partial,50.7,39.9,1
98c21a92,Odisha,Bhubaneswar,Industrial Corridor,48.42,341,776,84.7,2,Resolved,87.4,4,95.9,Partial,55.7,43.8,0
8fe8474c,Bihar,Bhagalpur,Irrigation,24.47,361,194,39.6,1,Resolved,39.2,2,42.3,Not Started,82.6,73.4,1
85e69aa0,Uttar Pradesh,Lucknow,Industrial Corridor,18.07,62,1302,76.8,1,Under Hearing,44.1,1,16.6,Full,24.4,25.8,1
d417d797,West Bengal,Durgapur,Urban Development,8.58,56,156,43.2,0,None,3.3,3,2.8,Not Started,79.6,21.8,0
456728de,Madhya Pradesh,Indore,Power Transmission,4.56,26,580,78.4,0,None,45.2,2,35.7,Partial,42.4,73.7,0
3079b559,Maharashtra,Nagpur,Railway,57.19,4,372,78.5,0,None,24.8,2,52.2,Not Started,38.0,31.7,1
6144eacb,Maharashtra,Nagpur,Highway,3.24,34,1104,33.5,1,Stay Order,24.1,3,38.5,Not Started,92.1,35.3,1
9344189b,Gujarat,Ahmedabad,Irrigation,4.16,143,596,92.4,4,Stay Order,12.4,1,10.2,Not Started,25.5,18.5,1
0875b013,Uttar Pradesh,Agra,Railway,1.78,75,582,33.9,0,None,90.4,4,17.3,Not Started,40.2,28.1,0
280696f2,Tamil Nadu,Madurai,Railway,11.24,248,210,44.8,0,None,44.3,3,54.5,Partial,52.8,58.7,0
f9842a9f,Uttar Pradesh,Kanpur,Railway,30.45,545,1460,52.2,2,Under Hearing,39.8,2,19.9,Full,60.0,30.4,1
e9d982a5,Gujarat,Surat,Irrigation,16.63,21,1276,35.3,1,Stay Order,58.1,2,18.0,Partial,47.4,45.0,1
cdcde765,Odisha,Bhubaneswar,Railway,13.96,131,1372,94.1,1,Filed,45.8,0,16.7,Full,9.7,45.5,1
fd885215,Rajasthan,Jodhpur,Urban Development,13.7,49,1112,92.4,2,Resolved,36.1,1,8.1,Not Started,17.9,44.5,1
eccf8d1d,Karnataka,Mysuru,Power Transmission,26.86,13,132,45.5,0,None,22.8,3,65.4,Not Started,38.8,34.4,1
a874f0a7,Maharashtra,Aurangabad,Highway,240.19,56,463,42.5,0,None,75.6,4,16.9,Full,73.3,44.6,1
7321ccd9,West Bengal,Howrah,Irrigation,3.25,102,1336,59.3,0,None,70.6,2,12.7,Full,89.1,57.4,0
d3282e82,Tamil Nadu,Coimbatore,Irrigation,16.63,41,1322,65.8,2,Resolved,47.5,0,24.4,Not Started,86.0,42.8,0
532c10aa,Maharashtra,Nashik,Power Transmission,16.71,186,1279,65.1,3,Filed,66.4,4,24.0,Partial,21.7,44.8,1
9618a89c,Odisha,Cuttack,Power Transmission,26.35,33,1151,24.8,1,Under Hearing,10.2,1,25.5,Partial,14.6,48.5,1
b0f20c9e,Tamil Nadu,Chennai,Power Transmission,72.56,38,767,49.4,1,Under Hearing,42.3,2,60.9,Partial,58.9,49.6,0
913fa51f,Maharashtra,Nagpur,Irrigation,6.84,46,978,71.3,0,None,36.5,2,4.9,Full,72.6,44.7,1
50d415e5,Madhya Pradesh,Gwalior,Irrigation,26.41,16,228,38.2,1,Under Hearing,63.9,4,45.3,Partial,49.5,66.0,1
8c7d0322,Bihar,Gaya,Power Transmission,13.86,14,796,14.9,1,Under Hearing,60.1,1,3.8,Full,64.3,37.1,0
33062d9d,Madhya Pradesh,Bhopal,Power Transmission,42.6,916,929,21.6,2,Resolved,24.9,1,18.8,Partial,35.8,19.2,1
23acde56,Odisha,Cuttack,Power Transmission,3.86,28,1108,26.2,1,Resolved,23.2,0,18.8,Partial,32.3,44.9,1
e6f8e479,Madhya Pradesh,Jabalpur,Power Transmission,26.5,113,290,79.2,1,Under Hearing,20.6,5,15.8,Not Started,77.5,38.7,1
d75970e1,West Bengal,Siliguri,Power Transmission,57.94,267,699,55.0,0,None,9.6,2,43.3,Partial,29.2,5.0,1
5dcb73a6,Karnataka,Mysuru,Industrial Corridor,22.0,34,1056,16.2,2,Stay Order,66.0,1,34.4,Full,71.8,49.2,1
78384b50,West Bengal,Howrah,Highway,45.39,20,1390,87.5,1,Under Hearing,72.8,2,6.8,Not Started,83.8,6.1,1
8731cb53,West Bengal,Durgapur,Irrigation,18.97,35,1181,16.3,0,None,57.1,2,19.0,Partial,84.0,48.8,0
e15474ca,Uttar Pradesh,Varanasi,Irrigation,18.18,72,1385,46.7,1,Resolved,37.8,5,12.3,Not Started,90.1,32.2,0
bf804a26,Rajasthan,Udaipur,Urban Development,19.88,44,122,44.1,0,None,26.6,2,45.5,Partial,57.3,44.5,1
33c7a19a,Karnataka,Belagavi,Urban Development,2.84,198,677,49.4,0,None,54.9,3,2.2,Partial,68.8,37.1,1
f1bac534,Madhya Pradesh,Gwalior,Irrigation,16.69,64,864,56.0,0,None,25.5,4,37.2,Partial,79.5,31.6,0
d317abee,Tamil Nadu,Chennai,Industrial Corridor,0.88,24,655,90.4,0,None,42.2,2,3.2,Partial,65.2,54.9,1
759c32b3,Karnataka,Hubballi,Railway,8.8,41,1215,26.4,1,Filed,82.6,7,37.9,Partial,15.9,20.7,1
b2fbef8c,Karnataka,Bengaluru,Railway,1.86,138,1093,12.5,0,None,44.6,1,19.0,Partial,41.2,11.9,1
e59000a4,Madhya Pradesh,Indore,Power Transmission,6.16,326,399,59.4,2,Resolved,25.6,2,52.8,Full,29.9,29.1,0
405e6ae6,Maharashtra,Nashik,Irrigation,10.62,129,772,80.4,1,Under Hearing,21.0,4,5.8,Partial,80.0,22.9,1
5c5301ff,Bihar,Muzaffarpur,Railway,28.7,255,234,60.2,3,Filed,41.5,3,23.4,Not Started,24.8,26.0,1
5d013dcf,Bihar,Bhagalpur,Urban Development,4.42,27,949,61.7,0,None,32.3,9,37.0,Partial,63.6,49.5,1
2fc6fc3b,Tamil Nadu,Salem,Urban Development,4.31,43,779,25.3,1,Resolved,4.1,5,43.0,Full,44.7,33.9,0
f0438c5a,West Bengal,Siliguri,Railway,26.49,99,461,72.3,0,None,23.5,0,6.8,Full,63.0,42.1,1
d914c3cd,Maharashtra,Aurangabad,Highway,13.59,40,395,69.0,1,Stay Order,49.3,2,18.3,Partial,64.2,41.8,1
5566d4c1,Rajasthan,Jodhpur,Urban Development,60.12,219,698,24.0,1,Filed,16.5,2,57.8,Partial,75.1,26.8,1
23f5b983,Maharashtra,Nagpur,Highway,1.57,190,622,49.2,0,None,38.5,0,43.4,Partial,50.5,25.5,1
011103fc,Karnataka,Bengaluru,Urban Development,3.43,131,373,92.8,1,Filed,50.0,1,2.4,Not Started,60.2,38.2,1
7365d777,Tamil Nadu,Madurai,Power Transmission,11.3,43,52,23.5,0,None,81.0,4,21.5,Full,73.7,34.8,0
97df16f1,Rajasthan,Udaipur,Power Transmission,8.91,3,666,58.0,1,Resolved,49.0,2,52.2,Full,62.3,69.4,0
d9a9d67c,Karnataka,Bengaluru,Highway,11.54,101,388,38.1,1,Filed,61.6,3,49.1,Full,90.2,37.2,1
6726fe0b,Odisha,Rourkela,Railway,67.04,7,1413,39.5,1,Resolved,49.7,6,32.5,Partial,71.7,36.9,1
b714a37e,Odisha,Cuttack,Industrial Corridor,4.24,12,1205,89.3,0,None,87.8,2,10.2,Partial,55.8,26.0,0
defc9f93,Tamil Nadu,Salem,Railway,14.14,50,491,39.2,0,None,25.0,5,101.3,Partial,84.6,36.2,0
c28ac366,Gujarat,Rajkot,Power Transmission,11.58,52,944,72.9,1,Filed,76.5,0,38.2,Full,81.8,48.0,1
3e882aa7,Gujarat,Vadodara,Urban Development,8.22,60,299,74.3,0,None,44.9,2,62.7,Partial,34.4,46.4,1
10a2e625,Odisha,Rourkela,Power Transmission,8.21,6,455,26.3,2,Filed,41.7,3,4.9,Not Started,50.2,47.4,0
0d6841b9,Bihar,Patna,Railway,3.76,7,270,60.7,1,Resolved,42.0,0,40.9,Not Started,29.4,37.5,0
38849524,Maharashtra,Thane,Highway,58.12,22,1379,68.8,2,Filed,86.3,1,48.9,Not Started,50.2,17.2,1
d2de9b71,Tamil Nadu,Madurai,Industrial Corridor,18.93,52,110,35.7,1,Filed,9.7,0,23.2,Full,43.9,9.0,0
fa908016,Odisha,Rourkela,Industrial Corridor,28.16,271,533,85.2,0,None,78.6,0,12.8,Partial,49.3,21.8,0
c655c904,Karnataka,Bengaluru,Railway,138.53,281,830,66.7,1,Filed,40.5,3,14.3,Full,51.0,16.3,0
17fdcfc9,Maharashtra,Nagpur,Irrigation,4.59,117,54,55.1,3,Under Hearing,16.9,2,41.0,Partial,39.4,22.9,1
b56121a9,Odisha,Cuttack,Highway,11.85,248,1366,25.8,2,Stay Order,26.8,5,31.6,Not Started,80.4,16.4,1
dbaed9aa,West Bengal,Durgapur,Urban Development,2.91,53,1103,70.7,1,Under Hearing,29.1,1,29.1,Partial,44.6,35.4,1
56922fdc,Maharashtra,Nashik,Power Transmission,6.61,96,1404,8.0,0,None,45.7,1,48.5,Full,26.1,13.9,1
62431a38,Rajasthan,Udaipur,Urban Development,84.22,16,1182,85.9,1,Resolved,6.6,1,37.5,Full,75.6,5.0,0
240786c3,Madhya Pradesh,Jabalpur,Highway,11.11,33,1377,62.7,1,Under Hearing,62.8,2,48.9,Full,77.9,30.5,1
46cec4ea,West Bengal,Kolkata,Power Transmission,16.1,20,1412,27.4,0,None,33.2,3,90.1,Not Started,74.9,54.2,1
3f96377a,Uttar Pradesh,Varanasi,Power Transmission,29.48,44,999,48.2,0,None,14.1,4,14.2,Partial,46.6,23.3,1
f2f9cf65,Odisha,Cuttack,Urban Development,19.85,294,428,43.2,2,Filed,53.0,3,10.2,Not Started,43.1,45.8,0
bfdae38d,Tamil Nadu,Salem,Railway,7.8,150,836,88.3,1,Stay Order,49.3,3,25.5,Not Started,34.3,48.5,1
45374356,Madhya Pradesh,Gwalior,Power Transmission,69.16,104,1390,71.5,1,Filed,55.7,2,10.4,Partial,74.9,74.4,0
40445ae8,Gujarat,Surat,Industrial Corridor,0.81,59,256,37.1,0,None,25.5,4,51.1,Full,50.8,36.5,0
25ee5e46,West Bengal,Howrah,Industrial Corridor,31.02,7,336,74.0,1,Stay Order,36.0,3,12.5,Full,63.0,26.1,1
49e5b221,Rajasthan,Udaipur,Urban Development,6.76,27,598,19.9,1,Under Hearing,73.3,3,48.1,Not Started,94.4,55.7,1
2f19d94f,Bihar,Muzaffarpur,Urban Development,2.56,98,1315,9.4,1,Under Hearing,39.9,3,11.9,Partial,72.4,25.5,1
6e98f907,Odisha,Bhubaneswar,Urban Development,6.89,62,682,30.9,1,Under Hearing,37.3,1,25.2,Full,52.4,28.8,1
a43f1584,Gujarat,Rajkot,Power Transmission,17.37,257,1136,76.2,1,Under Hearing,71.7,2,10.6,Full,74.6,61.2,1
574b4cf8,West Bengal,Durgapur,Urban Development,14.1,57,203,24.0,0,None,45.3,3,46.2,Full,32.3,36.9,1
626d9e67,Uttar Pradesh,Lucknow,Irrigation,2.82,30,662,98.1,1,Under Hearing,29.1,1,24.2,Full,88.4,11.9,0
180823b8,Rajasthan,Udaipur,Industrial Corridor,3.68,174,1027,27.4,2,Filed,75.7,4,41.1,Partial,57.7,18.5,1
8c6c2c36,West Bengal,Howrah,Industrial Corridor,14.49,38,1065,22.0,0,None,75.8,3,12.5,Not Started,55.3,20.2,1
5c7fc253,Karnataka,Hubballi,Highway,3.11,197,910,41.7,0,None,87.5,5,22.4,Full,29.4,36.1,1
45076d31,Bihar,Bhagalpur,Industrial Corridor,56.95,83,731,54.3,0,None,70.8,2,14.9,Partial,79.1,46.1,1
1eedac42,Madhya Pradesh,Gwalior,Power Transmission,2.45,121,638,77.1,1,Filed,38.9,2,18.4,Not Started,74.3,5.0,1
f572bbc7,Uttar Pradesh,Agra,Highway,21.24,82,622,60.7,0,None,73.2,4,74.6,Partial,17.9,19.8,0
0ae064f0,Rajasthan,Udaipur,Power Transmission,10.84,15,1376,43.6,1,Filed,44.9,2,20.3,Full,40.7,35.6,1
a399756c,Uttar Pradesh,Lucknow,Urban Development,39.42,51,232,25.5,2,Under Hearing,60.6,3,13.3,Partial,77.7,68.1,1
a67db81c,Odisha,Rourkela,Railway,51.03,18,96,74.6,3,Filed,67.5,2,83.1,Full,85.8,41.9,1
11cc6463,Maharashtra,Thane,Urban Development,10.6,163,86,94.0,0,None,36.8,0,9.5,Partial,28.1,40.3,1
960d010b,Bihar,Gaya,Railway,27.51,11,485,85.0,1,Filed,77.0,4,76.4,Not Started,81.8,57.8,0
c10402f6,West Bengal,Durgapur,Irrigation,38.45,39,1015,39.2,0,None,61.6,2,24.3,Not Started,12.2,5.0,0
14dfab72,Rajasthan,Udaipur,Industrial Corridor,17.48,36,571,24.7,1,Resolved,46.2,1,22.0,Full,41.7,32.0,0
d77aac22,Odisha,Cuttack,Railway,5.54,214,971,50.6,0,None,46.2,4,16.9,Not Started,34.7,29.2,1
cccd0b19,West Bengal,Kolkata,Industrial Corridor,41.67,8,1424,62.5,0,None,30.5,1,25.1,Partial,30.4,15.4,1
487fa203,Madhya Pradesh,Bhopal,Irrigation,12.65,202,1384,21.1,0,None,67.9,0,15.2,Partial,37.9,43.7,1
94566e28,Gujarat,Rajkot,Urban Development,22.07,189,493,48.4,1,Resolved,41.2,2,22.2,Partial,30.4,48.9,1
351f53e2,Karnataka,Bengaluru,Railway,30.15,17,766,34.1,0,None,16.1,2,14.0,Full,63.3,21.9,1
83bba846,Karnataka,Hubballi,Highway,3.12,426,990,37.0,1,Filed,33.4,4,32.0,Not Started,45.3,70.5,1
e9fafcf6,Bihar,Bhagalpur,Highway,23.8,11,874,90.2,1,Under Hearing,36.6,1,6.8,Full,80.9,41.0,0
57cb271c,Uttar Pradesh,Agra,Industrial Corridor,51.93,18,976,54.4,1,Under Hearing,39.9,1,8.5,Full,47.6,41.1,1
ce7614b6,Rajasthan,Kota,Power Transmission,6.6,79,172,72.9,0,None,36.5,3,43.9,Partial,94.2,38.2,0
664af26e,Rajasthan,Kota,Irrigation,5.73,113,758,32.0,1,Filed,55.8,1,31.6,Not Started,45.0,31.9,1
3c32e0ea,Rajasthan,Jaipur,Urban Development,21.18,51,757,39.4,0,None,66.3,5,49.1,Partial,67.1,50.8,1
042c3a4b,Odisha,Bhubaneswar,Railway,19.71,51,478,43.0,1,Filed,32.7,0,7.5,Full,87.6,40.1,0
44329dcb,Rajasthan,Kota,Power Transmission,6.8,51,515,48.0,0,None,20.4,3,10.1,Not Started,72.4,30.1,0
ebb866f9,Gujarat,Rajkot,Power Transmission,11.03,244,469,59.7,0,None,79.4,0,8.1,Partial,90.6,26.5,1
61055a25,Rajasthan,Jodhpur,Industrial Corridor,1.8,281,487,53.8,2,Filed,24.3,3,21.5,Partial,62.5,37.1,1
75cd5c96,Madhya Pradesh,Indore,Urban Development,62.55,59,241,52.1,0,None,83.6,1,10.6,Not Started,81.6,45.9,0
42961806,Odisha,Cuttack,Highway,84.09,43,802,33.6,1,Resolved,37.6,1,25.9,Not Started,30.1,50.7,1
8b32e114,Gujarat,Ahmedabad,Power Transmission,6.12,60,1212,60.7,0,None,29.5,2,8.4,Partial,82.4,40.7,0
2046410d,Odisha,Bhubaneswar,Power Transmission,34.07,207,1482,67.7,2,Filed,39.4,2,12.5,Partial,56.5,67.7,1
9a9d43f1,West Bengal,Siliguri,Urban Development,9.75,66,1450,14.3,0,None,53.7,3,26.5,Partial,32.4,23.3,1
ff5e3443,Rajasthan,Jaipur,Industrial Corridor,9.42,41,1371,38.8,1,Filed,25.5,2,27.4,Full,77.9,43.8,0
fa52131b,Karnataka,Mysuru,Irrigation,7.93,3,1059,30.4,0,None,74.9,0,44.0,Not Started,19.3,43.3,0
1ccae055,West Bengal,Durgapur,Urban Development,11.07,1,604,70.1,1,Under Hearing,18.1,3,42.8,Partial,33.2,5.0,1
fe6c63e1,Rajasthan,Udaipur,Power Transmission,36.2,28,520,65.5,1,Under Hearing,78.6,3,27.5,Partial,73.9,32.6,0
3fd66952,Tamil Nadu,Salem,Industrial Corridor,9.29,10,1285,92.6,0,None,73.5,2,23.1,Partial,52.1,31.9,0
5ce5227e,West Bengal,Durgapur,Power Transmission,8.27,26,447,90.4,0,None,20.6,3,41.9,Partial,79.5,46.0,0
8ffb041e,Karnataka,Belagavi,Industrial Corridor,7.95,77,1204,85.9,1,Resolved,14.3,3,53.8,Full,72.4,42.3,1
27a7f1fa,Odisha,Bhubaneswar,Highway,2.95,28,669,63.5,0,None,32.9,7,42.2,Not Started,12.3,49.7,1
9adebfcb,Tamil Nadu,Coimbatore,Urban Development,1.72,53,588,54.1,0,None,70.4,0,41.3,Partial,92.7,45.9,1
01ca3d55,Bihar,Gaya,Irrigation,6.28,94,578,45.3,0,None,72.5,2,25.3,Full,22.4,34.5,0
b0d33c91,Karnataka,Mysuru,Power Transmission,20.74,79,986,86.6,0,None,64.4,1,3.8,Not Started,49.1,39.4,1
c7d6b70e,West Bengal,Howrah,Railway,1.12,28,986,63.6,1,Stay Order,34.1,2,22.0,Full,68.3,33.5,1
a9746aa2,Bihar,Patna,Railway,8.36,317,862,39.1,1,Under Hearing,67.3,3,50.0,Partial,27.2,41.6,1
ec6af11b,Karnataka,Hubballi,Railway,22.2,62,1193,64.6,0,None,24.9,6,15.3,Full,70.3,46.1,0
6830ba34,Tamil Nadu,Chennai,Highway,39.08,17,907,45.2,0,None,81.9,5,11.4,Full,36.0,60.7,0
5d550c11,Maharashtra,Nashik,Urban Development,26.39,16,464,66.8,0,None,32.6,6,25.6,Partial,17.6,33.9,1
f91785c0,Uttar Pradesh,Meerut,Power Transmission,12.26,40,1184,16.6,3,Filed,47.7,0,24.0,Partial,67.7,40.5,0
d0ebc2cd,Maharashtra,Nashik,Industrial Corridor,2.32,27,919,43.9,2,Filed,11.2,4,12.8,Partial,19.6,34.3,1
f618c7f0,Maharashtra,Thane,Irrigation,4.46,97,638,17.8,0,None,79.5,5,66.7,Partial,66.9,33.1,0
c8d7aeea,Odisha,Rourkela,Industrial Corridor,2.42,20,1061,58.1,0,None,81.9,4,19.7,Partial,65.2,7.2,1
f0310946,Rajasthan,Udaipur,Industrial Corridor,17.82,27,53,55.7,2,Filed,36.1,4,40.4,Partial,41.1,24.5,1
7ac94480,Odisha,Bhubaneswar,Irrigation,9.86,105,757,86.1,1,Filed,51.1,2,12.6,Full,92.1,39.9,1
6ca79618,Karnataka,Hubballi,Irrigation,55.73,49,1478,92.8,1,Under Hearing,53.2,1,6.5,Partial,63.1,24.9,0
57bd473f,Uttar Pradesh,Agra,Industrial Corridor,14.27,95,711,79.5,1,Resolved,22.9,1,15.9,Not Started,54.3,42.2,1
df968520,Gujarat,Rajkot,Railway,33.09,5,1279,54.8,0,None,30.9,1,15.9,Partial,37.9,59.8,0
00bfaccc,Rajasthan,Udaipur,Urban Development,7.54,162,1070,76.8,0,None,55.9,1,56.0,Partial,83.2,59.1,1
fc4254d9,Madhya Pradesh,Gwalior,Power Transmission,16.46,23,943,82.5,1,Resolved,95.6,3,13.2,Partial,29.9,18.5,1
b2a20831,Uttar Pradesh,Meerut,Highway,4.77,190,846,46.7,1,Filed,59.1,2,25.9,Partial,98.3,28.6,0
38fe367b,Tamil Nadu,Salem,Highway,6.59,140,578,84.2,0,None,81.7,0,64.3,Not Started,67.1,43.2,0
057936d0,West Bengal,Durgapur,Industrial Corridor,74.19,23,613,68.9,2,Filed,29.6,2,16.6,Partial,60.5,39.6,0
9af54044,Gujarat,Ahmedabad,Irrigation,14.99,32,298,20.9,0,None,78.4,2,7.9,Not Started,62.5,34.6,1
9ab3e1f2,Tamil Nadu,Salem,Highway,15.15,45,889,57.4,1,Filed,40.8,5,28.1,Not Started,52.4,40.9,0
7ece9085,Odisha,Rourkela,Irrigation,6.11,8,1007,21.3,1,Filed,36.1,1,41.9,Partial,37.1,34.0,0
545582e0,Odisha,Rourkela,Railway,4.12,87,1110,33.7,0,None,55.4,0,21.2,Full,93.7,12.6,0
ea859592,Karnataka,Bengaluru,Power Transmission,21.83,48,1300,68.8,1,Under Hearing,93.1,4,26.5,Partial,53.5,42.9,1
0997c9dc,West Bengal,Kolkata,Industrial Corridor,4.94,14,1158,42.7,1,Filed,25.9,6,92.0,Partial,72.6,51.3,1
33938925,Tamil Nadu,Madurai,Industrial Corridor,12.38,604,397,45.1,3,Filed,67.0,3,9.9,Partial,28.0,67.9,1
6dade242,Uttar Pradesh,Kanpur,Railway,32.55,9,1043,77.5,0,None,88.2,1,17.0,Full,54.9,15.1,1
01a36ab9,Madhya Pradesh,Indore,Industrial Corridor,16.79,48,645,81.7,2,Resolved,23.2,3,18.2,Partial,19.9,39.2,1
0dc1dc0a,Karnataka,Bengaluru,Irrigation,6.43,23,90,44.4,1,Under Hearing,72.2,2,5.1,Partial,62.3,20.6,0
062804a7,Karnataka,Belagavi,Highway,8.1,45,1398,27.4,1,Resolved,30.5,3,18.0,Full,55.1,35.0,0
063046c4,Karnataka,Hubballi,Highway,35.49,48,352,60.8,0,None,53.9,1,33.7,Partial,87.3,45.6,1
d8803afb,Odisha,Rourkela,Industrial Corridor,31.51,79,1099,65.6,1,Resolved,59.8,1,42.6,Partial,12.8,14.1,1
dadc3af9,Uttar Pradesh,Varanasi,Power Transmission,24.17,73,239,67.8,1,Resolved,25.3,1,43.4,Full,56.7,19.1,0
00c94f5b,Tamil Nadu,Madurai,Highway,13.0,52,678,50.4,1,Resolved,78.8,2,76.8,Full,64.3,57.1,0
f6cc8d39,Karnataka,Belagavi,Railway,4.2,222,1156,71.3,2,Resolved,43.6,4,63.8,Partial,27.3,42.9,1
471e6eef,Bihar,Gaya,Industrial Corridor,10.04,33,1018,36.7,0,None,22.7,1,35.9,Partial,30.5,20.4,1
05a5727d,Karnataka,Belagavi,Urban Development,16.19,327,510,37.8,0,None,65.6,2,93.2,Not Started,83.0,20.2,0
9e7edba8,Maharashtra,Thane,Power Transmission,47.61,29,543,47.4,1,Filed,25.5,3,50.3,Full,38.1,29.3,1
4682e1e2,Odisha,Cuttack,Power Transmission,2.49,180,1177,92.8,1,Resolved,14.3,2,27.6,Full,37.5,36.0,0
1cfe6a63,Bihar,Muzaffarpur,Highway,15.08,39,762,28.1,1,Filed,75.4,3,73.5,Partial,97.5,18.3,1
c4198faa,Madhya Pradesh,Bhopal,Industrial Corridor,12.47,9,870,87.9,0,None,52.9,2,62.0,Not Started,30.0,47.7,1
150ac604,Karnataka,Hubballi,Irrigation,8.86,100,261,89.2,1,Stay Order,75.4,5,23.5,Partial,34.3,48.0,1
0da47a9d,Karnataka,Belagavi,Irrigation,139.56,62,598,71.1,2,Under Hearing,44.4,1,26.3,Full,73.2,22.3,1
03a8e8c8,Madhya Pradesh,Gwalior,Highway,6.57,183,187,84.8,0,None,71.8,3,59.6,Full,7.8,17.5,1
510c1e8b,Karnataka,Bengaluru,Irrigation,4.47,137,1121,79.6,0,None,39.0,3,23.3,Partial,73.8,35.2,1
f5ed6f30,Uttar Pradesh,Agra,Urban Development,1.97,27,1478,46.9,1,Filed,36.6,2,28.7,Not Started,25.3,35.1,1
cb773b52,Tamil Nadu,Chennai,Irrigation,40.74,7,693,77.3,0,None,84.9,0,13.7,Full,26.6,48.1,0
757a73d0,Tamil Nadu,Coimbatore,Urban Development,16.57,76,461,45.0,0,None,57.8,4,20.5,Full,53.6,34.1,0
a476802a,Maharashtra,Pune,Power Transmission,42.82,48,45,77.2,0,None,40.1,1,11.6,Not Started,76.6,28.1,0
5c807715,Odisha,Rourkela,Power Transmission,11.68,20,196,55.0,1,Stay Order,56.9,3,25.3,Not Started,61.8,49.7,1
e1177a78,Tamil Nadu,Chennai,Industrial Corridor,32.56,46,409,79.9,0,None,20.6,2,44.0,Full,81.2,37.0,0
293b78b4,Rajasthan,Udaipur,Industrial Corridor,34.77,96,979,60.9,2,Resolved,31.8,2,20.0,Partial,58.6,19.9,0
1fc9b193,Tamil Nadu,Coimbatore,Irrigation,81.61,153,1475,16.6,0,None,21.9,2,2.3,Partial,66.3,42.8,1
998e8340,Tamil Nadu,Coimbatore,Irrigation,0.75,6,195,40.0,2,Under Hearing,16.2,1,27.2,Partial,59.0,45.7,1
3831cd6a,Madhya Pradesh,Bhopal,Railway,20.58,142,659,86.2,0,None,48.3,3,13.9,Partial,81.4,27.2,0
52a2d2bc,Rajasthan,Kota,Industrial Corridor,33.43,180,97,72.6,2,Under Hearing,84.3,1,28.8,Full,13.5,32.1,1
91b0aa40,Odisha,Cuttack,Railway,11.79,661,230,10.4,2,Filed,34.1,2,18.2,Partial,76.9,44.2,1
1276704b,Karnataka,Hubballi,Railway,25.76,24,45,52.6,1,Filed,27.9,2,8.5,Not Started,27.1,66.8,0
32724d7b,Rajasthan,Udaipur,Urban Development,14.71,33,690,43.1,1,Under Hearing,44.6,5,40.7,Not Started,92.3,14.6,1
48f50ba9,Rajasthan,Jaipur,Power Transmission,7.38,465,388,54.0,1,Stay Order,14.5,2,43.3,Full,10.9,48.1,1
e1ee46c3,Maharashtra,Thane,Railway,2.77,425,1177,39.4,1,Under Hearing,7.1,3,19.9,Not Started,49.4,17.4,1
f2b3d174,West Bengal,Siliguri,Irrigation,5.87,9,331,66.3,2,Under Hearing,10.9,3,21.0,Not Started,29.4,37.5,1
2b25d5b0,Tamil Nadu,Coimbatore,Irrigation,10.58,76,704,63.1,1,Under Hearing,39.5,3,51.2,Partial,40.3,15.3,1
c22e6d21,Odisha,Cuttack,Highway,19.34,54,120,96.8,0,None,16.1,1,22.4,Full,44.2,8.9,1
52913163,Bihar,Patna,Highway,16.59,84,183,34.1,0,None,17.5,3,8.8,Full,67.9,34.0,1
692b586d,Uttar Pradesh,Lucknow,Irrigation,5.32,349,1166,57.2,1,Under Hearing,48.2,1,14.9,Not Started,46.2,46.2,1
42466ebd,West Bengal,Kolkata,Power Transmission,4.99,75,1352,21.7,0,None,5.1,1,5.5,Not Started,48.5,35.5,1
7a6a0663,Odisha,Cuttack,Irrigation,7.85,35,1451,82.0,0,None,20.4,4,38.6,Full,86.9,31.1,0
dcf9f365,Gujarat,Ahmedabad,Industrial Corridor,30.03,6,1037,37.2,1,Under Hearing,61.2,2,31.6,Not Started,79.6,31.7,1
78ecf865,Maharashtra,Pune,Railway,7.51,138,104,36.6,0,None,34.5,3,8.4,Not Started,39.3,56.5,1
0c27e9e6,Bihar,Bhagalpur,Industrial Corridor,40.12,27,1350,79.8,0,None,68.5,3,32.8,Partial,29.9,53.1,1
3f0d8026,Tamil Nadu,Chennai,Highway,4.48,5,501,31.1,1,Under Hearing,89.2,3,28.3,Partial,29.8,68.2,0
244e2f6d,Maharashtra,Thane,Power Transmission,21.14,26,746,33.6,2,Under Hearing,70.3,2,19.5,Partial,34.0,37.0,1
c49876fa,Madhya Pradesh,Indore,Irrigation,17.72,29,354,86.7,0,None,20.6,3,4.1,Partial,90.7,38.8,0
f0393fb6,Bihar,Muzaffarpur,Railway,20.64,36,1497,21.9,1,Resolved,2.2,4,37.7,Full,81.9,45.7,0
4f70528b,Uttar Pradesh,Lucknow,Highway,2.29,142,1489,40.7,1,Resolved,88.7,1,77.4,Full,28.4,52.6,0
48eb296a,Uttar Pradesh,Agra,Urban Development,7.43,9,122,78.2,1,Stay Order,85.7,0,3.1,Partial,49.4,37.7,1
86b9cc3d,Tamil Nadu,Madurai,Urban Development,15.92,108,594,19.4,1,Under Hearing,50.7,6,82.5,Full,47.1,45.1,1
0f6b52bb,West Bengal,Howrah,Industrial Corridor,4.97,232,901,72.7,0,None,31.3,5,14.9,Partial,21.4,26.8,1
3e82ab24,Maharashtra,Pune,Railway,34.02,20,38,19.6,0,None,47.0,3,24.0,Full,29.9,23.1,1
72c6f5a6,Gujarat,Rajkot,Irrigation,7.25,10,164,91.3,1,Filed,63.8,2,7.7,Not Started,43.1,45.1,0
3ab7707c,Uttar Pradesh,Kanpur,Highway,301.3,137,169,77.9,4,Filed,60.7,4,44.2,Full,16.3,57.3,1
44724f6f,Rajasthan,Kota,Industrial Corridor,36.16,280,57,43.8,1,Under Hearing,50.0,1,21.9,Partial,69.5,50.0,1
8ea4d385,Uttar Pradesh,Agra,Power Transmission,20.94,92,390,43.5,1,Resolved,48.7,0,24.8,Partial,19.8,24.6,1
06f1c33b,Uttar Pradesh,Kanpur,Railway,1.95,8,661,23.2,0,None,54.6,1,14.5,Full,43.7,55.1,0
b824e7bd,Rajasthan,Jodhpur,Urban Development,7.53,162,1206,58.6,0,None,32.1,5,59.0,Full,75.4,40.3,1
28885c47,Tamil Nadu,Chennai,Highway,34.93,274,863,28.9,2,Under Hearing,27.5,1,88.5,Not Started,79.8,13.6,1
ec7933f2,West Bengal,Howrah,Highway,15.0,443,1070,43.3,1,Filed,84.8,3,5.9,Partial,86.9,25.7,0
3c54bc20,Tamil Nadu,Salem,Power Transmission,92.8,207,1310,73.6,1,Resolved,65.5,0,12.2,Not Started,31.6,59.0,1
75854597,Rajasthan,Jaipur,Highway,5.22,57,122,56.0,1,Resolved,49.9,1,13.7,Full,68.6,66.6,0
a8800340,Madhya Pradesh,Bhopal,Highway,7.69,161,1296,83.6,2,Resolved,75.3,2,6.5,Partial,41.2,39.0,1
1d631d48,West Bengal,Durgapur,Power Transmission,15.1,108,1114,92.9,1,Under Hearing,60.7,4,28.4,Not Started,66.8,28.7,1
29dffebd,Uttar Pradesh,Meerut,Urban Development,11.63,2,357,33.4,1,Under Hearing,20.3,4,78.9,Full,43.1,37.3,1
82c669eb,Rajasthan,Kota,Highway,49.01,25,678,84.9,2,Filed,73.8,2,21.8,Not Started,57.4,49.9,1
60d4e272,Tamil Nadu,Salem,Highway,5.7,96,1487,67.9,0,None,67.3,1,8.6,Not Started,79.7,37.2,0
897036d7,Tamil Nadu,Salem,Power Transmission,4.31,14,340,36.7,0,None,33.3,3,47.2,Partial,75.3,11.1,1
ec57e927,West Bengal,Siliguri,Irrigation,6.8,9,445,69.6,3,Under Hearing,82.2,3,84.5,Partial,32.7,19.7,1
57598635,West Bengal,Kolkata,Highway,8.53,200,987,16.7,2,Filed,40.8,1,13.4,Partial,74.4,6.7,0
2fe0624c,Bihar,Bhagalpur,Irrigation,35.58,63,45,51.6,0,None,45.9,2,24.5,Full,43.1,20.6,0
6060a408,Tamil Nadu,Salem,Irrigation,6.13,180,1008,33.3,0,None,42.9,3,76.4,Partial,42.2,66.0,1
4940b22e,Maharashtra,Pune,Irrigation,36.91,54,1436,67.7,1,Filed,25.4,1,30.6,Full,62.1,5.0,1
49b201fe,Madhya Pradesh,Indore,Industrial Corridor,5.89,116,1498,99.3,3,Resolved,19.3,2,42.0,Full,9.4,51.9,1
b138d9c3,Uttar Pradesh,Meerut,Power Transmission,10.19,124,1211,70.1,1,Under Hearing,49.5,4,70.1,Partial,53.1,40.7,1
38b8fbfa,Tamil Nadu,Coimbatore,Irrigation,39.32,92,1167,69.0,0,None,32.1,1,60.8,Partial,34.1,44.4,1
ad549ea7,Madhya Pradesh,Gwalior,Highway,8.87,36,118,76.2,0,None,57.6,2,42.3,Not Started,42.9,40.0,0
e399176b,Karnataka,Bengaluru,Power Transmission,11.65,92,1466,37.8,0,None,52.9,4,33.0,Not Started,33.6,32.7,0
3afff436,Uttar Pradesh,Varanasi,Railway,4.65,151,850,75.8,0,None,20.9,0,20.1,Partial,54.4,18.7,1
3ec23872,Odisha,Cuttack,Urban Development,2.13,6,873,48.6,1,Filed,38.5,2,26.3,Full,35.2,18.3,0
76befc68,Bihar,Patna,Power Transmission,3.33,53,207,83.0,1,Stay Order,45.4,2,35.7,Not Started,72.4,39.4,1
91a8c446,Gujarat,Surat,Irrigation,6.65,114,355,65.3,0,None,18.2,3,21.8,Partial,51.7,43.7,1
f6b8fd77,Bihar,Muzaffarpur,Power Transmission,50.15,695,1458,53.1,0,None,85.3,3,1.8,Full,32.4,5.0,0
8b526711,Rajasthan,Udaipur,Power Transmission,2.26,45,208,63.0,0,None,21.8,2,55.6,Not Started,55.1,5.0,0
93c923a2,Odisha,Cuttack,Industrial Corridor,8.74,8,572,63.2,1,Filed,21.2,2,57.4,Full,77.2,27.7,0
72baea1f,Uttar Pradesh,Kanpur,Railway,1.57,42,1291,79.4,0,None,28.9,0,22.5,Not Started,49.9,31.5,1
597ab348,Karnataka,Hubballi,Irrigation,4.14,123,143,61.8,1,Stay Order,22.2,3,30.1,Not Started,93.5,5.0,1
48c2f696,Gujarat,Ahmedabad,Railway,5.14,36,1318,53.3,0,None,62.6,2,29.2,Partial,48.5,50.3,1
62d2dc22,Rajasthan,Udaipur,Industrial Corridor,36.47,39,1454,52.5,3,Under Hearing,34.0,2,69.9,Not Started,28.2,57.9,1
5d7cc997,Bihar,Gaya,Urban Development,15.83,19,76,45.6,1,Stay Order,61.3,3,47.6,Full,82.1,34.2,1
384627e1,Karnataka,Belagavi,Irrigation,8.52,25,747,65.4,1,Under Hearing,60.2,2,14.6,Partial,39.5,35.0,1
8ccf9e94,Tamil Nadu,Chennai,Railway,5.68,84,659,24.3,0,None,47.9,1,74.3,Partial,63.9,55.1,0
e8079a60,Karnataka,Hubballi,Irrigation,4.55,71,1041,24.2,0,None,83.1,2,26.3,Partial,57.5,31.8,0
70c9bb6d,Gujarat,Vadodara,Highway,10.76,68,1416,72.9,0,None,65.2,1,24.0,Partial,40.7,30.2,0
2009940e,Karnataka,Mysuru,Industrial Corridor,23.26,48,937,43.5,3,Stay Order,29.6,3,49.6,Not Started,37.9,30.9,1
69319d9d,Madhya Pradesh,Bhopal,Irrigation,13.21,295,1345,76.2,0,None,16.0,1,46.8,Not Started,37.2,38.2,1
aedded13,Karnataka,Mysuru,Urban Development,4.48,204,1062,46.9,1,Filed,71.5,2,28.6,Not Started,57.9,35.5,0
e7816c7b,Uttar Pradesh,Meerut,Highway,2.5,54,1296,74.8,0,None,84.8,6,0.5,Partial,68.4,36.5,0
998153e6,Bihar,Muzaffarpur,Urban Development,21.58,7,59,47.8,0,None,57.1,2,59.5,Not Started,16.8,30.0,0
26cd7896,Karnataka,Mysuru,Irrigation,21.09,64,313,34.5,0,None,14.7,2,42.9,Partial,74.4,39.5,1
9de6433d,Uttar Pradesh,Kanpur,Urban Development,1.28,9,1338,39.0,0,None,84.1,2,36.5,Partial,44.4,25.8,0
19efb239,Gujarat,Surat,Railway,16.64,18,1389,26.2,0,None,32.9,2,27.1,Partial,52.1,39.7,1
14d68bfa,Madhya Pradesh,Gwalior,Railway,4.84,28,670,75.5,0,None,59.0,5,54.2,Partial,58.3,49.5,1
4e5c8c31,Uttar Pradesh,Lucknow,Industrial Corridor,26.13,185,965,33.6,1,Under Hearing,54.9,0,71.2,Partial,16.7,27.0,1
a28cfd85,Madhya Pradesh,Indore,Irrigation,8.92,167,644,27.6,0,None,49.9,5,33.2,Not Started,35.5,34.4,0
f1687c47,Rajasthan,Kota,Irrigation,12.62,45,898,13.4,1,Filed,60.8,4,11.1,Partial,89.9,49.0,1
6123b9d0,West Bengal,Siliguri,Irrigation,73.15,57,928,56.4,1,Resolved,18.6,0,21.8,Not Started,33.3,33.2,0
f18a8234,Bihar,Patna,Railway,8.03,46,1451,27.7,1,Filed,52.7,0,62.4,Full,62.8,17.4,0
8e4ca207,Madhya Pradesh,Jabalpur,Urban Development,10.1,233,85,44.8,2,Filed,93.9,3,9.6,Not Started,60.6,28.2,1
5d2383e8,Madhya Pradesh,Jabalpur,Highway,10.98,47,932,78.8,2,Under Hearing,39.0,2,16.8,Not Started,48.5,50.9,1
f6cc7b0a,Gujarat,Vadodara,Railway,37.62,93,343,28.7,2,Stay Order,79.6,6,24.6,Full,62.5,21.6,1
404aaca6,Rajasthan,Jodhpur,Highway,1.2,95,1087,28.6,4,Stay Order,68.2,2,4.8,Not Started,62.3,25.0,1
02658e3d,Odisha,Cuttack,Highway,15.03,34,1032,38.7,1,Filed,47.6,2,10.7,Full,66.3,36.4,1
ef0c6bc9,Odisha,Rourkela,Urban Development,2.89,144,130,85.6,2,Resolved,3.2,2,6.7,Partial,27.8,24.8,1
4b3cad26,Bihar,Gaya,Highway,1.83,24,436,52.6,1,Under Hearing,16.1,2,22.9,Full,82.8,21.4,0
4ff81d60,Uttar Pradesh,Varanasi,Railway,9.66,63,522,55.8,0,None,54.3,1,21.3,Full,82.8,17.0,0
4306084d,Rajasthan,Udaipur,Urban Development,3.96,4,435,91.6,1,Resolved,23.2,1,53.2,Full,59.7,44.0,0
729db9c5,Tamil Nadu,Madurai,Highway,33.72,125,1281,39.1,1,Stay Order,24.8,1,16.9,Not Started,86.6,45.6,1
5e30b2de,Odisha,Bhubaneswar,Irrigation,25.81,441,1115,51.0,2,Filed,41.9,2,15.3,Full,89.3,21.5,0
c503d9d2,Maharashtra,Thane,Highway,115.66,126,265,68.3,1,Filed,35.5,1,33.9,Partial,86.7,34.9,0
cb94b056,Tamil Nadu,Chennai,Industrial Corridor,11.39,605,1104,48.2,2,Under Hearing,76.6,2,62.8,Full,37.2,12.8,0
9fc5bd8f,West Bengal,Howrah,Industrial Corridor,8.63,18,353,3.4,0,None,43.2,4,29.1,Full,35.5,5.1,0
45666b4c,Bihar,Gaya,Power Transmission,3.36,106,944,72.4,2,Under Hearing,70.4,4,69.2,Full,64.1,33.7,0
b3e0ca5b,Maharashtra,Pune,Highway,6.23,41,832,38.7,0,None,10.0,4,17.8,Partial,44.7,49.7,1
03e56e6d,Gujarat,Surat,Irrigation,14.44,57,338,41.7,0,None,56.7,4,36.0,Not Started,83.4,30.6,0
2a29f0fa,West Bengal,Kolkata,Industrial Corridor,12.46,95,255,82.7,0,None,17.1,3,11.8,Partial,48.8,27.6,1
a9a89ac2,Gujarat,Ahmedabad,Urban Development,16.75,69,79,90.2,0,None,44.2,5,33.6,Full,37.6,29.8,1
d685442f,Rajasthan,Jaipur,Railway,62.44,59,428,49.0,1,Filed,68.0,2,27.4,Full,85.5,45.1,0
8a387547,Odisha,Cuttack,Power Transmission,18.79,337,966,94.2,1,Under Hearing,50.3,3,26.9,Full,21.2,47.0,1
a9125c0a,Karnataka,Mysuru,Highway,1.57,65,1227,80.9,0,None,59.7,6,22.7,Partial,89.6,27.6,0
001d7256,Rajasthan,Udaipur,Railway,2.67,89,1324,48.7,0,None,36.6,3,18.4,Partial,44.1,44.5,1
5b21937a,Maharashtra,Aurangabad,Urban Development,9.86,52,1436,18.3,0,None,22.1,0,17.7,Not Started,37.6,13.8,0
fa328e14,Uttar Pradesh,Kanpur,Industrial Corridor,2.56,34,625,35.3,1,Resolved,22.1,1,6.5,Full,90.7,62.7,1
c88e3795,West Bengal,Siliguri,Highway,20.36,345,486,41.8,1,Stay Order,29.8,1,21.3,Not Started,85.3,32.5,1
779b610c,Rajasthan,Jaipur,Industrial Corridor,19.69,14,147,84.7,1,Stay Order,72.0,2,50.9,Partial,71.4,42.7,1
63d300b4,Madhya Pradesh,Bhopal,Irrigation,35.82,329,622,75.7,0,None,49.0,2,62.2,Not Started,77.8,52.8,0
bf8276d3,Tamil Nadu,Chennai,Power Transmission,39.97,264,526,76.1,0,None,15.9,1,62.8,Full,48.4,14.3,1
7dffba8a,Rajasthan,Udaipur,Highway,2.72,482,452,64.0,2,Under Hearing,60.9,2,21.2,Full,46.5,37.3,1
7c028cfc,Odisha,Bhubaneswar,Power Transmission,63.27,23,1488,59.9,2,Under Hearing,7.9,3,20.4,Partial,33.6,41.2,1
8b6b0b74,Odisha,Rourkela,Industrial Corridor,6.25,53,623,32.1,1,Filed,74.3,6,74.6,Partial,24.7,15.2,1
81267deb,Maharashtra,Pune,Urban Development,6.39,4,277,51.6,2,Stay Order,33.6,4,25.2,Not Started,62.5,30.4,1
97c17b2d,Karnataka,Hubballi,Railway,0.47,50,1180,53.8,2,Filed,51.5,1,47.8,Partial,87.9,26.5,1
1ab92ab8,Madhya Pradesh,Gwalior,Power Transmission,9.88,1002,79,25.5,3,Under Hearing,52.6,0,49.0,Not Started,74.1,42.3,1
0f7e3d46,Uttar Pradesh,Kanpur,Urban Development,35.16,230,943,69.4,1,Filed,47.1,1,18.5,Partial,1.6,35.1,1
459333c8,Odisha,Bhubaneswar,Railway,13.15,63,118,81.2,0,None,34.3,2,34.9,Partial,89.4,24.4,0
504b9707,Bihar,Bhagalpur,Urban Development,57.94,36,448,10.6,0,None,53.6,2,24.5,Full,82.5,43.9,1
fa77fa0e,West Bengal,Howrah,Industrial Corridor,12.04,43,257,79.3,0,None,56.3,4,22.5,Partial,28.7,35.6,0
0cc01ed0,West Bengal,Howrah,Industrial Corridor,33.5,17,390,90.5,1,Filed,72.3,0,22.6,Full,43.8,24.2,1
e8877343,West Bengal,Kolkata,Highway,10.07,55,380,25.6,1,Filed,62.1,2,34.9,Full,66.0,19.0,1
cb5734f7,Tamil Nadu,Salem,Highway,14.98,34,311,58.9,0,None,17.0,1,25.3,Full,52.6,49.6,0
b604e2ae,Madhya Pradesh,Gwalior,Urban Development,4.67,23,1468,62.1,1,Stay Order,44.3,0,33.7,Full,73.3,5.0,1
49b533b1,Karnataka,Hubballi,Power Transmission,138.22,41,1089,86.4,1,Filed,49.8,4,30.1,Not Started,77.0,26.3,1
064dfa40,Uttar Pradesh,Lucknow,Railway,5.74,134,285,57.5,0,None,6.5,2,21.7,Partial,81.7,47.1,0
b98ec920,Rajasthan,Kota,Railway,6.39,31,1257,56.0,0,None,74.6,2,15.6,Not Started,76.8,43.9,1
42e0312d,Tamil Nadu,Chennai,Urban Development,9.38,24,1305,66.9,0,None,39.2,3,47.6,Partial,71.1,22.1,1
f862377b,Karnataka,Hubballi,Irrigation,4.79,92,1234,72.8,1,Stay Order,68.2,1,23.7,Partial,88.1,24.5,1
b4a133ad,West Bengal,Durgapur,Railway,29.94,83,223,56.4,3,Filed,35.0,2,7.1,Partial,51.6,35.1,0
b173b712,Odisha,Cuttack,Industrial Corridor,49.05,81,453,74.2,3,Filed,41.0,2,23.8,Full,72.7,67.2,1
adfc2205,Odisha,Cuttack,Industrial Corridor,9.47,8,986,73.3,0,None,15.9,2,31.6,Full,15.8,34.2,1
f724f80f,Uttar Pradesh,Meerut,Railway,11.8,54,235,97.2,0,None,35.3,2,69.6,Partial,58.7,20.7,1
93cdafd2,Odisha,Bhubaneswar,Urban Development,5.35,564,1136,6.6,2,Stay Order,20.4,3,15.6,Not Started,44.3,13.1,1
2221f723,Karnataka,Bengaluru,Industrial Corridor,11.83,226,1219,80.1,0,None,47.1,3,18.0,Partial,74.3,25.8,1
28187566,Bihar,Bhagalpur,Railway,20.26,26,1354,54.4,1,Filed,81.5,2,25.7,Partial,83.0,26.6,1
45eff166,Gujarat,Rajkot,Urban Development,25.39,161,777,13.5,1,Resolved,41.1,6,13.2,Full,66.7,19.0,0
71fb80af,Karnataka,Mysuru,Industrial Corridor,12.34,184,1044,47.9,2,Filed,31.8,1,18.0,Not Started,44.0,37.1,1
cd58ee04,Gujarat,Ahmedabad,Power Transmission,35.95,169,1137,33.9,0,None,43.0,2,29.9,Not Started,59.8,34.3,1
7fd296ad,Gujarat,Vadodara,Urban Development,12.35,18,1172,38.3,1,Under Hearing,11.9,1,12.7,Partial,48.4,34.8,0
9affef9c,Tamil Nadu,Salem,Urban Development,6.49,151,145,22.3,0,None,71.0,0,3.2,Not Started,83.4,29.7,1
3a1836b2,Tamil Nadu,Coimbatore,Urban Development,9.21,152,503,61.1,1,Under Hearing,48.5,2,21.5,Full,71.4,43.0,1
9a84bc66,Bihar,Muzaffarpur,Power Transmission,112.65,62,248,55.4,0,None,77.4,2,58.7,Partial,82.6,31.8,1
d03de484,Maharashtra,Nashik,Industrial Corridor,14.89,87,719,66.0,1,Under Hearing,14.5,4,23.7,Partial,23.9,40.1,1
b542a255,Maharashtra,Aurangabad,Industrial Corridor,6.86,32,609,68.5,0,None,48.9,4,53.7,Partial,67.3,58.5,0
42b42821,Bihar,Muzaffarpur,Irrigation,7.93,33,1341,73.6,0,None,58.2,3,13.6,Partial,99.0,27.7,1
e53062aa,Odisha,Cuttack,Highway,11.82,34,898,39.8,2,Resolved,23.7,2,18.1,Partial,49.4,35.5,1
af3da904,Tamil Nadu,Madurai,Irrigation,11.26,73,314,74.9,0,None,33.4,2,39.3,Partial,54.6,59.7,0
319dc7dd,West Bengal,Howrah,Irrigation,23.67,172,594,41.3,0,None,50.0,3,1.5,Partial,27.1,38.6,1
2e017121,Maharashtra,Pune,Highway,44.13,76,37,43.1,0,None,46.4,0,21.4,Not Started,66.5,51.1,0
fdce3d1e,Rajasthan,Udaipur,Industrial Corridor,4.32,17,1474,69.7,0,None,71.8,4,39.7,Full,54.3,36.9,1
a0250905,Odisha,Bhubaneswar,Irrigation,18.5,177,478,25.9,0,None,37.7,1,5.5,Partial,9.9,37.8,0
419e7822,Maharashtra,Pune,Power Transmission,26.21,108,924,37.2,1,Stay Order,77.8,3,37.8,Partial,70.6,29.1,1
7d538ac8,Rajasthan,Jaipur,Industrial Corridor,145.56,123,319,81.0,1,Resolved,64.7,4,33.7,Partial,51.7,9.7,0
711b5974,Gujarat,Vadodara,Urban Development,40.26,91,624,53.2,0,None,68.0,3,42.4,Not Started,10.6,40.2,0
b6132b49,Odisha,Cuttack,Irrigation,9.56,148,1463,47.5,0,None,31.0,0,32.9,Full,89.0,49.3,0
cb979342,Uttar Pradesh,Kanpur,Urban Development,3.47,41,204,70.5,0,None,18.8,3,25.4,Not Started,45.7,51.1,1
e9cceb0b,Uttar Pradesh,Varanasi,Industrial Corridor,5.05,194,1056,71.9,0,None,39.6,2,43.7,Partial,49.1,27.0,1
3ad594f8,Tamil Nadu,Coimbatore,Railway,9.57,39,712,26.0,0,None,67.6,1,44.0,Partial,79.1,27.5,0
a386b264,Gujarat,Surat,Urban Development,15.52,22,1035,75.0,0,None,53.0,4,71.8,Partial,92.9,27.7,0
1ac3fa88,Madhya Pradesh,Indore,Railway,1.85,47,850,71.4,0,None,34.4,4,36.0,Partial,50.3,40.2,1
e1434271,Rajasthan,Udaipur,Highway,7.75,80,477,32.2,0,None,87.0,3,19.1,Partial,76.0,17.7,0
cd52ac45,Bihar,Gaya,Railway,46.75,38,267,23.4,0,None,84.4,3,17.9,Not Started,3.5,20.4,0
f1267035,Madhya Pradesh,Gwalior,Urban Development,4.87,59,278,84.7,1,Resolved,49.2,0,51.6,Not Started,57.7,16.1,0
b126677e,Madhya Pradesh,Gwalior,Urban Development,19.63,20,782,79.3,1,Filed,72.5,4,8.1,Not Started,37.0,48.9,1
9e6ed332,Madhya Pradesh,Jabalpur,Railway,0.81,121,249,43.6,0,None,10.3,5,4.6,Full,40.9,66.4,0
77822708,Odisha,Bhubaneswar,Irrigation,32.0,161,479,85.8,1,Stay Order,19.6,3,37.6,Partial,77.9,29.5,1
5e8ac00a,Tamil Nadu,Madurai,Power Transmission,4.86,344,77,50.3,0,None,14.3,2,13.6,Not Started,89.9,35.4,1
738417d2,Madhya Pradesh,Jabalpur,Highway,11.2,512,606,95.1,2,Under Hearing,54.0,2,9.9,Full,45.9,33.3,1
b7c15c0b,West Bengal,Kolkata,Power Transmission,6.93,14,1379,59.7,0,None,12.1,7,99.8,Partial,63.7,34.7,1
ed29fca1,Maharashtra,Aurangabad,Power Transmission,9.28,7,1227,22.2,0,None,53.3,2,35.1,Partial,28.7,19.5,1
7996d18c,Gujarat,Vadodara,Urban Development,4.15,243,952,52.1,0,None,65.6,2,9.0,Full,47.0,5.0,0
810cfea2,Karnataka,Belagavi,Irrigation,6.23,31,1120,59.1,1,Filed,64.5,1,23.3,Partial,49.0,10.5,1
b2d1e766,Karnataka,Bengaluru,Railway,19.02,165,1477,34.5,1,Stay Order,34.6,1,10.1,Not Started,30.4,15.5,1
1781f7c2,Madhya Pradesh,Indore,Urban Development,14.35,24,450,70.8,1,Under Hearing,29.7,3,93.8,Partial,59.9,33.9,1
14ada51c,West Bengal,Siliguri,Highway,8.2,6,1188,44.3,0,None,79.9,5,19.0,Not Started,78.7,56.3,0
5e31d857,Rajasthan,Kota,Power Transmission,6.26,36,835,56.2,0,None,42.4,2,31.5,Full,23.6,45.2,0
0c4c7131,Odisha,Cuttack,Urban Development,24.36,250,873,67.5,1,Resolved,32.8,4,167.4,Full,52.2,28.1,0
6e91fe10,Uttar Pradesh,Varanasi,Urban Development,4.34,77,400,54.9,1,Stay Order,9.5,3,16.4,Full,51.6,34.0,1
a95323a5,Rajasthan,Jaipur,Power Transmission,6.74,132,317,86.4,2,Under Hearing,41.1,4,8.1,Partial,77.5,18.6,1
4ca3f214,Karnataka,Bengaluru,Industrial Corridor,2.24,287,281,55.3,0,None,26.1,2,108.2,Not Started,3.6,26.6,1
c583c134,Maharashtra,Aurangabad,Industrial Corridor,47.64,5,1057,76.0,0,None,68.5,6,40.1,Partial,52.1,18.3,0
87edc5c1,Maharashtra,Thane,Irrigation,14.38,29,98,63.7,0,None,74.8,4,18.5,Partial,60.8,24.6,1
fd3afda2,Bihar,Muzaffarpur,Urban Development,4.07,312,553,95.4,0,None,60.9,1,38.6,Not Started,38.7,43.0,1
3e716d17,Uttar Pradesh,Meerut,Irrigation,26.27,230,1444,60.3,0,None,39.3,3,28.3,Full,92.0,27.6,0
368ab4e8,Gujarat,Rajkot,Power Transmission,9.55,25,553,43.8,2,Under Hearing,60.6,1,3.4,Partial,29.3,42.4,0
5eaf9fe9,Tamil Nadu,Coimbatore,Highway,6.87,72,1486,35.7,0,None,30.0,1,20.3,Partial,79.5,21.6,1
d392e7f9,Uttar Pradesh,Kanpur,Highway,46.06,28,778,54.9,2,Filed,41.6,2,43.1,Not Started,66.7,44.9,1
9959b88a,Maharashtra,Nagpur,Irrigation,27.01,390,1430,57.3,0,None,44.4,2,40.7,Full,58.9,18.9,1
56f77107,Rajasthan,Udaipur,Industrial Corridor,6.38,117,1438,65.3,1,Resolved,69.4,4,36.3,Full,53.8,32.4,0
b904bb32,Maharashtra,Aurangabad,Industrial Corridor,26.32,260,707,18.5,0,None,84.8,1,8.0,Not Started,78.5,30.7,1
9a7ccacf,Madhya Pradesh,Jabalpur,Irrigation,27.42,201,862,53.7,1,Filed,62.6,2,55.9,Partial,59.0,27.3,1
5b5a265c,Tamil Nadu,Madurai,Railway,29.62,115,391,63.1,2,Filed,66.7,1,38.2,Partial,54.3,27.1,1
0096c30f,West Bengal,Kolkata,Highway,17.43,13,490,67.2,1,Resolved,18.9,2,7.2,Partial,74.7,14.5,1
c0ecc76d,Madhya Pradesh,Indore,Railway,28.88,35,638,27.6,0,None,91.6,5,34.3,Partial,80.3,16.7,0
8e4dbfe1,Karnataka,Hubballi,Irrigation,12.46,94,455,32.5,0,None,39.8,3,12.9,Partial,40.9,39.1,1
6162043b,Gujarat,Rajkot,Irrigation,26.22,51,180,58.6,0,None,30.5,3,46.6,Partial,42.5,63.7,0
67280b59,Uttar Pradesh,Kanpur,Urban Development,16.3,50,1060,59.3,0,None,51.4,0,3.6,Partial,92.8,35.4,1
b932e1db,Odisha,Rourkela,Urban Development,39.96,19,220,33.0,1,Under Hearing,2.6,0,15.4,Partial,55.8,32.0,1
99d1a4d5,Rajasthan,Jaipur,Urban Development,4.04,50,147,55.3,0,None,73.1,4,11.4,Full,81.8,29.7,0
5474e61b,Odisha,Bhubaneswar,Urban Development,27.32,31,969,64.1,0,None,63.1,3,6.9,Not Started,43.1,22.4,0
e2b6aa75,Maharashtra,Nashik,Industrial Corridor,21.7,12,1123,38.4,0,None,36.2,1,27.2,Full,83.9,62.1,1
e282cdd9,Rajasthan,Udaipur,Highway,17.5,15,1486,63.6,0,None,13.6,5,36.6,Full,69.7,53.7,0
819d28c9,Gujarat,Rajkot,Irrigation,4.78,96,1214,58.3,0,None,25.5,1,21.6,Partial,63.1,19.7,1
d46977e5,Gujarat,Ahmedabad,Irrigation,12.93,160,587,77.7,1,Under Hearing,31.1,1,8.7,Partial,24.3,25.8,1
6354e18c,Odisha,Bhubaneswar,Power Transmission,10.12,29,94,40.7,0,None,27.0,4,55.5,Partial,52.4,39.7,1
3b77bf5e,Madhya Pradesh,Bhopal,Urban Development,20.31,23,1308,90.4,0,None,57.3,3,24.8,Partial,42.5,54.5,0
609ad565,Uttar Pradesh,Lucknow,Industrial Corridor,4.64,31,1204,60.8,0,None,41.5,5,44.4,Full,77.7,27.3,0
4ac482ae,Tamil Nadu,Madurai,Industrial Corridor,4.77,68,407,27.5,0,None,54.0,6,9.0,Not Started,86.7,11.8,0
2a0672d6,Madhya Pradesh,Jabalpur,Highway,17.77,43,1242,31.0,0,None,68.2,4,45.4,Not Started,7.2,34.5,1
06ba806f,Rajasthan,Udaipur,Urban Development,1.61,36,795,68.7,0,None,66.0,1,29.9,Full,27.8,49.1,1
54cf9c59,Gujarat,Ahmedabad,Industrial Corridor,13.39,12,1126,40.5,0,None,29.1,2,11.0,Not Started,57.9,21.1,1
a162fb43,Bihar,Gaya,Urban Development,46.83,598,1111,42.7,0,None,46.2,1,14.5,Not Started,54.9,10.6,1
d6e1f92d,Tamil Nadu,Chennai,Urban Development,25.46,58,1040,21.5,1,Stay Order,18.2,2,30.0,Not Started,80.8,14.4,1
180e26e2,Gujarat,Rajkot,Railway,19.81,79,1133,66.1,1,Under Hearing,3.5,3,14.5,Partial,37.8,35.3,1
3f72982e,Madhya Pradesh,Bhopal,Urban Development,11.72,25,53,26.5,2,Resolved,50.6,0,19.1,Full,73.2,44.6,1
f0da5a64,Odisha,Bhubaneswar,Industrial Corridor,17.07,20,730,56.4,0,None,50.0,4,59.9,Full,91.0,10.3,0
bcf59081,Bihar,Patna,Railway,7.67,13,371,79.5,1,Resolved,24.2,2,2.9,Partial,39.6,50.4,0
899c8131,Gujarat,Vadodara,Urban Development,18.18,46,813,69.0,1,Under Hearing,49.9,4,31.3,Partial,36.5,48.7,1
5389d307,West Bengal,Howrah,Power Transmission,12.19,110,850,82.0,1,Under Hearing,48.8,2,18.4,Partial,39.4,5.0,1
dd20d443,Tamil Nadu,Chennai,Industrial Corridor,15.05,191,106,55.3,1,Filed,36.6,3,75.0,Partial,11.4,46.0,1
3cf85827,Odisha,Rourkela,Urban Development,56.33,52,271,33.4,0,None,53.2,1,17.1,Partial,67.0,40.4,1
37d8d9d2,West Bengal,Durgapur,Irrigation,27.35,248,870,68.5,1,Under Hearing,48.7,5,6.6,Partial,70.6,29.9,1
3b14e13d,Karnataka,Belagavi,Railway,8.57,153,413,17.6,1,Filed,52.7,4,5.6,Partial,71.7,36.9,1
84fb7dbb,Karnataka,Mysuru,Industrial Corridor,25.0,798,514,38.5,0,None,32.9,6,8.8,Partial,74.6,31.6,1
bbbedb66,West Bengal,Siliguri,Power Transmission,0.73,13,1209,51.1,1,Filed,10.0,1,3.2,Partial,71.6,29.2,1
efb1c5c4,Rajasthan,Jodhpur,Industrial Corridor,8.47,202,372,35.4,0,None,79.9,2,36.4,Full,82.9,25.2,0
d35349c3,West Bengal,Durgapur,Irrigation,36.04,94,580,61.2,1,Resolved,28.7,1,2.5,Full,14.8,51.6,0
8afd2b36,Karnataka,Bengaluru,Industrial Corridor,17.66,19,404,54.5,1,Filed,77.6,3,36.3,Full,85.6,26.0,0
33fbb085,Bihar,Muzaffarpur,Urban Development,52.02,65,1146,61.3,1,Filed,33.3,3,10.7,Partial,79.4,20.7,1
e98c3e62,Odisha,Bhubaneswar,Industrial Corridor,1.19,17,402,49.6,0,None,64.4,4,27.0,Partial,90.3,36.9,0
f7a5c83c,Gujarat,Vadodara,Irrigation,12.5,118,500,16.7,0,None,25.6,2,13.8,Full,48.5,44.6,0
7cf5fc42,Tamil Nadu,Chennai,Industrial Corridor,15.4,43,129,32.9,2,Stay Order,37.3,3,24.0,Not Started,44.1,49.2,1
7d6f24a9,Rajasthan,Jodhpur,Railway,12.11,21,909,62.5,0,None,67.8,0,35.2,Not Started,14.0,31.7,0
064f0f71,Gujarat,Vadodara,Industrial Corridor,6.48,39,348,93.5,0,None,15.6,1,45.1,Partial,8.0,40.1,0
05de0e1e,Tamil Nadu,Madurai,Power Transmission,2.17,14,373,30.9,0,None,46.7,2,7.5,Full,97.9,40.9,0
a44a75e4,Uttar Pradesh,Agra,Railway,10.31,81,1063,29.6,2,Under Hearing,51.4,0,16.0,Full,1.9,49.8,1
5ba8bbe1,Bihar,Muzaffarpur,Railway,18.92,122,128,37.6,0,None,22.9,1,39.8,Not Started,80.3,38.8,0
ccf74b09,West Bengal,Kolkata,Industrial Corridor,11.52,32,1499,9.0,0,None,52.9,5,24.6,Full,38.7,34.8,1
af997ca8,Uttar Pradesh,Meerut,Highway,17.85,142,586,60.6,1,Stay Order,66.0,2,13.9,Full,68.7,27.4,1
a6c6ecb3,West Bengal,Kolkata,Urban Development,3.27,102,890,35.7,0,None,68.2,3,25.3,Partial,39.1,11.8,0
ec1d2106,Tamil Nadu,Salem,Railway,35.17,25,72,81.4,0,None,68.9,2,52.9,Partial,94.8,34.0,0
a1a3b59d,Tamil Nadu,Coimbatore,Industrial Corridor,15.23,39,571,62.0,1,Filed,25.5,3,29.3,Full,66.6,24.2,0
37e2e17c,Odisha,Cuttack,Urban Development,3.22,252,123,41.7,0,None,35.2,1,31.8,Full,52.6,60.2,0
6a3671e6,Maharashtra,Nagpur,Power Transmission,21.21,22,95,14.2,0,None,35.1,4,60.3,Full,86.1,31.6,0
7d3cee59,Uttar Pradesh,Varanasi,Irrigation,11.11,243,566,76.0,0,None,52.8,2,23.3,Partial,75.5,5.0,0
7e0ede2f,Tamil Nadu,Madurai,Power Transmission,8.24,71,181,56.8,2,Filed,69.4,2,23.7,Full,23.2,54.5,0
d7f6ad3d,Tamil Nadu,Salem,Power Transmission,19.99,227,133,62.7,1,Resolved,51.4,5,33.2,Full,68.6,37.6,0
86863c65,Odisha,Cuttack,Irrigation,1.88,85,693,17.8,0,None,73.9,1,25.6,Full,44.7,43.2,1
68bab652,Odisha,Rourkela,Irrigation,7.38,9,660,41.7,2,Filed,16.7,0,32.4,Full,68.4,26.5,1
f463f2d6,Gujarat,Vadodara,Highway,15.67,83,1167,79.1,0,None,2.6,1,52.6,Full,35.3,54.7,1
efc67228,Odisha,Rourkela,Industrial Corridor,18.93,20,580,30.7,1,Filed,25.9,0,13.4,Not Started,69.1,43.3,1
49b0d2fa,Karnataka,Belagavi,Irrigation,3.39,83,395,96.6,0,None,27.6,2,35.1,Partial,37.6,62.5,0
18348c4a,Rajasthan,Kota,Urban Development,65.24,97,1188,62.7,2,Under Hearing,61.1,0,26.7,Not Started,75.7,75.2,1
3560f881,West Bengal,Howrah,Highway,5.52,79,1369,58.8,0,None,61.4,4,61.3,Partial,87.6,35.9,0
28ff059d,Odisha,Cuttack,Railway,2.02,19,1144,68.7,0,None,49.7,1,17.6,Not Started,17.8,57.1,0
80e33918,West Bengal,Siliguri,Highway,7.16,44,110,24.8,0,None,72.7,4,25.5,Full,60.2,24.7,1
deaeec71,Tamil Nadu,Coimbatore,Power Transmission,6.07,316,684,22.9,2,Filed,36.5,1,35.1,Full,27.5,31.2,1
0a34b352,West Bengal,Howrah,Power Transmission,12.66,4,1025,47.7,0,None,73.5,3,17.4,Partial,58.2,35.6,0
85066353,Tamil Nadu,Coimbatore,Irrigation,9.57,17,311,73.4,0,None,87.1,1,39.4,Partial,84.6,5.0,0
78f4d1dc,West Bengal,Kolkata,Highway,15.56,12,1053,61.7,1,Under Hearing,25.6,3,25.3,Not Started,68.4,38.2,1
fc9161fc,Odisha,Rourkela,Irrigation,8.54,56,1447,43.2,0,None,42.1,3,18.5,Full,53.5,11.2,0
b4ea9eaf,Karnataka,Bengaluru,Urban Development,14.52,47,207,46.3,1,Under Hearing,53.2,5,13.6,Not Started,36.6,64.0,1
23076dd4,Odisha,Bhubaneswar,Power Transmission,5.78,25,63,67.4,0,None,56.0,1,24.7,Partial,21.7,55.0,1
938c4fb6,Karnataka,Hubballi,Highway,62.11,63,875,39.0,2,Resolved,40.9,4,57.7,Full,47.7,24.4,0
6cb710ab,Gujarat,Surat,Highway,3.02,9,1442,91.7,0,None,53.3,2,10.6,Full,68.0,20.8,0
c6badac9,Gujarat,Ahmedabad,Highway,28.51,21,1263,30.8,0,None,20.2,6,15.0,Full,18.2,48.6,0
76940b9f,Karnataka,Mysuru,Railway,31.21,103,784,42.8,0,None,80.0,2,7.9,Full,57.3,42.4,0
1da691b7,Odisha,Cuttack,Industrial Corridor,14.21,38,363,11.6,2,Resolved,35.2,3,77.3,Partial,63.9,54.7,1
4748777d,Odisha,Rourkela,Highway,3.25,144,1339,22.4,2,Stay Order,61.7,2,22.9,Full,91.2,51.7,1
1844cd7d,Karnataka,Hubballi,Power Transmission,7.96,147,789,26.0,0,None,49.9,2,31.3,Partial,69.3,20.8,1
3b2b39f8,Bihar,Gaya,Railway,27.82,184,942,38.4,1,Filed,5.8,4,47.0,Full,89.7,33.9,1
9f576168,West Bengal,Siliguri,Highway,12.4,118,445,41.9,1,Under Hearing,79.9,4,59.0,Partial,80.4,47.0,1
fb03c429,Bihar,Bhagalpur,Railway,19.32,361,368,70.8,0,None,92.4,7,54.3,Partial,66.0,37.6,0
c3a09f02,Tamil Nadu,Coimbatore,Industrial Corridor,4.76,4,998,18.3,3,Filed,88.2,5,22.9,Full,76.1,33.8,1
079f46f9,Madhya Pradesh,Jabalpur,Industrial Corridor,15.31,163,1242,81.8,1,Filed,41.7,2,63.2,Partial,13.5,29.8,1
3681f83d,Maharashtra,Pune,Railway,5.08,4,39,33.8,0,None,49.0,0,59.9,Partial,33.0,31.5,1
dbe1f741,Bihar,Bhagalpur,Highway,5.51,355,183,36.0,0,None,47.0,2,0.5,Not Started,22.3,40.3,1
8d9a93e6,Odisha,Cuttack,Industrial Corridor,21.88,236,252,67.0,1,Stay Order,38.6,7,8.0,Full,56.5,18.0,1
19ce924e,Rajasthan,Jodhpur,Power Transmission,10.28,34,944,53.5,0,None,55.6,1,26.2,Partial,6.9,36.6,0
e09e715f,Maharashtra,Nagpur,Highway,7.32,44,1401,53.4,1,Resolved,65.7,2,11.2,Partial,75.0,44.6,1
ef9dc3f8,Karnataka,Mysuru,Urban Development,9.95,45,510,57.3,1,Resolved,57.6,4,18.0,Partial,57.8,5.0,1
c38bb489,Uttar Pradesh,Meerut,Urban Development,41.61,575,1091,36.2,1,Stay Order,55.8,3,34.9,Not Started,39.4,30.6,1
75813125,Odisha,Cuttack,Power Transmission,1.11,107,816,87.6,1,Under Hearing,36.2,3,60.7,Full,5.9,34.0,0
568f9525,Bihar,Gaya,Irrigation,9.21,74,1346,75.3,1,Filed,38.9,1,52.6,Full,68.0,30.8,1
0b86141b,Tamil Nadu,Chennai,Power Transmission,14.74,224,1193,81.8,2,Under Hearing,79.9,2,27.4,Full,84.6,43.5,1
e1ec5d0a,West Bengal,Siliguri,Highway,5.14,14,518,58.5,0,None,50.6,3,14.3,Full,82.6,33.3,0
28902662,Gujarat,Rajkot,Urban Development,39.83,249,1120,61.6,1,Filed,79.4,3,20.7,Full,43.5,25.1,0
8b5f78a1,Madhya Pradesh,Bhopal,Highway,4.65,44,356,64.8,0,None,70.3,3,65.8,Partial,60.9,43.3,0
fc2a1e9a,Uttar Pradesh,Kanpur,Highway,5.0,159,1476,70.3,0,None,60.4,3,24.8,Not Started,65.4,22.4,1
cf8d1277,Gujarat,Ahmedabad,Highway,14.2,41,656,43.5,0,None,41.3,4,42.1,Partial,90.9,55.8,1
dd9d747f,Odisha,Bhubaneswar,Industrial Corridor,50.75,13,764,54.4,3,Filed,5.0,6,62.7,Full,40.9,46.9,0
e484e98a,Gujarat,Rajkot,Industrial Corridor,28.39,23,100,83.6,1,Resolved,42.4,2,28.5,Full,7.7,33.9,1
99b80334,Bihar,Patna,Railway,19.98,45,437,85.7,0,None,16.1,2,62.6,Not Started,98.0,41.6,1
fafc7b94,Bihar,Bhagalpur,Highway,84.9,15,1200,54.7,1,Under Hearing,91.5,2,38.1,Partial,61.8,26.2,1
977753d3,Bihar,Gaya,Industrial Corridor,3.85,167,411,93.3,1,Under Hearing,83.8,2,8.8,Partial,59.8,35.1,1
f1be93f6,Madhya Pradesh,Indore,Industrial Corridor,7.54,153,912,65.0,1,Resolved,18.9,4,43.8,Partial,68.1,28.3,0
9b201039,Uttar Pradesh,Varanasi,Railway,9.88,82,79,20.7,0,None,80.2,2,24.8,Partial,56.5,68.0,0
74171c59,Karnataka,Mysuru,Irrigation,8.79,4,1166,27.8,0,None,50.5,2,13.3,Not Started,68.2,25.5,1
71bcc30d,Madhya Pradesh,Bhopal,Highway,2.86,519,114,95.0,0,None,76.5,5,18.6,Partial,77.2,19.4,1
dde14d7e,Odisha,Cuttack,Urban Development,13.41,54,421,38.9,1,Under Hearing,20.4,3,19.5,Partial,44.1,29.7,1
835f6e30,Rajasthan,Jodhpur,Highway,49.35,75,1289,28.5,0,None,54.4,2,20.3,Partial,45.9,39.9,1
cc38e234,Gujarat,Surat,Power Transmission,11.81,19,1112,17.9,1,Under Hearing,76.5,0,56.1,Partial,29.6,21.7,1
0babbf59,Rajasthan,Jodhpur,Highway,14.0,15,1443,51.1,0,None,72.6,3,15.3,Full,16.2,22.7,0
7a44d5d8,Uttar Pradesh,Meerut,Highway,9.67,105,841,41.5,2,Filed,41.5,3,36.2,Not Started,83.2,43.3,1
8232c1f4,Bihar,Muzaffarpur,Highway,19.86,26,242,29.5,1,Filed,61.7,2,26.2,Full,11.2,24.4,1
3e558e27,Bihar,Muzaffarpur,Irrigation,9.99,129,461,59.5,0,None,33.5,4,23.8,Partial,48.5,40.8,0
b6274fc9,Gujarat,Rajkot,Highway,36.43,41,343,77.2,0,None,33.5,1,65.6,Partial,90.4,59.5,0
f8fbcef4,Uttar Pradesh,Agra,Railway,9.4,69,1408,12.5,2,Filed,42.4,3,41.9,Not Started,83.9,50.1,0
ca8679a5,Rajasthan,Jodhpur,Railway,149.27,73,1404,54.0,2,Filed,16.3,1,4.9,Partial,10.4,19.8,1
0ab4556b,Uttar Pradesh,Agra,Urban Development,9.32,56,773,64.7,1,Resolved,17.3,2,9.7,Partial,29.3,29.6,0
21217f6b,Rajasthan,Udaipur,Highway,9.55,88,729,57.2,1,Filed,10.9,1,33.8,Partial,81.7,33.6,1
98b6f8b4,Tamil Nadu,Madurai,Railway,8.91,13,1042,78.0,1,Under Hearing,35.3,3,38.0,Partial,30.0,15.2,0
4b5761cd,Madhya Pradesh,Jabalpur,Highway,18.13,338,1131,52.8,0,None,53.1,2,4.2,Not Started,66.7,28.8,1
e12baeea,West Bengal,Siliguri,Urban Development,19.53,17,168,78.6,0,None,77.6,4,33.3,Partial,50.6,21.9,1
776e819e,Odisha,Bhubaneswar,Power Transmission,4.07,13,1302,70.9,1,Filed,36.9,2,12.0,Not Started,65.5,13.1,0
6d427609,West Bengal,Kolkata,Urban Development,20.08,33,709,76.4,1,Under Hearing,51.2,3,31.3,Partial,26.0,33.5,1
fc50c130,Karnataka,Belagavi,Highway,36.76,12,1375,95.3,0,None,48.0,1,37.8,Not Started,59.9,52.6,0
080b103a,Maharashtra,Nagpur,Power Transmission,4.23,46,1162,49.2,1,Filed,20.5,5,45.5,Full,88.5,40.1,1
9bc93abe,Gujarat,Surat,Industrial Corridor,61.17,140,1080,73.8,1,Under Hearing,78.8,1,32.6,Partial,75.2,39.0,0
5ca0900f,Uttar Pradesh,Meerut,Power Transmission,27.0,82,670,76.6,1,Resolved,38.2,4,15.9,Partial,93.8,33.4,1
37f11923,Tamil Nadu,Chennai,Urban Development,13.6,53,1404,45.8,0,None,43.9,3,10.3,Full,40.4,51.1,1
f3fd609a,Tamil Nadu,Salem,Urban Development,5.95,16,763,35.6,1,Stay Order,29.5,1,3.0,Partial,34.2,23.6,1
fb0b72ea,West Bengal,Howrah,Industrial Corridor,10.35,123,718,41.6,3,Under Hearing,31.9,4,12.7,Partial,38.6,25.1,1
a98d7687,Rajasthan,Jaipur,Irrigation,2.69,42,87,53.9,0,None,41.6,3,32.9,Full,80.2,15.9,1
773bb247,Madhya Pradesh,Indore,Industrial Corridor,17.65,16,128,80.9,1,Under Hearing,81.7,2,34.0,Partial,78.6,5.0,1
f8701297,Maharashtra,Nagpur,Railway,4.4,8,498,39.2,1,Under Hearing,68.4,0,30.4,Partial,72.1,41.4,0
0ceaae57,Gujarat,Vadodara,Railway,11.11,19,648,80.4,0,None,45.6,0,38.6,Not Started,39.0,39.0,0
a45b3b3d,Gujarat,Vadodara,Irrigation,2.84,117,415,59.4,0,None,48.5,2,50.5,Not Started,57.9,6.6,1
9acdb090,Karnataka,Bengaluru,Railway,5.19,25,1109,58.7,0,None,56.0,2,19.4,Partial,90.9,24.4,1
a81df2e7,Karnataka,Hubballi,Railway,3.28,85,207,34.1,1,Filed,45.8,1,33.6,Full,12.7,39.3,1
67423b28,Odisha,Rourkela,Industrial Corridor,5.49,27,1490,25.9,1,Under Hearing,76.4,1,18.6,Partial,82.8,39.8,0
b9f93668,Madhya Pradesh,Bhopal,Highway,7.2,159,148,61.7,1,Under Hearing,31.8,3,64.6,Partial,59.0,39.5,1
ffc85218,Odisha,Rourkela,Irrigation,4.78,58,969,93.6,1,Filed,83.8,2,65.5,Partial,51.6,23.1,0
ba8c1975,Tamil Nadu,Chennai,Highway,4.35,160,1128,37.2,0,None,57.5,1,63.8,Partial,57.0,43.6,1
7d7656d1,Uttar Pradesh,Lucknow,Power Transmission,31.13,41,508,53.1,1,Resolved,38.4,3,53.2,Not Started,92.3,52.6,1
8db93446,West Bengal,Howrah,Industrial Corridor,16.26,44,1096,24.0,0,None,16.4,4,44.7,Not Started,52.4,42.8,1
2e97f4cf,Odisha,Cuttack,Railway,8.83,68,786,31.4,2,Under Hearing,50.0,4,12.1,Partial,22.0,28.7,1
ca8f5f84,Bihar,Gaya,Power Transmission,19.76,37,969,69.4,0,None,94.7,1,4.7,Partial,33.1,35.7,0
64044787,Bihar,Patna,Power Transmission,3.11,257,246,55.2,0,None,34.7,2,9.6,Partial,68.5,27.4,1
aa11ac65,Odisha,Rourkela,Railway,5.36,56,125,47.6,0,None,56.3,4,47.3,Not Started,35.3,47.2,0
f5a86121,Uttar Pradesh,Varanasi,Railway,11.77,23,1443,57.8,3,Under Hearing,39.8,2,8.8,Full,82.6,38.6,1
ef2c434b,Madhya Pradesh,Gwalior,Urban Development,8.07,84,1250,60.6,0,None,57.1,6,41.1,Partial,88.8,43.9,1
b2c094a0,West Bengal,Siliguri,Urban Development,30.21,8,351,45.4,0,None,53.1,2,3.4,Partial,69.4,52.0,0
7b866a14,Karnataka,Belagavi,Railway,3.73,28,1438,69.7,0,None,5.9,2,41.4,Partial,45.6,44.8,0
bdd73f44,Odisha,Rourkela,Urban Development,11.68,93,171,32.2,0,None,70.3,1,1.3,Partial,17.3,29.9,0
f253822a,Madhya Pradesh,Gwalior,Power Transmission,5.4,109,1470,39.3,0,None,30.0,4,34.7,Partial,58.0,20.3,1
a8276f60,Tamil Nadu,Salem,Power Transmission,5.23,101,542,86.6,1,Stay Order,64.0,1,25.3,Not Started,59.0,28.5,0
ac5303b9,Rajasthan,Udaipur,Railway,8.05,14,736,56.8,0,None,31.7,5,21.2,Full,32.9,20.3,0
db2211e3,Gujarat,Rajkot,Irrigation,21.78,7,684,17.2,0,None,61.5,3,33.8,Not Started,64.3,34.1,1
e51b3954,Uttar Pradesh,Lucknow,Highway,19.44,27,606,22.5,0,None,31.8,0,47.0,Full,6.8,26.0,1
3b3dba86,Odisha,Rourkela,Highway,28.45,43,67,41.8,0,None,27.0,2,32.7,Partial,81.3,41.1,1
b841d381,Bihar,Bhagalpur,Highway,17.08,40,193,58.7,2,Under Hearing,46.5,1,7.2,Full,41.4,11.4,1
b7aacab6,West Bengal,Kolkata,Highway,36.1,124,871,42.7,1,Filed,24.7,3,10.1,Full,71.3,35.6,1
7236d0e7,Odisha,Cuttack,Irrigation,62.84,86,797,58.3,1,Under Hearing,56.3,3,45.7,Partial,31.0,30.3,1
0369ed2e,Maharashtra,Pune,Irrigation,3.46,391,63,77.7,0,None,40.9,1,32.0,Full,48.0,40.8,0
b345180e,Maharashtra,Thane,Power Transmission,17.16,90,636,32.1,0,None,84.3,1,67.8,Full,74.8,41.9,1
cc5d9be8,Rajasthan,Jodhpur,Highway,6.79,24,961,26.7,1,Under Hearing,77.6,2,31.9,Partial,97.8,55.3,1
7ccb0e67,Bihar,Muzaffarpur,Highway,31.3,212,316,76.1,0,None,90.1,4,25.8,Partial,72.6,25.5,1
3d0b7705,Rajasthan,Udaipur,Irrigation,110.52,189,1084,17.4,0,None,49.8,1,35.7,Partial,79.7,54.6,0
a134bc38,Maharashtra,Nagpur,Railway,78.89,67,608,22.4,0,None,54.9,2,41.3,Full,78.3,37.1,0
39544f0f,Odisha,Bhubaneswar,Irrigation,7.93,24,1428,53.4,1,Filed,25.7,6,28.7,Partial,59.0,17.8,0
4ce6befd,Odisha,Bhubaneswar,Power Transmission,9.1,135,462,42.9,2,Filed,26.4,1,6.4,Full,57.6,47.8,0
abadd7fc,Tamil Nadu,Chennai,Power Transmission,6.74,67,1309,61.9,0,None,12.0,3,4.0,Full,76.7,43.7,1
e818df71,Maharashtra,Pune,Industrial Corridor,14.33,120,1321,92.2,2,Under Hearing,71.9,2,59.9,Partial,45.5,47.3,0
a00ecdbb,Bihar,Gaya,Highway,6.36,67,327,72.4,1,Stay Order,76.2,3,45.0,Partial,32.3,28.8,1
0a1c35d7,Karnataka,Belagavi,Power Transmission,3.23,4,424,64.1,0,None,22.2,3,41.5,Not Started,15.3,40.5,0
4fa2aeab,Gujarat,Vadodara,Railway,9.07,21,1257,46.8,0,None,42.5,0,15.4,Not Started,74.2,39.6,1
45c752a6,Uttar Pradesh,Varanasi,Irrigation,34.82,38,1464,63.1,0,None,30.6,2,11.2,Partial,79.0,33.2,1
0b25beec,Karnataka,Hubballi,Highway,3.54,693,388,56.0,0,None,53.8,1,71.0,Partial,70.4,38.1,0
8f4d6c23,Karnataka,Bengaluru,Industrial Corridor,21.58,83,1430,39.7,0,None,43.4,4,103.0,Full,83.1,30.3,1
0efa716e,Gujarat,Vadodara,Industrial Corridor,1.37,34,1379,69.2,1,Under Hearing,37.0,3,37.1,Full,64.0,56.1,0
33ead4eb,Maharashtra,Pune,Highway,5.09,178,619,32.3,0,None,49.5,1,10.8,Partial,50.3,26.0,1
b3f3c78f,Maharashtra,Nagpur,Irrigation,17.7,21,332,62.8,1,Filed,63.7,2,26.0,Full,65.5,31.1,0
7e6294e6,Bihar,Bhagalpur,Railway,6.21,14,623,74.0,1,Under Hearing,34.7,2,36.8,Partial,76.2,32.7,0
74ed3215,Bihar,Patna,Urban Development,2.41,34,801,33.5,2,Under Hearing,69.1,3,20.7,Partial,62.7,5.0,1
101fce47,Madhya Pradesh,Gwalior,Power Transmission,1.11,68,998,49.1,1,Stay Order,73.6,3,16.2,Not Started,10.5,18.7,1
c01882fe,Bihar,Patna,Railway,12.06,42,1407,48.9,0,None,41.4,4,17.1,Not Started,10.7,47.3,1
77731798,Tamil Nadu,Coimbatore,Urban Development,8.28,237,1303,51.4,0,None,62.6,5,26.7,Not Started,60.3,5.0,0
e98a5851,Uttar Pradesh,Lucknow,Highway,5.89,86,35,46.2,0,None,45.3,0,10.6,Partial,56.0,47.6,1
ccb08fb3,Tamil Nadu,Coimbatore,Irrigation,9.12,55,190,48.9,2,Under Hearing,41.8,7,46.5,Not Started,70.1,60.6,1
d3e55e1b,Maharashtra,Nagpur,Industrial Corridor,6.68,59,99,80.2,1,Under Hearing,38.7,4,30.2,Not Started,32.2,26.5,1
9e605563,Madhya Pradesh,Gwalior,Highway,4.18,56,1375,90.0,1,Under Hearing,67.3,5,71.5,Not Started,71.5,35.4,1
140ac2ad,Karnataka,Mysuru,Railway,3.9,580,44,33.4,0,None,72.4,4,10.5,Partial,87.8,26.2,0
53e717db,Madhya Pradesh,Jabalpur,Irrigation,13.58,16,832,20.6,0,None,28.6,3,22.9,Full,95.6,50.2,1
f556d6d2,Uttar Pradesh,Meerut,Urban Development,22.5,98,481,58.0,0,None,61.5,0,75.6,Not Started,59.9,38.4,1
9d5026f1,Maharashtra,Aurangabad,Irrigation,9.54,350,491,38.6,0,None,18.5,3,36.5,Partial,60.7,47.2,1
e98748fd,Gujarat,Ahmedabad,Industrial Corridor,17.43,90,629,36.5,1,Under Hearing,60.4,0,5.0,Not Started,47.3,48.9,1
a40b6a67,Karnataka,Mysuru,Industrial Corridor,10.87,121,1446,67.9,1,Stay Order,57.1,3,33.3,Partial,17.8,28.5,1
c588b50a,Rajasthan,Jaipur,Urban Development,2.14,107,334,48.3,0,None,54.1,5,45.1,Partial,40.9,9.3,1
7240c216,Uttar Pradesh,Lucknow,Urban Development,19.93,9,347,53.3,0,None,38.1,4,10.5,Full,89.9,38.7,1
84c87334,Karnataka,Belagavi,Irrigation,3.8,50,173,70.6,3,Under Hearing,9.8,3,25.6,Full,50.4,42.1,0
ce763009,Karnataka,Mysuru,Irrigation,5.6,69,1208,46.5,0,None,34.8,2,8.1,Full,75.6,48.0,0
5ae96c45,West Bengal,Kolkata,Irrigation,45.23,9,940,5.7,2,Filed,42.9,3,34.4,Partial,86.9,47.3,1
217b2eb2,Bihar,Patna,Urban Development,4.9,30,873,5.6,0,None,26.9,5,5.9,Partial,88.8,40.8,1
47c26f79,Karnataka,Hubballi,Industrial Corridor,11.82,403,119,22.0,0,None,14.5,5,5.1,Full,73.5,22.9,0
cd9105e4,Madhya Pradesh,Indore,Highway,4.87,71,1361,51.3,0,None,21.3,3,12.9,Not Started,34.4,29.3,1
04c10537,Uttar Pradesh,Meerut,Irrigation,6.92,26,64,18.2,0,None,56.2,1,37.6,Not Started,47.0,43.9,1
afd7aeca,Madhya Pradesh,Bhopal,Industrial Corridor,4.92,8,1090,62.3,0,None,69.2,2,13.4,Not Started,61.4,46.8,1
